year_month,age,male,female,total,source_url
202101,0,623,572,1195,https://www.city.urasoe.lg.jp/doc/6656ccbe699259328fa9f972/file_contents/202101nenrei-zentai.pdf
202101,25,638,600,1238,https://www.city.urasoe.lg.jp/doc/6656ccbe699259328fa9f972/file_contents/202101nenrei-zentai.pdf
202101,50,803,880,1683,https://www.city.urasoe.lg.jp/doc/6656ccbe699259328fa9f972/file_contents/202101nenrei-zentai.pdf
202101,75,234,263,497,https://www.city.urasoe.lg.jp/doc/6656ccbe699259328fa9f972/file_contents/202101nenrei-zentai.pdf
202101,1,635,564,1199,https://www.city.urasoe.lg.jp/doc/6656ccbe699259328fa9f972/file_contents/202101nenrei-zentai.pdf
202101,26,661,593,1254,https://www.city.urasoe.lg.jp/doc/6656ccbe699259328fa9f972/file_contents/202101nenrei-zentai.pdf
202101,51,827,793,1620,https://www.city.urasoe.lg.jp/doc/6656ccbe699259328fa9f972/file_contents/202101nenrei-zentai.pdf
202101,76,336,421,757,https://www.city.urasoe.lg.jp/doc/6656ccbe699259328fa9f972/file_contents/202101nenrei-zentai.pdf
202101,2,599,571,1170,https://www.city.urasoe.lg.jp/doc/6656ccbe699259328fa9f972/file_contents/202101nenrei-zentai.pdf
202101,27,623,663,1286,https://www.city.urasoe.lg.jp/doc/6656ccbe699259328fa9f972/file_contents/202101nenrei-zentai.pdf
202101,52,842,886,1728,https://www.city.urasoe.lg.jp/doc/6656ccbe699259328fa9f972/file_contents/202101nenrei-zentai.pdf
202101,77,377,442,819,https://www.city.urasoe.lg.jp/doc/6656ccbe699259328fa9f972/file_contents/202101nenrei-zentai.pdf
202101,3,656,616,1272,https://www.city.urasoe.lg.jp/doc/6656ccbe699259328fa9f972/file_contents/202101nenrei-zentai.pdf
202101,28,608,622,1230,https://www.city.urasoe.lg.jp/doc/6656ccbe699259328fa9f972/file_contents/202101nenrei-zentai.pdf
202101,53,807,871,1678,https://www.city.urasoe.lg.jp/doc/6656ccbe699259328fa9f972/file_contents/202101nenrei-zentai.pdf
202101,78,347,427,774,https://www.city.urasoe.lg.jp/doc/6656ccbe699259328fa9f972/file_contents/202101nenrei-zentai.pdf
202101,4,625,640,1265,https://www.city.urasoe.lg.jp/doc/6656ccbe699259328fa9f972/file_contents/202101nenrei-zentai.pdf
202101,29,672,666,1338,https://www.city.urasoe.lg.jp/doc/6656ccbe699259328fa9f972/file_contents/202101nenrei-zentai.pdf
202101,54,672,689,1361,https://www.city.urasoe.lg.jp/doc/6656ccbe699259328fa9f972/file_contents/202101nenrei-zentai.pdf
202101,79,377,497,874,https://www.city.urasoe.lg.jp/doc/6656ccbe699259328fa9f972/file_contents/202101nenrei-zentai.pdf
202101,5,668,659,1327,https://www.city.urasoe.lg.jp/doc/6656ccbe699259328fa9f972/file_contents/202101nenrei-zentai.pdf
202101,30,648,662,1310,https://www.city.urasoe.lg.jp/doc/6656ccbe699259328fa9f972/file_contents/202101nenrei-zentai.pdf
202101,55,656,712,1368,https://www.city.urasoe.lg.jp/doc/6656ccbe699259328fa9f972/file_contents/202101nenrei-zentai.pdf
202101,80,355,459,814,https://www.city.urasoe.lg.jp/doc/6656ccbe699259328fa9f972/file_contents/202101nenrei-zentai.pdf
202101,6,633,619,1252,https://www.city.urasoe.lg.jp/doc/6656ccbe699259328fa9f972/file_contents/202101nenrei-zentai.pdf
202101,31,661,667,1328,https://www.city.urasoe.lg.jp/doc/6656ccbe699259328fa9f972/file_contents/202101nenrei-zentai.pdf
202101,56,686,721,1407,https://www.city.urasoe.lg.jp/doc/6656ccbe699259328fa9f972/file_contents/202101nenrei-zentai.pdf
202101,81,328,411,739,https://www.city.urasoe.lg.jp/doc/6656ccbe699259328fa9f972/file_contents/202101nenrei-zentai.pdf
202101,7,671,628,1299,https://www.city.urasoe.lg.jp/doc/6656ccbe699259328fa9f972/file_contents/202101nenrei-zentai.pdf
202101,32,663,722,1385,https://www.city.urasoe.lg.jp/doc/6656ccbe699259328fa9f972/file_contents/202101nenrei-zentai.pdf
202101,57,669,781,1450,https://www.city.urasoe.lg.jp/doc/6656ccbe699259328fa9f972/file_contents/202101nenrei-zentai.pdf
202101,82,318,375,693,https://www.city.urasoe.lg.jp/doc/6656ccbe699259328fa9f972/file_contents/202101nenrei-zentai.pdf
202101,8,686,691,1377,https://www.city.urasoe.lg.jp/doc/6656ccbe699259328fa9f972/file_contents/202101nenrei-zentai.pdf
202101,33,715,655,1370,https://www.city.urasoe.lg.jp/doc/6656ccbe699259328fa9f972/file_contents/202101nenrei-zentai.pdf
202101,58,638,727,1365,https://www.city.urasoe.lg.jp/doc/6656ccbe699259328fa9f972/file_contents/202101nenrei-zentai.pdf
202101,83,267,385,652,https://www.city.urasoe.lg.jp/doc/6656ccbe699259328fa9f972/file_contents/202101nenrei-zentai.pdf
202101,9,710,693,1403,https://www.city.urasoe.lg.jp/doc/6656ccbe699259328fa9f972/file_contents/202101nenrei-zentai.pdf
202101,34,762,756,1518,https://www.city.urasoe.lg.jp/doc/6656ccbe699259328fa9f972/file_contents/202101nenrei-zentai.pdf
202101,59,698,733,1431,https://www.city.urasoe.lg.jp/doc/6656ccbe699259328fa9f972/file_contents/202101nenrei-zentai.pdf
202101,84,249,386,635,https://www.city.urasoe.lg.jp/doc/6656ccbe699259328fa9f972/file_contents/202101nenrei-zentai.pdf
202101,10,658,681,1339,https://www.city.urasoe.lg.jp/doc/6656ccbe699259328fa9f972/file_contents/202101nenrei-zentai.pdf
202101,35,739,766,1505,https://www.city.urasoe.lg.jp/doc/6656ccbe699259328fa9f972/file_contents/202101nenrei-zentai.pdf
202101,60,685,677,1362,https://www.city.urasoe.lg.jp/doc/6656ccbe699259328fa9f972/file_contents/202101nenrei-zentai.pdf
202101,85,221,349,570,https://www.city.urasoe.lg.jp/doc/6656ccbe699259328fa9f972/file_contents/202101nenrei-zentai.pdf
202101,11,731,631,1362,https://www.city.urasoe.lg.jp/doc/6656ccbe699259328fa9f972/file_contents/202101nenrei-zentai.pdf
202101,36,740,812,1552,https://www.city.urasoe.lg.jp/doc/6656ccbe699259328fa9f972/file_contents/202101nenrei-zentai.pdf
202101,61,663,687,1350,https://www.city.urasoe.lg.jp/doc/6656ccbe699259328fa9f972/file_contents/202101nenrei-zentai.pdf
202101,86,193,341,534,https://www.city.urasoe.lg.jp/doc/6656ccbe699259328fa9f972/file_contents/202101nenrei-zentai.pdf
202101,12,701,713,1414,https://www.city.urasoe.lg.jp/doc/6656ccbe699259328fa9f972/file_contents/202101nenrei-zentai.pdf
202101,37,727,755,1482,https://www.city.urasoe.lg.jp/doc/6656ccbe699259328fa9f972/file_contents/202101nenrei-zentai.pdf
202101,62,676,663,1339,https://www.city.urasoe.lg.jp/doc/6656ccbe699259328fa9f972/file_contents/202101nenrei-zentai.pdf
202101,87,153,268,421,https://www.city.urasoe.lg.jp/doc/6656ccbe699259328fa9f972/file_contents/202101nenrei-zentai.pdf
202101,13,714,676,1390,https://www.city.urasoe.lg.jp/doc/6656ccbe699259328fa9f972/file_contents/202101nenrei-zentai.pdf
202101,38,706,723,1429,https://www.city.urasoe.lg.jp/doc/6656ccbe699259328fa9f972/file_contents/202101nenrei-zentai.pdf
202101,63,608,607,1215,https://www.city.urasoe.lg.jp/doc/6656ccbe699259328fa9f972/file_contents/202101nenrei-zentai.pdf
202101,88,137,250,387,https://www.city.urasoe.lg.jp/doc/6656ccbe699259328fa9f972/file_contents/202101nenrei-zentai.pdf
202101,14,752,715,1467,https://www.city.urasoe.lg.jp/doc/6656ccbe699259328fa9f972/file_contents/202101nenrei-zentai.pdf
202101,39,688,770,1458,https://www.city.urasoe.lg.jp/doc/6656ccbe699259328fa9f972/file_contents/202101nenrei-zentai.pdf
202101,64,596,644,1240,https://www.city.urasoe.lg.jp/doc/6656ccbe699259328fa9f972/file_contents/202101nenrei-zentai.pdf
202101,89,91,198,289,https://www.city.urasoe.lg.jp/doc/6656ccbe699259328fa9f972/file_contents/202101nenrei-zentai.pdf
202101,15,670,619,1289,https://www.city.urasoe.lg.jp/doc/6656ccbe699259328fa9f972/file_contents/202101nenrei-zentai.pdf
202101,40,754,780,1534,https://www.city.urasoe.lg.jp/doc/6656ccbe699259328fa9f972/file_contents/202101nenrei-zentai.pdf
202101,65,617,643,1260,https://www.city.urasoe.lg.jp/doc/6656ccbe699259328fa9f972/file_contents/202101nenrei-zentai.pdf
202101,90,91,170,261,https://www.city.urasoe.lg.jp/doc/6656ccbe699259328fa9f972/file_contents/202101nenrei-zentai.pdf
202101,16,713,654,1367,https://www.city.urasoe.lg.jp/doc/6656ccbe699259328fa9f972/file_contents/202101nenrei-zentai.pdf
202101,41,749,774,1523,https://www.city.urasoe.lg.jp/doc/6656ccbe699259328fa9f972/file_contents/202101nenrei-zentai.pdf
202101,66,606,702,1308,https://www.city.urasoe.lg.jp/doc/6656ccbe699259328fa9f972/file_contents/202101nenrei-zentai.pdf
202101,91,54,161,215,https://www.city.urasoe.lg.jp/doc/6656ccbe699259328fa9f972/file_contents/202101nenrei-zentai.pdf
202101,17,727,690,1417,https://www.city.urasoe.lg.jp/doc/6656ccbe699259328fa9f972/file_contents/202101nenrei-zentai.pdf
202101,42,818,790,1608,https://www.city.urasoe.lg.jp/doc/6656ccbe699259328fa9f972/file_contents/202101nenrei-zentai.pdf
202101,67,636,700,1336,https://www.city.urasoe.lg.jp/doc/6656ccbe699259328fa9f972/file_contents/202101nenrei-zentai.pdf
202101,92,58,139,197,https://www.city.urasoe.lg.jp/doc/6656ccbe699259328fa9f972/file_contents/202101nenrei-zentai.pdf
202101,18,730,675,1405,https://www.city.urasoe.lg.jp/doc/6656ccbe699259328fa9f972/file_contents/202101nenrei-zentai.pdf
202101,43,790,812,1602,https://www.city.urasoe.lg.jp/doc/6656ccbe699259328fa9f972/file_contents/202101nenrei-zentai.pdf
202101,68,671,730,1401,https://www.city.urasoe.lg.jp/doc/6656ccbe699259328fa9f972/file_contents/202101nenrei-zentai.pdf
202101,93,32,115,147,https://www.city.urasoe.lg.jp/doc/6656ccbe699259328fa9f972/file_contents/202101nenrei-zentai.pdf
202101,19,667,667,1334,https://www.city.urasoe.lg.jp/doc/6656ccbe699259328fa9f972/file_contents/202101nenrei-zentai.pdf
202101,44,810,879,1689,https://www.city.urasoe.lg.jp/doc/6656ccbe699259328fa9f972/file_contents/202101nenrei-zentai.pdf
202101,69,641,783,1424,https://www.city.urasoe.lg.jp/doc/6656ccbe699259328fa9f972/file_contents/202101nenrei-zentai.pdf
202101,94,23,85,108,https://www.city.urasoe.lg.jp/doc/6656ccbe699259328fa9f972/file_contents/202101nenrei-zentai.pdf
202101,20,624,646,1270,https://www.city.urasoe.lg.jp/doc/6656ccbe699259328fa9f972/file_contents/202101nenrei-zentai.pdf
202101,45,884,868,1752,https://www.city.urasoe.lg.jp/doc/6656ccbe699259328fa9f972/file_contents/202101nenrei-zentai.pdf
202101,70,672,700,1372,https://www.city.urasoe.lg.jp/doc/6656ccbe699259328fa9f972/file_contents/202101nenrei-zentai.pdf
202101,95,9,84,93,https://www.city.urasoe.lg.jp/doc/6656ccbe699259328fa9f972/file_contents/202101nenrei-zentai.pdf
202101,21,683,642,1325,https://www.city.urasoe.lg.jp/doc/6656ccbe699259328fa9f972/file_contents/202101nenrei-zentai.pdf
202101,46,935,957,1892,https://www.city.urasoe.lg.jp/doc/6656ccbe699259328fa9f972/file_contents/202101nenrei-zentai.pdf
202101,71,609,645,1254,https://www.city.urasoe.lg.jp/doc/6656ccbe699259328fa9f972/file_contents/202101nenrei-zentai.pdf
202101,96,15,48,63,https://www.city.urasoe.lg.jp/doc/6656ccbe699259328fa9f972/file_contents/202101nenrei-zentai.pdf
202101,22,657,628,1285,https://www.city.urasoe.lg.jp/doc/6656ccbe699259328fa9f972/file_contents/202101nenrei-zentai.pdf
202101,47,910,1002,1912,https://www.city.urasoe.lg.jp/doc/6656ccbe699259328fa9f972/file_contents/202101nenrei-zentai.pdf
202101,72,620,656,1276,https://www.city.urasoe.lg.jp/doc/6656ccbe699259328fa9f972/file_contents/202101nenrei-zentai.pdf
202101,97,14,38,52,https://www.city.urasoe.lg.jp/doc/6656ccbe699259328fa9f972/file_contents/202101nenrei-zentai.pdf
202101,23,614,632,1246,https://www.city.urasoe.lg.jp/doc/6656ccbe699259328fa9f972/file_contents/202101nenrei-zentai.pdf
202101,48,911,896,1807,https://www.city.urasoe.lg.jp/doc/6656ccbe699259328fa9f972/file_contents/202101nenrei-zentai.pdf
202101,73,609,654,1263,https://www.city.urasoe.lg.jp/doc/6656ccbe699259328fa9f972/file_contents/202101nenrei-zentai.pdf
202101,98,5,41,46,https://www.city.urasoe.lg.jp/doc/6656ccbe699259328fa9f972/file_contents/202101nenrei-zentai.pdf
202101,24,659,608,1267,https://www.city.urasoe.lg.jp/doc/6656ccbe699259328fa9f972/file_contents/202101nenrei-zentai.pdf
202101,49,854,905,1759,https://www.city.urasoe.lg.jp/doc/6656ccbe699259328fa9f972/file_contents/202101nenrei-zentai.pdf
202101,74,297,335,632,https://www.city.urasoe.lg.jp/doc/6656ccbe699259328fa9f972/file_contents/202101nenrei-zentai.pdf
202101,99,4,25,29,https://www.city.urasoe.lg.jp/doc/6656ccbe699259328fa9f972/file_contents/202101nenrei-zentai.pdf
202101,100,2,22,24,https://www.city.urasoe.lg.jp/doc/6656ccbe699259328fa9f972/file_contents/202101nenrei-zentai.pdf
202101,101,3,13,16,https://www.city.urasoe.lg.jp/doc/6656ccbe699259328fa9f972/file_contents/202101nenrei-zentai.pdf
202102,0,634,576,1210,https://www.city.urasoe.lg.jp/doc/6656ccbe699259328fa9f972/file_contents/202102nenrei-zentai.pdf
202102,25,640,626,1266,https://www.city.urasoe.lg.jp/doc/6656ccbe699259328fa9f972/file_contents/202102nenrei-zentai.pdf
202102,50,822,883,1705,https://www.city.urasoe.lg.jp/doc/6656ccbe699259328fa9f972/file_contents/202102nenrei-zentai.pdf
202102,75,232,257,489,https://www.city.urasoe.lg.jp/doc/6656ccbe699259328fa9f972/file_contents/202102nenrei-zentai.pdf
202102,1,628,562,1190,https://www.city.urasoe.lg.jp/doc/6656ccbe699259328fa9f972/file_contents/202102nenrei-zentai.pdf
202102,26,664,597,1261,https://www.city.urasoe.lg.jp/doc/6656ccbe699259328fa9f972/file_contents/202102nenrei-zentai.pdf
202102,51,821,790,1611,https://www.city.urasoe.lg.jp/doc/6656ccbe699259328fa9f972/file_contents/202102nenrei-zentai.pdf
202102,76,310,408,718,https://www.city.urasoe.lg.jp/doc/6656ccbe699259328fa9f972/file_contents/202102nenrei-zentai.pdf
202102,2,595,585,1180,https://www.city.urasoe.lg.jp/doc/6656ccbe699259328fa9f972/file_contents/202102nenrei-zentai.pdf
202102,27,620,641,1261,https://www.city.urasoe.lg.jp/doc/6656ccbe699259328fa9f972/file_contents/202102nenrei-zentai.pdf
202102,52,847,891,1738,https://www.city.urasoe.lg.jp/doc/6656ccbe699259328fa9f972/file_contents/202102nenrei-zentai.pdf
202102,77,388,443,831,https://www.city.urasoe.lg.jp/doc/6656ccbe699259328fa9f972/file_contents/202102nenrei-zentai.pdf
202102,3,647,609,1256,https://www.city.urasoe.lg.jp/doc/6656ccbe699259328fa9f972/file_contents/202102nenrei-zentai.pdf
202102,28,614,643,1257,https://www.city.urasoe.lg.jp/doc/6656ccbe699259328fa9f972/file_contents/202102nenrei-zentai.pdf
202102,53,809,864,1673,https://www.city.urasoe.lg.jp/doc/6656ccbe699259328fa9f972/file_contents/202102nenrei-zentai.pdf
202102,78,342,436,778,https://www.city.urasoe.lg.jp/doc/6656ccbe699259328fa9f972/file_contents/202102nenrei-zentai.pdf
202102,4,640,643,1283,https://www.city.urasoe.lg.jp/doc/6656ccbe699259328fa9f972/file_contents/202102nenrei-zentai.pdf
202102,29,667,664,1331,https://www.city.urasoe.lg.jp/doc/6656ccbe699259328fa9f972/file_contents/202102nenrei-zentai.pdf
202102,54,669,707,1376,https://www.city.urasoe.lg.jp/doc/6656ccbe699259328fa9f972/file_contents/202102nenrei-zentai.pdf
202102,79,364,489,853,https://www.city.urasoe.lg.jp/doc/6656ccbe699259328fa9f972/file_contents/202102nenrei-zentai.pdf
202102,5,663,650,1313,https://www.city.urasoe.lg.jp/doc/6656ccbe699259328fa9f972/file_contents/202102nenrei-zentai.pdf
202102,30,658,668,1326,https://www.city.urasoe.lg.jp/doc/6656ccbe699259328fa9f972/file_contents/202102nenrei-zentai.pdf
202102,55,675,714,1389,https://www.city.urasoe.lg.jp/doc/6656ccbe699259328fa9f972/file_contents/202102nenrei-zentai.pdf
202102,80,372,455,827,https://www.city.urasoe.lg.jp/doc/6656ccbe699259328fa9f972/file_contents/202102nenrei-zentai.pdf
202102,6,632,635,1267,https://www.city.urasoe.lg.jp/doc/6656ccbe699259328fa9f972/file_contents/202102nenrei-zentai.pdf
202102,31,664,664,1328,https://www.city.urasoe.lg.jp/doc/6656ccbe699259328fa9f972/file_contents/202102nenrei-zentai.pdf
202102,56,668,708,1376,https://www.city.urasoe.lg.jp/doc/6656ccbe699259328fa9f972/file_contents/202102nenrei-zentai.pdf
202102,81,322,425,747,https://www.city.urasoe.lg.jp/doc/6656ccbe699259328fa9f972/file_contents/202102nenrei-zentai.pdf
202102,7,683,618,1301,https://www.city.urasoe.lg.jp/doc/6656ccbe699259328fa9f972/file_contents/202102nenrei-zentai.pdf
202102,32,653,717,1370,https://www.city.urasoe.lg.jp/doc/6656ccbe699259328fa9f972/file_contents/202102nenrei-zentai.pdf
202102,57,680,775,1455,https://www.city.urasoe.lg.jp/doc/6656ccbe699259328fa9f972/file_contents/202102nenrei-zentai.pdf
202102,82,315,360,675,https://www.city.urasoe.lg.jp/doc/6656ccbe699259328fa9f972/file_contents/202102nenrei-zentai.pdf
202102,8,668,679,1347,https://www.city.urasoe.lg.jp/doc/6656ccbe699259328fa9f972/file_contents/202102nenrei-zentai.pdf
202102,33,710,662,1372,https://www.city.urasoe.lg.jp/doc/6656ccbe699259328fa9f972/file_contents/202102nenrei-zentai.pdf
202102,58,631,746,1377,https://www.city.urasoe.lg.jp/doc/6656ccbe699259328fa9f972/file_contents/202102nenrei-zentai.pdf
202102,83,280,386,666,https://www.city.urasoe.lg.jp/doc/6656ccbe699259328fa9f972/file_contents/202102nenrei-zentai.pdf
202102,9,705,698,1403,https://www.city.urasoe.lg.jp/doc/6656ccbe699259328fa9f972/file_contents/202102nenrei-zentai.pdf
202102,34,764,758,1522,https://www.city.urasoe.lg.jp/doc/6656ccbe699259328fa9f972/file_contents/202102nenrei-zentai.pdf
202102,59,698,728,1426,https://www.city.urasoe.lg.jp/doc/6656ccbe699259328fa9f972/file_contents/202102nenrei-zentai.pdf
202102,84,241,382,623,https://www.city.urasoe.lg.jp/doc/6656ccbe699259328fa9f972/file_contents/202102nenrei-zentai.pdf
202102,10,668,688,1356,https://www.city.urasoe.lg.jp/doc/6656ccbe699259328fa9f972/file_contents/202102nenrei-zentai.pdf
202102,35,739,744,1483,https://www.city.urasoe.lg.jp/doc/6656ccbe699259328fa9f972/file_contents/202102nenrei-zentai.pdf
202102,60,686,680,1366,https://www.city.urasoe.lg.jp/doc/6656ccbe699259328fa9f972/file_contents/202102nenrei-zentai.pdf
202102,85,228,344,572,https://www.city.urasoe.lg.jp/doc/6656ccbe699259328fa9f972/file_contents/202102nenrei-zentai.pdf
202102,11,737,636,1373,https://www.city.urasoe.lg.jp/doc/6656ccbe699259328fa9f972/file_contents/202102nenrei-zentai.pdf
202102,36,731,829,1560,https://www.city.urasoe.lg.jp/doc/6656ccbe699259328fa9f972/file_contents/202102nenrei-zentai.pdf
202102,61,673,691,1364,https://www.city.urasoe.lg.jp/doc/6656ccbe699259328fa9f972/file_contents/202102nenrei-zentai.pdf
202102,86,194,345,539,https://www.city.urasoe.lg.jp/doc/6656ccbe699259328fa9f972/file_contents/202102nenrei-zentai.pdf
202102,12,704,692,1396,https://www.city.urasoe.lg.jp/doc/6656ccbe699259328fa9f972/file_contents/202102nenrei-zentai.pdf
202102,37,746,759,1505,https://www.city.urasoe.lg.jp/doc/6656ccbe699259328fa9f972/file_contents/202102nenrei-zentai.pdf
202102,62,681,674,1355,https://www.city.urasoe.lg.jp/doc/6656ccbe699259328fa9f972/file_contents/202102nenrei-zentai.pdf
202102,87,143,274,417,https://www.city.urasoe.lg.jp/doc/6656ccbe699259328fa9f972/file_contents/202102nenrei-zentai.pdf
202102,13,703,695,1398,https://www.city.urasoe.lg.jp/doc/6656ccbe699259328fa9f972/file_contents/202102nenrei-zentai.pdf
202102,38,708,722,1430,https://www.city.urasoe.lg.jp/doc/6656ccbe699259328fa9f972/file_contents/202102nenrei-zentai.pdf
202102,63,587,592,1179,https://www.city.urasoe.lg.jp/doc/6656ccbe699259328fa9f972/file_contents/202102nenrei-zentai.pdf
202102,88,144,247,391,https://www.city.urasoe.lg.jp/doc/6656ccbe699259328fa9f972/file_contents/202102nenrei-zentai.pdf
202102,14,752,714,1466,https://www.city.urasoe.lg.jp/doc/6656ccbe699259328fa9f972/file_contents/202102nenrei-zentai.pdf
202102,39,674,772,1446,https://www.city.urasoe.lg.jp/doc/6656ccbe699259328fa9f972/file_contents/202102nenrei-zentai.pdf
202102,64,620,648,1268,https://www.city.urasoe.lg.jp/doc/6656ccbe699259328fa9f972/file_contents/202102nenrei-zentai.pdf
202102,89,96,204,300,https://www.city.urasoe.lg.jp/doc/6656ccbe699259328fa9f972/file_contents/202102nenrei-zentai.pdf
202102,15,680,624,1304,https://www.city.urasoe.lg.jp/doc/6656ccbe699259328fa9f972/file_contents/202102nenrei-zentai.pdf
202102,40,762,779,1541,https://www.city.urasoe.lg.jp/doc/6656ccbe699259328fa9f972/file_contents/202102nenrei-zentai.pdf
202102,65,591,629,1220,https://www.city.urasoe.lg.jp/doc/6656ccbe699259328fa9f972/file_contents/202102nenrei-zentai.pdf
202102,90,86,175,261,https://www.city.urasoe.lg.jp/doc/6656ccbe699259328fa9f972/file_contents/202102nenrei-zentai.pdf
202102,16,706,637,1343,https://www.city.urasoe.lg.jp/doc/6656ccbe699259328fa9f972/file_contents/202102nenrei-zentai.pdf
202102,41,754,766,1520,https://www.city.urasoe.lg.jp/doc/6656ccbe699259328fa9f972/file_contents/202102nenrei-zentai.pdf
202102,66,624,707,1331,https://www.city.urasoe.lg.jp/doc/6656ccbe699259328fa9f972/file_contents/202102nenrei-zentai.pdf
202102,91,60,161,221,https://www.city.urasoe.lg.jp/doc/6656ccbe699259328fa9f972/file_contents/202102nenrei-zentai.pdf
202102,17,727,680,1407,https://www.city.urasoe.lg.jp/doc/6656ccbe699259328fa9f972/file_contents/202102nenrei-zentai.pdf
202102,42,802,795,1597,https://www.city.urasoe.lg.jp/doc/6656ccbe699259328fa9f972/file_contents/202102nenrei-zentai.pdf
202102,67,620,708,1328,https://www.city.urasoe.lg.jp/doc/6656ccbe699259328fa9f972/file_contents/202102nenrei-zentai.pdf
202102,92,51,134,185,https://www.city.urasoe.lg.jp/doc/6656ccbe699259328fa9f972/file_contents/202102nenrei-zentai.pdf
202102,18,741,701,1442,https://www.city.urasoe.lg.jp/doc/6656ccbe699259328fa9f972/file_contents/202102nenrei-zentai.pdf
202102,43,792,797,1589,https://www.city.urasoe.lg.jp/doc/6656ccbe699259328fa9f972/file_contents/202102nenrei-zentai.pdf
202102,68,673,723,1396,https://www.city.urasoe.lg.jp/doc/6656ccbe699259328fa9f972/file_contents/202102nenrei-zentai.pdf
202102,93,37,115,152,https://www.city.urasoe.lg.jp/doc/6656ccbe699259328fa9f972/file_contents/202102nenrei-zentai.pdf
202102,19,662,654,1316,https://www.city.urasoe.lg.jp/doc/6656ccbe699259328fa9f972/file_contents/202102nenrei-zentai.pdf
202102,44,803,874,1677,https://www.city.urasoe.lg.jp/doc/6656ccbe699259328fa9f972/file_contents/202102nenrei-zentai.pdf
202102,69,656,773,1429,https://www.city.urasoe.lg.jp/doc/6656ccbe699259328fa9f972/file_contents/202102nenrei-zentai.pdf
202102,94,23,88,111,https://www.city.urasoe.lg.jp/doc/6656ccbe699259328fa9f972/file_contents/202102nenrei-zentai.pdf
202102,20,643,641,1284,https://www.city.urasoe.lg.jp/doc/6656ccbe699259328fa9f972/file_contents/202102nenrei-zentai.pdf
202102,45,874,877,1751,https://www.city.urasoe.lg.jp/doc/6656ccbe699259328fa9f972/file_contents/202102nenrei-zentai.pdf
202102,70,665,724,1389,https://www.city.urasoe.lg.jp/doc/6656ccbe699259328fa9f972/file_contents/202102nenrei-zentai.pdf
202102,95,10,80,90,https://www.city.urasoe.lg.jp/doc/6656ccbe699259328fa9f972/file_contents/202102nenrei-zentai.pdf
202102,21,665,640,1305,https://www.city.urasoe.lg.jp/doc/6656ccbe699259328fa9f972/file_contents/202102nenrei-zentai.pdf
202102,46,932,969,1901,https://www.city.urasoe.lg.jp/doc/6656ccbe699259328fa9f972/file_contents/202102nenrei-zentai.pdf
202102,71,610,635,1245,https://www.city.urasoe.lg.jp/doc/6656ccbe699259328fa9f972/file_contents/202102nenrei-zentai.pdf
202102,96,11,52,63,https://www.city.urasoe.lg.jp/doc/6656ccbe699259328fa9f972/file_contents/202102nenrei-zentai.pdf
202102,22,673,622,1295,https://www.city.urasoe.lg.jp/doc/6656ccbe699259328fa9f972/file_contents/202102nenrei-zentai.pdf
202102,47,934,1006,1940,https://www.city.urasoe.lg.jp/doc/6656ccbe699259328fa9f972/file_contents/202102nenrei-zentai.pdf
202102,72,609,660,1269,https://www.city.urasoe.lg.jp/doc/6656ccbe699259328fa9f972/file_contents/202102nenrei-zentai.pdf
202102,97,16,37,53,https://www.city.urasoe.lg.jp/doc/6656ccbe699259328fa9f972/file_contents/202102nenrei-zentai.pdf
202102,23,630,643,1273,https://www.city.urasoe.lg.jp/doc/6656ccbe699259328fa9f972/file_contents/202102nenrei-zentai.pdf
202102,48,894,906,1800,https://www.city.urasoe.lg.jp/doc/6656ccbe699259328fa9f972/file_contents/202102nenrei-zentai.pdf
202102,73,621,656,1277,https://www.city.urasoe.lg.jp/doc/6656ccbe699259328fa9f972/file_contents/202102nenrei-zentai.pdf
202102,98,6,39,45,https://www.city.urasoe.lg.jp/doc/6656ccbe699259328fa9f972/file_contents/202102nenrei-zentai.pdf
202102,24,646,603,1249,https://www.city.urasoe.lg.jp/doc/6656ccbe699259328fa9f972/file_contents/202102nenrei-zentai.pdf
202102,49,854,895,1749,https://www.city.urasoe.lg.jp/doc/6656ccbe699259328fa9f972/file_contents/202102nenrei-zentai.pdf
202102,74,320,361,681,https://www.city.urasoe.lg.jp/doc/6656ccbe699259328fa9f972/file_contents/202102nenrei-zentai.pdf
202102,99,4,26,30,https://www.city.urasoe.lg.jp/doc/6656ccbe699259328fa9f972/file_contents/202102nenrei-zentai.pdf
202102,100,1,20,21,https://www.city.urasoe.lg.jp/doc/6656ccbe699259328fa9f972/file_contents/202102nenrei-zentai.pdf
202102,101,3,14,17,https://www.city.urasoe.lg.jp/doc/6656ccbe699259328fa9f972/file_contents/202102nenrei-zentai.pdf
202103,0,629,585,1214,https://www.city.urasoe.lg.jp/doc/6656ccbe699259328fa9f972/file_contents/202103nenrei-zentai.pdf
202103,25,630,616,1246,https://www.city.urasoe.lg.jp/doc/6656ccbe699259328fa9f972/file_contents/202103nenrei-zentai.pdf
202103,50,805,892,1697,https://www.city.urasoe.lg.jp/doc/6656ccbe699259328fa9f972/file_contents/202103nenrei-zentai.pdf
202103,75,224,257,481,https://www.city.urasoe.lg.jp/doc/6656ccbe699259328fa9f972/file_contents/202103nenrei-zentai.pdf
202103,1,621,566,1187,https://www.city.urasoe.lg.jp/doc/6656ccbe699259328fa9f972/file_contents/202103nenrei-zentai.pdf
202103,26,661,600,1261,https://www.city.urasoe.lg.jp/doc/6656ccbe699259328fa9f972/file_contents/202103nenrei-zentai.pdf
202103,51,819,793,1612,https://www.city.urasoe.lg.jp/doc/6656ccbe699259328fa9f972/file_contents/202103nenrei-zentai.pdf
202103,76,294,376,670,https://www.city.urasoe.lg.jp/doc/6656ccbe699259328fa9f972/file_contents/202103nenrei-zentai.pdf
202103,2,588,582,1170,https://www.city.urasoe.lg.jp/doc/6656ccbe699259328fa9f972/file_contents/202103nenrei-zentai.pdf
202103,27,610,639,1249,https://www.city.urasoe.lg.jp/doc/6656ccbe699259328fa9f972/file_contents/202103nenrei-zentai.pdf
202103,52,839,882,1721,https://www.city.urasoe.lg.jp/doc/6656ccbe699259328fa9f972/file_contents/202103nenrei-zentai.pdf
202103,77,397,468,865,https://www.city.urasoe.lg.jp/doc/6656ccbe699259328fa9f972/file_contents/202103nenrei-zentai.pdf
202103,3,653,618,1271,https://www.city.urasoe.lg.jp/doc/6656ccbe699259328fa9f972/file_contents/202103nenrei-zentai.pdf
202103,28,631,643,1274,https://www.city.urasoe.lg.jp/doc/6656ccbe699259328fa9f972/file_contents/202103nenrei-zentai.pdf
202103,53,820,875,1695,https://www.city.urasoe.lg.jp/doc/6656ccbe699259328fa9f972/file_contents/202103nenrei-zentai.pdf
202103,78,345,437,782,https://www.city.urasoe.lg.jp/doc/6656ccbe699259328fa9f972/file_contents/202103nenrei-zentai.pdf
202103,4,632,638,1270,https://www.city.urasoe.lg.jp/doc/6656ccbe699259328fa9f972/file_contents/202103nenrei-zentai.pdf
202103,29,658,669,1327,https://www.city.urasoe.lg.jp/doc/6656ccbe699259328fa9f972/file_contents/202103nenrei-zentai.pdf
202103,54,691,716,1407,https://www.city.urasoe.lg.jp/doc/6656ccbe699259328fa9f972/file_contents/202103nenrei-zentai.pdf
202103,79,366,472,838,https://www.city.urasoe.lg.jp/doc/6656ccbe699259328fa9f972/file_contents/202103nenrei-zentai.pdf
202103,5,673,639,1312,https://www.city.urasoe.lg.jp/doc/6656ccbe699259328fa9f972/file_contents/202103nenrei-zentai.pdf
202103,30,666,640,1306,https://www.city.urasoe.lg.jp/doc/6656ccbe699259328fa9f972/file_contents/202103nenrei-zentai.pdf
202103,55,664,708,1372,https://www.city.urasoe.lg.jp/doc/6656ccbe699259328fa9f972/file_contents/202103nenrei-zentai.pdf
202103,80,368,435,803,https://www.city.urasoe.lg.jp/doc/6656ccbe699259328fa9f972/file_contents/202103nenrei-zentai.pdf
202103,6,645,648,1293,https://www.city.urasoe.lg.jp/doc/6656ccbe699259328fa9f972/file_contents/202103nenrei-zentai.pdf
202103,31,651,676,1327,https://www.city.urasoe.lg.jp/doc/6656ccbe699259328fa9f972/file_contents/202103nenrei-zentai.pdf
202103,56,663,708,1371,https://www.city.urasoe.lg.jp/doc/6656ccbe699259328fa9f972/file_contents/202103nenrei-zentai.pdf
202103,81,331,447,778,https://www.city.urasoe.lg.jp/doc/6656ccbe699259328fa9f972/file_contents/202103nenrei-zentai.pdf
202103,7,664,620,1284,https://www.city.urasoe.lg.jp/doc/6656ccbe699259328fa9f972/file_contents/202103nenrei-zentai.pdf
202103,32,666,703,1369,https://www.city.urasoe.lg.jp/doc/6656ccbe699259328fa9f972/file_contents/202103nenrei-zentai.pdf
202103,57,672,777,1449,https://www.city.urasoe.lg.jp/doc/6656ccbe699259328fa9f972/file_contents/202103nenrei-zentai.pdf
202103,82,305,362,667,https://www.city.urasoe.lg.jp/doc/6656ccbe699259328fa9f972/file_contents/202103nenrei-zentai.pdf
202103,8,688,673,1361,https://www.city.urasoe.lg.jp/doc/6656ccbe699259328fa9f972/file_contents/202103nenrei-zentai.pdf
202103,33,708,674,1382,https://www.city.urasoe.lg.jp/doc/6656ccbe699259328fa9f972/file_contents/202103nenrei-zentai.pdf
202103,58,648,755,1403,https://www.city.urasoe.lg.jp/doc/6656ccbe699259328fa9f972/file_contents/202103nenrei-zentai.pdf
202103,83,287,394,681,https://www.city.urasoe.lg.jp/doc/6656ccbe699259328fa9f972/file_contents/202103nenrei-zentai.pdf
202103,9,691,684,1375,https://www.city.urasoe.lg.jp/doc/6656ccbe699259328fa9f972/file_contents/202103nenrei-zentai.pdf
202103,34,762,760,1522,https://www.city.urasoe.lg.jp/doc/6656ccbe699259328fa9f972/file_contents/202103nenrei-zentai.pdf
202103,59,682,711,1393,https://www.city.urasoe.lg.jp/doc/6656ccbe699259328fa9f972/file_contents/202103nenrei-zentai.pdf
202103,84,239,374,613,https://www.city.urasoe.lg.jp/doc/6656ccbe699259328fa9f972/file_contents/202103nenrei-zentai.pdf
202103,10,670,685,1355,https://www.city.urasoe.lg.jp/doc/6656ccbe699259328fa9f972/file_contents/202103nenrei-zentai.pdf
202103,35,726,752,1478,https://www.city.urasoe.lg.jp/doc/6656ccbe699259328fa9f972/file_contents/202103nenrei-zentai.pdf
202103,60,678,687,1365,https://www.city.urasoe.lg.jp/doc/6656ccbe699259328fa9f972/file_contents/202103nenrei-zentai.pdf
202103,85,225,353,578,https://www.city.urasoe.lg.jp/doc/6656ccbe699259328fa9f972/file_contents/202103nenrei-zentai.pdf
202103,11,746,650,1396,https://www.city.urasoe.lg.jp/doc/6656ccbe699259328fa9f972/file_contents/202103nenrei-zentai.pdf
202103,36,731,804,1535,https://www.city.urasoe.lg.jp/doc/6656ccbe699259328fa9f972/file_contents/202103nenrei-zentai.pdf
202103,61,687,682,1369,https://www.city.urasoe.lg.jp/doc/6656ccbe699259328fa9f972/file_contents/202103nenrei-zentai.pdf
202103,86,205,347,552,https://www.city.urasoe.lg.jp/doc/6656ccbe699259328fa9f972/file_contents/202103nenrei-zentai.pdf
202103,12,708,691,1399,https://www.city.urasoe.lg.jp/doc/6656ccbe699259328fa9f972/file_contents/202103nenrei-zentai.pdf
202103,37,741,778,1519,https://www.city.urasoe.lg.jp/doc/6656ccbe699259328fa9f972/file_contents/202103nenrei-zentai.pdf
202103,62,673,674,1347,https://www.city.urasoe.lg.jp/doc/6656ccbe699259328fa9f972/file_contents/202103nenrei-zentai.pdf
202103,87,136,282,418,https://www.city.urasoe.lg.jp/doc/6656ccbe699259328fa9f972/file_contents/202103nenrei-zentai.pdf
202103,13,697,696,1393,https://www.city.urasoe.lg.jp/doc/6656ccbe699259328fa9f972/file_contents/202103nenrei-zentai.pdf
202103,38,709,741,1450,https://www.city.urasoe.lg.jp/doc/6656ccbe699259328fa9f972/file_contents/202103nenrei-zentai.pdf
202103,63,596,602,1198,https://www.city.urasoe.lg.jp/doc/6656ccbe699259328fa9f972/file_contents/202103nenrei-zentai.pdf
202103,88,145,237,382,https://www.city.urasoe.lg.jp/doc/6656ccbe699259328fa9f972/file_contents/202103nenrei-zentai.pdf
202103,14,745,713,1458,https://www.city.urasoe.lg.jp/doc/6656ccbe699259328fa9f972/file_contents/202103nenrei-zentai.pdf
202103,39,674,769,1443,https://www.city.urasoe.lg.jp/doc/6656ccbe699259328fa9f972/file_contents/202103nenrei-zentai.pdf
202103,64,616,635,1251,https://www.city.urasoe.lg.jp/doc/6656ccbe699259328fa9f972/file_contents/202103nenrei-zentai.pdf
202103,89,102,204,306,https://www.city.urasoe.lg.jp/doc/6656ccbe699259328fa9f972/file_contents/202103nenrei-zentai.pdf
202103,15,671,629,1300,https://www.city.urasoe.lg.jp/doc/6656ccbe699259328fa9f972/file_contents/202103nenrei-zentai.pdf
202103,40,760,774,1534,https://www.city.urasoe.lg.jp/doc/6656ccbe699259328fa9f972/file_contents/202103nenrei-zentai.pdf
202103,65,595,637,1232,https://www.city.urasoe.lg.jp/doc/6656ccbe699259328fa9f972/file_contents/202103nenrei-zentai.pdf
202103,90,78,176,254,https://www.city.urasoe.lg.jp/doc/6656ccbe699259328fa9f972/file_contents/202103nenrei-zentai.pdf
202103,16,715,623,1338,https://www.city.urasoe.lg.jp/doc/6656ccbe699259328fa9f972/file_contents/202103nenrei-zentai.pdf
202103,41,742,772,1514,https://www.city.urasoe.lg.jp/doc/6656ccbe699259328fa9f972/file_contents/202103nenrei-zentai.pdf
202103,66,615,704,1319,https://www.city.urasoe.lg.jp/doc/6656ccbe699259328fa9f972/file_contents/202103nenrei-zentai.pdf
202103,91,64,158,222,https://www.city.urasoe.lg.jp/doc/6656ccbe699259328fa9f972/file_contents/202103nenrei-zentai.pdf
202103,17,709,676,1385,https://www.city.urasoe.lg.jp/doc/6656ccbe699259328fa9f972/file_contents/202103nenrei-zentai.pdf
202103,42,808,810,1618,https://www.city.urasoe.lg.jp/doc/6656ccbe699259328fa9f972/file_contents/202103nenrei-zentai.pdf
202103,67,629,710,1339,https://www.city.urasoe.lg.jp/doc/6656ccbe699259328fa9f972/file_contents/202103nenrei-zentai.pdf
202103,92,55,142,197,https://www.city.urasoe.lg.jp/doc/6656ccbe699259328fa9f972/file_contents/202103nenrei-zentai.pdf
202103,18,705,665,1370,https://www.city.urasoe.lg.jp/doc/6656ccbe699259328fa9f972/file_contents/202103nenrei-zentai.pdf
202103,43,797,799,1596,https://www.city.urasoe.lg.jp/doc/6656ccbe699259328fa9f972/file_contents/202103nenrei-zentai.pdf
202103,68,664,729,1393,https://www.city.urasoe.lg.jp/doc/6656ccbe699259328fa9f972/file_contents/202103nenrei-zentai.pdf
202103,93,36,110,146,https://www.city.urasoe.lg.jp/doc/6656ccbe699259328fa9f972/file_contents/202103nenrei-zentai.pdf
202103,19,641,642,1283,https://www.city.urasoe.lg.jp/doc/6656ccbe699259328fa9f972/file_contents/202103nenrei-zentai.pdf
202103,44,805,849,1654,https://www.city.urasoe.lg.jp/doc/6656ccbe699259328fa9f972/file_contents/202103nenrei-zentai.pdf
202103,69,629,748,1377,https://www.city.urasoe.lg.jp/doc/6656ccbe699259328fa9f972/file_contents/202103nenrei-zentai.pdf
202103,94,23,91,114,https://www.city.urasoe.lg.jp/doc/6656ccbe699259328fa9f972/file_contents/202103nenrei-zentai.pdf
202103,20,652,641,1293,https://www.city.urasoe.lg.jp/doc/6656ccbe699259328fa9f972/file_contents/202103nenrei-zentai.pdf
202103,45,873,889,1762,https://www.city.urasoe.lg.jp/doc/6656ccbe699259328fa9f972/file_contents/202103nenrei-zentai.pdf
202103,70,687,748,1435,https://www.city.urasoe.lg.jp/doc/6656ccbe699259328fa9f972/file_contents/202103nenrei-zentai.pdf
202103,95,12,79,91,https://www.city.urasoe.lg.jp/doc/6656ccbe699259328fa9f972/file_contents/202103nenrei-zentai.pdf
202103,21,637,617,1254,https://www.city.urasoe.lg.jp/doc/6656ccbe699259328fa9f972/file_contents/202103nenrei-zentai.pdf
202103,46,913,954,1867,https://www.city.urasoe.lg.jp/doc/6656ccbe699259328fa9f972/file_contents/202103nenrei-zentai.pdf
202103,71,606,647,1253,https://www.city.urasoe.lg.jp/doc/6656ccbe699259328fa9f972/file_contents/202103nenrei-zentai.pdf
202103,96,10,52,62,https://www.city.urasoe.lg.jp/doc/6656ccbe699259328fa9f972/file_contents/202103nenrei-zentai.pdf
202103,22,664,609,1273,https://www.city.urasoe.lg.jp/doc/6656ccbe699259328fa9f972/file_contents/202103nenrei-zentai.pdf
202103,47,944,1009,1953,https://www.city.urasoe.lg.jp/doc/6656ccbe699259328fa9f972/file_contents/202103nenrei-zentai.pdf
202103,72,602,649,1251,https://www.city.urasoe.lg.jp/doc/6656ccbe699259328fa9f972/file_contents/202103nenrei-zentai.pdf
202103,97,16,40,56,https://www.city.urasoe.lg.jp/doc/6656ccbe699259328fa9f972/file_contents/202103nenrei-zentai.pdf
202103,23,629,626,1255,https://www.city.urasoe.lg.jp/doc/6656ccbe699259328fa9f972/file_contents/202103nenrei-zentai.pdf
202103,48,916,924,1840,https://www.city.urasoe.lg.jp/doc/6656ccbe699259328fa9f972/file_contents/202103nenrei-zentai.pdf
202103,73,640,659,1299,https://www.city.urasoe.lg.jp/doc/6656ccbe699259328fa9f972/file_contents/202103nenrei-zentai.pdf
202103,98,6,37,43,https://www.city.urasoe.lg.jp/doc/6656ccbe699259328fa9f972/file_contents/202103nenrei-zentai.pdf
202103,24,635,594,1229,https://www.city.urasoe.lg.jp/doc/6656ccbe699259328fa9f972/file_contents/202103nenrei-zentai.pdf
202103,49,839,875,1714,https://www.city.urasoe.lg.jp/doc/6656ccbe699259328fa9f972/file_contents/202103nenrei-zentai.pdf
202103,74,339,387,726,https://www.city.urasoe.lg.jp/doc/6656ccbe699259328fa9f972/file_contents/202103nenrei-zentai.pdf
202103,99,4,26,30,https://www.city.urasoe.lg.jp/doc/6656ccbe699259328fa9f972/file_contents/202103nenrei-zentai.pdf
202103,100,1,22,23,https://www.city.urasoe.lg.jp/doc/6656ccbe699259328fa9f972/file_contents/202103nenrei-zentai.pdf
202103,101,3,15,18,https://www.city.urasoe.lg.jp/doc/6656ccbe699259328fa9f972/file_contents/202103nenrei-zentai.pdf
202104,0,633,575,1208,https://www.city.urasoe.lg.jp/doc/6656ccbe699259328fa9f972/file_contents/202104nenrei-zentai.pdf
202104,25,640,635,1275,https://www.city.urasoe.lg.jp/doc/6656ccbe699259328fa9f972/file_contents/202104nenrei-zentai.pdf
202104,50,807,876,1683,https://www.city.urasoe.lg.jp/doc/6656ccbe699259328fa9f972/file_contents/202104nenrei-zentai.pdf
202104,75,221,253,474,https://www.city.urasoe.lg.jp/doc/6656ccbe699259328fa9f972/file_contents/202104nenrei-zentai.pdf
202104,1,620,565,1185,https://www.city.urasoe.lg.jp/doc/6656ccbe699259328fa9f972/file_contents/202104nenrei-zentai.pdf
202104,26,653,610,1263,https://www.city.urasoe.lg.jp/doc/6656ccbe699259328fa9f972/file_contents/202104nenrei-zentai.pdf
202104,51,829,811,1640,https://www.city.urasoe.lg.jp/doc/6656ccbe699259328fa9f972/file_contents/202104nenrei-zentai.pdf
202104,76,286,369,655,https://www.city.urasoe.lg.jp/doc/6656ccbe699259328fa9f972/file_contents/202104nenrei-zentai.pdf
202104,2,615,611,1226,https://www.city.urasoe.lg.jp/doc/6656ccbe699259328fa9f972/file_contents/202104nenrei-zentai.pdf
202104,27,631,634,1265,https://www.city.urasoe.lg.jp/doc/6656ccbe699259328fa9f972/file_contents/202104nenrei-zentai.pdf
202104,52,839,870,1709,https://www.city.urasoe.lg.jp/doc/6656ccbe699259328fa9f972/file_contents/202104nenrei-zentai.pdf
202104,77,403,458,861,https://www.city.urasoe.lg.jp/doc/6656ccbe699259328fa9f972/file_contents/202104nenrei-zentai.pdf
202104,3,625,608,1233,https://www.city.urasoe.lg.jp/doc/6656ccbe699259328fa9f972/file_contents/202104nenrei-zentai.pdf
202104,28,630,649,1279,https://www.city.urasoe.lg.jp/doc/6656ccbe699259328fa9f972/file_contents/202104nenrei-zentai.pdf
202104,53,825,886,1711,https://www.city.urasoe.lg.jp/doc/6656ccbe699259328fa9f972/file_contents/202104nenrei-zentai.pdf
202104,78,340,445,785,https://www.city.urasoe.lg.jp/doc/6656ccbe699259328fa9f972/file_contents/202104nenrei-zentai.pdf
202104,4,642,628,1270,https://www.city.urasoe.lg.jp/doc/6656ccbe699259328fa9f972/file_contents/202104nenrei-zentai.pdf
202104,29,659,674,1333,https://www.city.urasoe.lg.jp/doc/6656ccbe699259328fa9f972/file_contents/202104nenrei-zentai.pdf
202104,54,688,719,1407,https://www.city.urasoe.lg.jp/doc/6656ccbe699259328fa9f972/file_contents/202104nenrei-zentai.pdf
202104,79,364,457,821,https://www.city.urasoe.lg.jp/doc/6656ccbe699259328fa9f972/file_contents/202104nenrei-zentai.pdf
202104,5,671,639,1310,https://www.city.urasoe.lg.jp/doc/6656ccbe699259328fa9f972/file_contents/202104nenrei-zentai.pdf
202104,30,666,636,1302,https://www.city.urasoe.lg.jp/doc/6656ccbe699259328fa9f972/file_contents/202104nenrei-zentai.pdf
202104,55,665,706,1371,https://www.city.urasoe.lg.jp/doc/6656ccbe699259328fa9f972/file_contents/202104nenrei-zentai.pdf
202104,80,366,445,811,https://www.city.urasoe.lg.jp/doc/6656ccbe699259328fa9f972/file_contents/202104nenrei-zentai.pdf
202104,6,656,661,1317,https://www.city.urasoe.lg.jp/doc/6656ccbe699259328fa9f972/file_contents/202104nenrei-zentai.pdf
202104,31,651,691,1342,https://www.city.urasoe.lg.jp/doc/6656ccbe699259328fa9f972/file_contents/202104nenrei-zentai.pdf
202104,56,671,709,1380,https://www.city.urasoe.lg.jp/doc/6656ccbe699259328fa9f972/file_contents/202104nenrei-zentai.pdf
202104,81,334,438,772,https://www.city.urasoe.lg.jp/doc/6656ccbe699259328fa9f972/file_contents/202104nenrei-zentai.pdf
202104,7,657,611,1268,https://www.city.urasoe.lg.jp/doc/6656ccbe699259328fa9f972/file_contents/202104nenrei-zentai.pdf
202104,32,663,707,1370,https://www.city.urasoe.lg.jp/doc/6656ccbe699259328fa9f972/file_contents/202104nenrei-zentai.pdf
202104,57,667,768,1435,https://www.city.urasoe.lg.jp/doc/6656ccbe699259328fa9f972/file_contents/202104nenrei-zentai.pdf
202104,82,301,362,663,https://www.city.urasoe.lg.jp/doc/6656ccbe699259328fa9f972/file_contents/202104nenrei-zentai.pdf
202104,8,699,675,1374,https://www.city.urasoe.lg.jp/doc/6656ccbe699259328fa9f972/file_contents/202104nenrei-zentai.pdf
202104,33,695,661,1356,https://www.city.urasoe.lg.jp/doc/6656ccbe699259328fa9f972/file_contents/202104nenrei-zentai.pdf
202104,58,666,761,1427,https://www.city.urasoe.lg.jp/doc/6656ccbe699259328fa9f972/file_contents/202104nenrei-zentai.pdf
202104,83,293,392,685,https://www.city.urasoe.lg.jp/doc/6656ccbe699259328fa9f972/file_contents/202104nenrei-zentai.pdf
202104,9,693,695,1388,https://www.city.urasoe.lg.jp/doc/6656ccbe699259328fa9f972/file_contents/202104nenrei-zentai.pdf
202104,34,767,779,1546,https://www.city.urasoe.lg.jp/doc/6656ccbe699259328fa9f972/file_contents/202104nenrei-zentai.pdf
202104,59,665,708,1373,https://www.city.urasoe.lg.jp/doc/6656ccbe699259328fa9f972/file_contents/202104nenrei-zentai.pdf
202104,84,228,381,609,https://www.city.urasoe.lg.jp/doc/6656ccbe699259328fa9f972/file_contents/202104nenrei-zentai.pdf
202104,10,657,678,1335,https://www.city.urasoe.lg.jp/doc/6656ccbe699259328fa9f972/file_contents/202104nenrei-zentai.pdf
202104,35,711,739,1450,https://www.city.urasoe.lg.jp/doc/6656ccbe699259328fa9f972/file_contents/202104nenrei-zentai.pdf
202104,60,690,690,1380,https://www.city.urasoe.lg.jp/doc/6656ccbe699259328fa9f972/file_contents/202104nenrei-zentai.pdf
202104,85,234,358,592,https://www.city.urasoe.lg.jp/doc/6656ccbe699259328fa9f972/file_contents/202104nenrei-zentai.pdf
202104,11,747,651,1398,https://www.city.urasoe.lg.jp/doc/6656ccbe699259328fa9f972/file_contents/202104nenrei-zentai.pdf
202104,36,745,815,1560,https://www.city.urasoe.lg.jp/doc/6656ccbe699259328fa9f972/file_contents/202104nenrei-zentai.pdf
202104,61,674,690,1364,https://www.city.urasoe.lg.jp/doc/6656ccbe699259328fa9f972/file_contents/202104nenrei-zentai.pdf
202104,86,201,347,548,https://www.city.urasoe.lg.jp/doc/6656ccbe699259328fa9f972/file_contents/202104nenrei-zentai.pdf
202104,12,707,702,1409,https://www.city.urasoe.lg.jp/doc/6656ccbe699259328fa9f972/file_contents/202104nenrei-zentai.pdf
202104,37,744,771,1515,https://www.city.urasoe.lg.jp/doc/6656ccbe699259328fa9f972/file_contents/202104nenrei-zentai.pdf
202104,62,694,686,1380,https://www.city.urasoe.lg.jp/doc/6656ccbe699259328fa9f972/file_contents/202104nenrei-zentai.pdf
202104,87,137,280,417,https://www.city.urasoe.lg.jp/doc/6656ccbe699259328fa9f972/file_contents/202104nenrei-zentai.pdf
202104,13,698,691,1389,https://www.city.urasoe.lg.jp/doc/6656ccbe699259328fa9f972/file_contents/202104nenrei-zentai.pdf
202104,38,704,752,1456,https://www.city.urasoe.lg.jp/doc/6656ccbe699259328fa9f972/file_contents/202104nenrei-zentai.pdf
202104,63,603,616,1219,https://www.city.urasoe.lg.jp/doc/6656ccbe699259328fa9f972/file_contents/202104nenrei-zentai.pdf
202104,88,147,246,393,https://www.city.urasoe.lg.jp/doc/6656ccbe699259328fa9f972/file_contents/202104nenrei-zentai.pdf
202104,14,744,705,1449,https://www.city.urasoe.lg.jp/doc/6656ccbe699259328fa9f972/file_contents/202104nenrei-zentai.pdf
202104,39,687,757,1444,https://www.city.urasoe.lg.jp/doc/6656ccbe699259328fa9f972/file_contents/202104nenrei-zentai.pdf
202104,64,609,626,1235,https://www.city.urasoe.lg.jp/doc/6656ccbe699259328fa9f972/file_contents/202104nenrei-zentai.pdf
202104,89,103,200,303,https://www.city.urasoe.lg.jp/doc/6656ccbe699259328fa9f972/file_contents/202104nenrei-zentai.pdf
202104,15,673,632,1305,https://www.city.urasoe.lg.jp/doc/6656ccbe699259328fa9f972/file_contents/202104nenrei-zentai.pdf
202104,40,758,777,1535,https://www.city.urasoe.lg.jp/doc/6656ccbe699259328fa9f972/file_contents/202104nenrei-zentai.pdf
202104,65,604,643,1247,https://www.city.urasoe.lg.jp/doc/6656ccbe699259328fa9f972/file_contents/202104nenrei-zentai.pdf
202104,90,80,177,257,https://www.city.urasoe.lg.jp/doc/6656ccbe699259328fa9f972/file_contents/202104nenrei-zentai.pdf
202104,16,718,628,1346,https://www.city.urasoe.lg.jp/doc/6656ccbe699259328fa9f972/file_contents/202104nenrei-zentai.pdf
202104,41,733,774,1507,https://www.city.urasoe.lg.jp/doc/6656ccbe699259328fa9f972/file_contents/202104nenrei-zentai.pdf
202104,66,625,704,1329,https://www.city.urasoe.lg.jp/doc/6656ccbe699259328fa9f972/file_contents/202104nenrei-zentai.pdf
202104,91,67,158,225,https://www.city.urasoe.lg.jp/doc/6656ccbe699259328fa9f972/file_contents/202104nenrei-zentai.pdf
202104,17,708,679,1387,https://www.city.urasoe.lg.jp/doc/6656ccbe699259328fa9f972/file_contents/202104nenrei-zentai.pdf
202104,42,817,813,1630,https://www.city.urasoe.lg.jp/doc/6656ccbe699259328fa9f972/file_contents/202104nenrei-zentai.pdf
202104,67,616,705,1321,https://www.city.urasoe.lg.jp/doc/6656ccbe699259328fa9f972/file_contents/202104nenrei-zentai.pdf
202104,92,54,134,188,https://www.city.urasoe.lg.jp/doc/6656ccbe699259328fa9f972/file_contents/202104nenrei-zentai.pdf
202104,18,715,655,1370,https://www.city.urasoe.lg.jp/doc/6656ccbe699259328fa9f972/file_contents/202104nenrei-zentai.pdf
202104,43,794,800,1594,https://www.city.urasoe.lg.jp/doc/6656ccbe699259328fa9f972/file_contents/202104nenrei-zentai.pdf
202104,68,669,703,1372,https://www.city.urasoe.lg.jp/doc/6656ccbe699259328fa9f972/file_contents/202104nenrei-zentai.pdf
202104,93,38,116,154,https://www.city.urasoe.lg.jp/doc/6656ccbe699259328fa9f972/file_contents/202104nenrei-zentai.pdf
202104,19,623,642,1265,https://www.city.urasoe.lg.jp/doc/6656ccbe699259328fa9f972/file_contents/202104nenrei-zentai.pdf
202104,44,806,842,1648,https://www.city.urasoe.lg.jp/doc/6656ccbe699259328fa9f972/file_contents/202104nenrei-zentai.pdf
202104,69,624,774,1398,https://www.city.urasoe.lg.jp/doc/6656ccbe699259328fa9f972/file_contents/202104nenrei-zentai.pdf
202104,94,23,96,119,https://www.city.urasoe.lg.jp/doc/6656ccbe699259328fa9f972/file_contents/202104nenrei-zentai.pdf
202104,20,659,631,1290,https://www.city.urasoe.lg.jp/doc/6656ccbe699259328fa9f972/file_contents/202104nenrei-zentai.pdf
202104,45,873,881,1754,https://www.city.urasoe.lg.jp/doc/6656ccbe699259328fa9f972/file_contents/202104nenrei-zentai.pdf
202104,70,683,732,1415,https://www.city.urasoe.lg.jp/doc/6656ccbe699259328fa9f972/file_contents/202104nenrei-zentai.pdf
202104,95,12,72,84,https://www.city.urasoe.lg.jp/doc/6656ccbe699259328fa9f972/file_contents/202104nenrei-zentai.pdf
202104,21,620,632,1252,https://www.city.urasoe.lg.jp/doc/6656ccbe699259328fa9f972/file_contents/202104nenrei-zentai.pdf
202104,46,908,960,1868,https://www.city.urasoe.lg.jp/doc/6656ccbe699259328fa9f972/file_contents/202104nenrei-zentai.pdf
202104,71,617,659,1276,https://www.city.urasoe.lg.jp/doc/6656ccbe699259328fa9f972/file_contents/202104nenrei-zentai.pdf
202104,96,10,49,59,https://www.city.urasoe.lg.jp/doc/6656ccbe699259328fa9f972/file_contents/202104nenrei-zentai.pdf
202104,22,671,612,1283,https://www.city.urasoe.lg.jp/doc/6656ccbe699259328fa9f972/file_contents/202104nenrei-zentai.pdf
202104,47,948,1010,1958,https://www.city.urasoe.lg.jp/doc/6656ccbe699259328fa9f972/file_contents/202104nenrei-zentai.pdf
202104,72,597,646,1243,https://www.city.urasoe.lg.jp/doc/6656ccbe699259328fa9f972/file_contents/202104nenrei-zentai.pdf
202104,97,16,44,60,https://www.city.urasoe.lg.jp/doc/6656ccbe699259328fa9f972/file_contents/202104nenrei-zentai.pdf
202104,23,641,622,1263,https://www.city.urasoe.lg.jp/doc/6656ccbe699259328fa9f972/file_contents/202104nenrei-zentai.pdf
202104,48,911,929,1840,https://www.city.urasoe.lg.jp/doc/6656ccbe699259328fa9f972/file_contents/202104nenrei-zentai.pdf
202104,73,640,664,1304,https://www.city.urasoe.lg.jp/doc/6656ccbe699259328fa9f972/file_contents/202104nenrei-zentai.pdf
202104,98,6,36,42,https://www.city.urasoe.lg.jp/doc/6656ccbe699259328fa9f972/file_contents/202104nenrei-zentai.pdf
202104,24,647,599,1246,https://www.city.urasoe.lg.jp/doc/6656ccbe699259328fa9f972/file_contents/202104nenrei-zentai.pdf
202104,49,855,881,1736,https://www.city.urasoe.lg.jp/doc/6656ccbe699259328fa9f972/file_contents/202104nenrei-zentai.pdf
202104,74,367,416,783,https://www.city.urasoe.lg.jp/doc/6656ccbe699259328fa9f972/file_contents/202104nenrei-zentai.pdf
202104,99,4,27,31,https://www.city.urasoe.lg.jp/doc/6656ccbe699259328fa9f972/file_contents/202104nenrei-zentai.pdf
202104,100,1,20,21,https://www.city.urasoe.lg.jp/doc/6656ccbe699259328fa9f972/file_contents/202104nenrei-zentai.pdf
202104,101,3,14,17,https://www.city.urasoe.lg.jp/doc/6656ccbe699259328fa9f972/file_contents/202104nenrei-zentai.pdf
202105,0,643,569,1212,https://www.city.urasoe.lg.jp/doc/6656ccbe699259328fa9f972/file_contents/202105nenrei-zentai.pdf
202105,25,630,633,1263,https://www.city.urasoe.lg.jp/doc/6656ccbe699259328fa9f972/file_contents/202105nenrei-zentai.pdf
202105,50,810,876,1686,https://www.city.urasoe.lg.jp/doc/6656ccbe699259328fa9f972/file_contents/202105nenrei-zentai.pdf
202105,75,217,245,462,https://www.city.urasoe.lg.jp/doc/6656ccbe699259328fa9f972/file_contents/202105nenrei-zentai.pdf
202105,1,615,567,1182,https://www.city.urasoe.lg.jp/doc/6656ccbe699259328fa9f972/file_contents/202105nenrei-zentai.pdf
202105,26,667,601,1268,https://www.city.urasoe.lg.jp/doc/6656ccbe699259328fa9f972/file_contents/202105nenrei-zentai.pdf
202105,51,836,824,1660,https://www.city.urasoe.lg.jp/doc/6656ccbe699259328fa9f972/file_contents/202105nenrei-zentai.pdf
202105,76,278,366,644,https://www.city.urasoe.lg.jp/doc/6656ccbe699259328fa9f972/file_contents/202105nenrei-zentai.pdf
202105,2,596,615,1211,https://www.city.urasoe.lg.jp/doc/6656ccbe699259328fa9f972/file_contents/202105nenrei-zentai.pdf
202105,27,648,624,1272,https://www.city.urasoe.lg.jp/doc/6656ccbe699259328fa9f972/file_contents/202105nenrei-zentai.pdf
202105,52,844,871,1715,https://www.city.urasoe.lg.jp/doc/6656ccbe699259328fa9f972/file_contents/202105nenrei-zentai.pdf
202105,77,394,461,855,https://www.city.urasoe.lg.jp/doc/6656ccbe699259328fa9f972/file_contents/202105nenrei-zentai.pdf
202105,3,645,605,1250,https://www.city.urasoe.lg.jp/doc/6656ccbe699259328fa9f972/file_contents/202105nenrei-zentai.pdf
202105,28,628,643,1271,https://www.city.urasoe.lg.jp/doc/6656ccbe699259328fa9f972/file_contents/202105nenrei-zentai.pdf
202105,53,797,887,1684,https://www.city.urasoe.lg.jp/doc/6656ccbe699259328fa9f972/file_contents/202105nenrei-zentai.pdf
202105,78,343,437,780,https://www.city.urasoe.lg.jp/doc/6656ccbe699259328fa9f972/file_contents/202105nenrei-zentai.pdf
202105,4,643,637,1280,https://www.city.urasoe.lg.jp/doc/6656ccbe699259328fa9f972/file_contents/202105nenrei-zentai.pdf
202105,29,660,687,1347,https://www.city.urasoe.lg.jp/doc/6656ccbe699259328fa9f972/file_contents/202105nenrei-zentai.pdf
202105,54,730,740,1470,https://www.city.urasoe.lg.jp/doc/6656ccbe699259328fa9f972/file_contents/202105nenrei-zentai.pdf
202105,79,358,456,814,https://www.city.urasoe.lg.jp/doc/6656ccbe699259328fa9f972/file_contents/202105nenrei-zentai.pdf
202105,5,653,626,1279,https://www.city.urasoe.lg.jp/doc/6656ccbe699259328fa9f972/file_contents/202105nenrei-zentai.pdf
202105,30,673,631,1304,https://www.city.urasoe.lg.jp/doc/6656ccbe699259328fa9f972/file_contents/202105nenrei-zentai.pdf
202105,55,647,688,1335,https://www.city.urasoe.lg.jp/doc/6656ccbe699259328fa9f972/file_contents/202105nenrei-zentai.pdf
202105,80,381,436,817,https://www.city.urasoe.lg.jp/doc/6656ccbe699259328fa9f972/file_contents/202105nenrei-zentai.pdf
202105,6,667,665,1332,https://www.city.urasoe.lg.jp/doc/6656ccbe699259328fa9f972/file_contents/202105nenrei-zentai.pdf
202105,31,636,697,1333,https://www.city.urasoe.lg.jp/doc/6656ccbe699259328fa9f972/file_contents/202105nenrei-zentai.pdf
202105,56,680,724,1404,https://www.city.urasoe.lg.jp/doc/6656ccbe699259328fa9f972/file_contents/202105nenrei-zentai.pdf
202105,81,321,445,766,https://www.city.urasoe.lg.jp/doc/6656ccbe699259328fa9f972/file_contents/202105nenrei-zentai.pdf
202105,7,658,603,1261,https://www.city.urasoe.lg.jp/doc/6656ccbe699259328fa9f972/file_contents/202105nenrei-zentai.pdf
202105,32,685,704,1389,https://www.city.urasoe.lg.jp/doc/6656ccbe699259328fa9f972/file_contents/202105nenrei-zentai.pdf
202105,57,656,776,1432,https://www.city.urasoe.lg.jp/doc/6656ccbe699259328fa9f972/file_contents/202105nenrei-zentai.pdf
202105,82,302,374,676,https://www.city.urasoe.lg.jp/doc/6656ccbe699259328fa9f972/file_contents/202105nenrei-zentai.pdf
202105,8,689,686,1375,https://www.city.urasoe.lg.jp/doc/6656ccbe699259328fa9f972/file_contents/202105nenrei-zentai.pdf
202105,33,681,669,1350,https://www.city.urasoe.lg.jp/doc/6656ccbe699259328fa9f972/file_contents/202105nenrei-zentai.pdf
202105,58,694,757,1451,https://www.city.urasoe.lg.jp/doc/6656ccbe699259328fa9f972/file_contents/202105nenrei-zentai.pdf
202105,83,293,386,679,https://www.city.urasoe.lg.jp/doc/6656ccbe699259328fa9f972/file_contents/202105nenrei-zentai.pdf
202105,9,694,690,1384,https://www.city.urasoe.lg.jp/doc/6656ccbe699259328fa9f972/file_contents/202105nenrei-zentai.pdf
202105,34,757,762,1519,https://www.city.urasoe.lg.jp/doc/6656ccbe699259328fa9f972/file_contents/202105nenrei-zentai.pdf
202105,59,652,710,1362,https://www.city.urasoe.lg.jp/doc/6656ccbe699259328fa9f972/file_contents/202105nenrei-zentai.pdf
202105,84,239,371,610,https://www.city.urasoe.lg.jp/doc/6656ccbe699259328fa9f972/file_contents/202105nenrei-zentai.pdf
202105,10,663,683,1346,https://www.city.urasoe.lg.jp/doc/6656ccbe699259328fa9f972/file_contents/202105nenrei-zentai.pdf
202105,35,722,745,1467,https://www.city.urasoe.lg.jp/doc/6656ccbe699259328fa9f972/file_contents/202105nenrei-zentai.pdf
202105,60,687,686,1373,https://www.city.urasoe.lg.jp/doc/6656ccbe699259328fa9f972/file_contents/202105nenrei-zentai.pdf
202105,85,223,365,588,https://www.city.urasoe.lg.jp/doc/6656ccbe699259328fa9f972/file_contents/202105nenrei-zentai.pdf
202105,11,737,640,1377,https://www.city.urasoe.lg.jp/doc/6656ccbe699259328fa9f972/file_contents/202105nenrei-zentai.pdf
202105,36,750,830,1580,https://www.city.urasoe.lg.jp/doc/6656ccbe699259328fa9f972/file_contents/202105nenrei-zentai.pdf
202105,61,667,704,1371,https://www.city.urasoe.lg.jp/doc/6656ccbe699259328fa9f972/file_contents/202105nenrei-zentai.pdf
202105,86,210,350,560,https://www.city.urasoe.lg.jp/doc/6656ccbe699259328fa9f972/file_contents/202105nenrei-zentai.pdf
202105,12,726,714,1440,https://www.city.urasoe.lg.jp/doc/6656ccbe699259328fa9f972/file_contents/202105nenrei-zentai.pdf
202105,37,749,772,1521,https://www.city.urasoe.lg.jp/doc/6656ccbe699259328fa9f972/file_contents/202105nenrei-zentai.pdf
202105,62,697,682,1379,https://www.city.urasoe.lg.jp/doc/6656ccbe699259328fa9f972/file_contents/202105nenrei-zentai.pdf
202105,87,139,278,417,https://www.city.urasoe.lg.jp/doc/6656ccbe699259328fa9f972/file_contents/202105nenrei-zentai.pdf
202105,13,682,688,1370,https://www.city.urasoe.lg.jp/doc/6656ccbe699259328fa9f972/file_contents/202105nenrei-zentai.pdf
202105,38,704,754,1458,https://www.city.urasoe.lg.jp/doc/6656ccbe699259328fa9f972/file_contents/202105nenrei-zentai.pdf
202105,63,626,621,1247,https://www.city.urasoe.lg.jp/doc/6656ccbe699259328fa9f972/file_contents/202105nenrei-zentai.pdf
202105,88,148,247,395,https://www.city.urasoe.lg.jp/doc/6656ccbe699259328fa9f972/file_contents/202105nenrei-zentai.pdf
202105,14,742,694,1436,https://www.city.urasoe.lg.jp/doc/6656ccbe699259328fa9f972/file_contents/202105nenrei-zentai.pdf
202105,39,686,732,1418,https://www.city.urasoe.lg.jp/doc/6656ccbe699259328fa9f972/file_contents/202105nenrei-zentai.pdf
202105,64,589,620,1209,https://www.city.urasoe.lg.jp/doc/6656ccbe699259328fa9f972/file_contents/202105nenrei-zentai.pdf
202105,89,106,205,311,https://www.city.urasoe.lg.jp/doc/6656ccbe699259328fa9f972/file_contents/202105nenrei-zentai.pdf
202105,15,698,654,1352,https://www.city.urasoe.lg.jp/doc/6656ccbe699259328fa9f972/file_contents/202105nenrei-zentai.pdf
202105,40,741,786,1527,https://www.city.urasoe.lg.jp/doc/6656ccbe699259328fa9f972/file_contents/202105nenrei-zentai.pdf
202105,65,618,636,1254,https://www.city.urasoe.lg.jp/doc/6656ccbe699259328fa9f972/file_contents/202105nenrei-zentai.pdf
202105,90,81,175,256,https://www.city.urasoe.lg.jp/doc/6656ccbe699259328fa9f972/file_contents/202105nenrei-zentai.pdf
202105,16,700,626,1326,https://www.city.urasoe.lg.jp/doc/6656ccbe699259328fa9f972/file_contents/202105nenrei-zentai.pdf
202105,41,750,776,1526,https://www.city.urasoe.lg.jp/doc/6656ccbe699259328fa9f972/file_contents/202105nenrei-zentai.pdf
202105,66,616,715,1331,https://www.city.urasoe.lg.jp/doc/6656ccbe699259328fa9f972/file_contents/202105nenrei-zentai.pdf
202105,91,67,162,229,https://www.city.urasoe.lg.jp/doc/6656ccbe699259328fa9f972/file_contents/202105nenrei-zentai.pdf
202105,17,698,672,1370,https://www.city.urasoe.lg.jp/doc/6656ccbe699259328fa9f972/file_contents/202105nenrei-zentai.pdf
202105,42,813,805,1618,https://www.city.urasoe.lg.jp/doc/6656ccbe699259328fa9f972/file_contents/202105nenrei-zentai.pdf
202105,67,618,710,1328,https://www.city.urasoe.lg.jp/doc/6656ccbe699259328fa9f972/file_contents/202105nenrei-zentai.pdf
202105,92,54,132,186,https://www.city.urasoe.lg.jp/doc/6656ccbe699259328fa9f972/file_contents/202105nenrei-zentai.pdf
202105,18,716,654,1370,https://www.city.urasoe.lg.jp/doc/6656ccbe699259328fa9f972/file_contents/202105nenrei-zentai.pdf
202105,43,790,803,1593,https://www.city.urasoe.lg.jp/doc/6656ccbe699259328fa9f972/file_contents/202105nenrei-zentai.pdf
202105,68,666,694,1360,https://www.city.urasoe.lg.jp/doc/6656ccbe699259328fa9f972/file_contents/202105nenrei-zentai.pdf
202105,93,36,123,159,https://www.city.urasoe.lg.jp/doc/6656ccbe699259328fa9f972/file_contents/202105nenrei-zentai.pdf
202105,19,651,641,1292,https://www.city.urasoe.lg.jp/doc/6656ccbe699259328fa9f972/file_contents/202105nenrei-zentai.pdf
202105,44,816,850,1666,https://www.city.urasoe.lg.jp/doc/6656ccbe699259328fa9f972/file_contents/202105nenrei-zentai.pdf
202105,69,611,766,1377,https://www.city.urasoe.lg.jp/doc/6656ccbe699259328fa9f972/file_contents/202105nenrei-zentai.pdf
202105,94,25,93,118,https://www.city.urasoe.lg.jp/doc/6656ccbe699259328fa9f972/file_contents/202105nenrei-zentai.pdf
202105,20,647,643,1290,https://www.city.urasoe.lg.jp/doc/6656ccbe699259328fa9f972/file_contents/202105nenrei-zentai.pdf
202105,45,852,857,1709,https://www.city.urasoe.lg.jp/doc/6656ccbe699259328fa9f972/file_contents/202105nenrei-zentai.pdf
202105,70,682,722,1404,https://www.city.urasoe.lg.jp/doc/6656ccbe699259328fa9f972/file_contents/202105nenrei-zentai.pdf
202105,95,11,76,87,https://www.city.urasoe.lg.jp/doc/6656ccbe699259328fa9f972/file_contents/202105nenrei-zentai.pdf
202105,21,618,645,1263,https://www.city.urasoe.lg.jp/doc/6656ccbe699259328fa9f972/file_contents/202105nenrei-zentai.pdf
202105,46,911,974,1885,https://www.city.urasoe.lg.jp/doc/6656ccbe699259328fa9f972/file_contents/202105nenrei-zentai.pdf
202105,71,618,672,1290,https://www.city.urasoe.lg.jp/doc/6656ccbe699259328fa9f972/file_contents/202105nenrei-zentai.pdf
202105,96,12,47,59,https://www.city.urasoe.lg.jp/doc/6656ccbe699259328fa9f972/file_contents/202105nenrei-zentai.pdf
202105,22,697,600,1297,https://www.city.urasoe.lg.jp/doc/6656ccbe699259328fa9f972/file_contents/202105nenrei-zentai.pdf
202105,47,937,1004,1941,https://www.city.urasoe.lg.jp/doc/6656ccbe699259328fa9f972/file_contents/202105nenrei-zentai.pdf
202105,72,606,641,1247,https://www.city.urasoe.lg.jp/doc/6656ccbe699259328fa9f972/file_contents/202105nenrei-zentai.pdf
202105,97,16,46,62,https://www.city.urasoe.lg.jp/doc/6656ccbe699259328fa9f972/file_contents/202105nenrei-zentai.pdf
202105,23,637,628,1265,https://www.city.urasoe.lg.jp/doc/6656ccbe699259328fa9f972/file_contents/202105nenrei-zentai.pdf
202105,48,934,941,1875,https://www.city.urasoe.lg.jp/doc/6656ccbe699259328fa9f972/file_contents/202105nenrei-zentai.pdf
202105,73,653,682,1335,https://www.city.urasoe.lg.jp/doc/6656ccbe699259328fa9f972/file_contents/202105nenrei-zentai.pdf
202105,98,6,36,42,https://www.city.urasoe.lg.jp/doc/6656ccbe699259328fa9f972/file_contents/202105nenrei-zentai.pdf
202105,24,634,611,1245,https://www.city.urasoe.lg.jp/doc/6656ccbe699259328fa9f972/file_contents/202105nenrei-zentai.pdf
202105,49,851,882,1733,https://www.city.urasoe.lg.jp/doc/6656ccbe699259328fa9f972/file_contents/202105nenrei-zentai.pdf
202105,74,385,436,821,https://www.city.urasoe.lg.jp/doc/6656ccbe699259328fa9f972/file_contents/202105nenrei-zentai.pdf
202105,99,3,27,30,https://www.city.urasoe.lg.jp/doc/6656ccbe699259328fa9f972/file_contents/202105nenrei-zentai.pdf
202105,100,1,18,19,https://www.city.urasoe.lg.jp/doc/6656ccbe699259328fa9f972/file_contents/202105nenrei-zentai.pdf
202105,101,3,15,18,https://www.city.urasoe.lg.jp/doc/6656ccbe699259328fa9f972/file_contents/202105nenrei-zentai.pdf
202106,0,652,570,1222,https://www.city.urasoe.lg.jp/doc/6656ccbe699259328fa9f972/file_contents/202106nenrei-zentai.pdf
202106,25,629,631,1260,https://www.city.urasoe.lg.jp/doc/6656ccbe699259328fa9f972/file_contents/202106nenrei-zentai.pdf
202106,50,801,898,1699,https://www.city.urasoe.lg.jp/doc/6656ccbe699259328fa9f972/file_contents/202106nenrei-zentai.pdf
202106,75,222,253,475,https://www.city.urasoe.lg.jp/doc/6656ccbe699259328fa9f972/file_contents/202106nenrei-zentai.pdf
202106,1,589,571,1160,https://www.city.urasoe.lg.jp/doc/6656ccbe699259328fa9f972/file_contents/202106nenrei-zentai.pdf
202106,26,670,596,1266,https://www.city.urasoe.lg.jp/doc/6656ccbe699259328fa9f972/file_contents/202106nenrei-zentai.pdf
202106,51,834,831,1665,https://www.city.urasoe.lg.jp/doc/6656ccbe699259328fa9f972/file_contents/202106nenrei-zentai.pdf
202106,76,272,359,631,https://www.city.urasoe.lg.jp/doc/6656ccbe699259328fa9f972/file_contents/202106nenrei-zentai.pdf
202106,2,600,605,1205,https://www.city.urasoe.lg.jp/doc/6656ccbe699259328fa9f972/file_contents/202106nenrei-zentai.pdf
202106,27,656,613,1269,https://www.city.urasoe.lg.jp/doc/6656ccbe699259328fa9f972/file_contents/202106nenrei-zentai.pdf
202106,52,839,858,1697,https://www.city.urasoe.lg.jp/doc/6656ccbe699259328fa9f972/file_contents/202106nenrei-zentai.pdf
202106,77,394,455,849,https://www.city.urasoe.lg.jp/doc/6656ccbe699259328fa9f972/file_contents/202106nenrei-zentai.pdf
202106,3,645,599,1244,https://www.city.urasoe.lg.jp/doc/6656ccbe699259328fa9f972/file_contents/202106nenrei-zentai.pdf
202106,28,620,646,1266,https://www.city.urasoe.lg.jp/doc/6656ccbe699259328fa9f972/file_contents/202106nenrei-zentai.pdf
202106,53,796,871,1667,https://www.city.urasoe.lg.jp/doc/6656ccbe699259328fa9f972/file_contents/202106nenrei-zentai.pdf
202106,78,339,441,780,https://www.city.urasoe.lg.jp/doc/6656ccbe699259328fa9f972/file_contents/202106nenrei-zentai.pdf
202106,4,655,637,1292,https://www.city.urasoe.lg.jp/doc/6656ccbe699259328fa9f972/file_contents/202106nenrei-zentai.pdf
202106,29,647,677,1324,https://www.city.urasoe.lg.jp/doc/6656ccbe699259328fa9f972/file_contents/202106nenrei-zentai.pdf
202106,54,749,772,1521,https://www.city.urasoe.lg.jp/doc/6656ccbe699259328fa9f972/file_contents/202106nenrei-zentai.pdf
202106,79,360,447,807,https://www.city.urasoe.lg.jp/doc/6656ccbe699259328fa9f972/file_contents/202106nenrei-zentai.pdf
202106,5,645,621,1266,https://www.city.urasoe.lg.jp/doc/6656ccbe699259328fa9f972/file_contents/202106nenrei-zentai.pdf
202106,30,681,640,1321,https://www.city.urasoe.lg.jp/doc/6656ccbe699259328fa9f972/file_contents/202106nenrei-zentai.pdf
202106,55,638,678,1316,https://www.city.urasoe.lg.jp/doc/6656ccbe699259328fa9f972/file_contents/202106nenrei-zentai.pdf
202106,80,380,447,827,https://www.city.urasoe.lg.jp/doc/6656ccbe699259328fa9f972/file_contents/202106nenrei-zentai.pdf
202106,6,667,684,1351,https://www.city.urasoe.lg.jp/doc/6656ccbe699259328fa9f972/file_contents/202106nenrei-zentai.pdf
202106,31,644,693,1337,https://www.city.urasoe.lg.jp/doc/6656ccbe699259328fa9f972/file_contents/202106nenrei-zentai.pdf
202106,56,681,720,1401,https://www.city.urasoe.lg.jp/doc/6656ccbe699259328fa9f972/file_contents/202106nenrei-zentai.pdf
202106,81,326,438,764,https://www.city.urasoe.lg.jp/doc/6656ccbe699259328fa9f972/file_contents/202106nenrei-zentai.pdf
202106,7,655,593,1248,https://www.city.urasoe.lg.jp/doc/6656ccbe699259328fa9f972/file_contents/202106nenrei-zentai.pdf
202106,32,677,698,1375,https://www.city.urasoe.lg.jp/doc/6656ccbe699259328fa9f972/file_contents/202106nenrei-zentai.pdf
202106,57,673,770,1443,https://www.city.urasoe.lg.jp/doc/6656ccbe699259328fa9f972/file_contents/202106nenrei-zentai.pdf
202106,82,294,376,670,https://www.city.urasoe.lg.jp/doc/6656ccbe699259328fa9f972/file_contents/202106nenrei-zentai.pdf
202106,8,689,672,1361,https://www.city.urasoe.lg.jp/doc/6656ccbe699259328fa9f972/file_contents/202106nenrei-zentai.pdf
202106,33,671,677,1348,https://www.city.urasoe.lg.jp/doc/6656ccbe699259328fa9f972/file_contents/202106nenrei-zentai.pdf
202106,58,667,768,1435,https://www.city.urasoe.lg.jp/doc/6656ccbe699259328fa9f972/file_contents/202106nenrei-zentai.pdf
202106,83,294,376,670,https://www.city.urasoe.lg.jp/doc/6656ccbe699259328fa9f972/file_contents/202106nenrei-zentai.pdf
202106,9,704,695,1399,https://www.city.urasoe.lg.jp/doc/6656ccbe699259328fa9f972/file_contents/202106nenrei-zentai.pdf
202106,34,756,746,1502,https://www.city.urasoe.lg.jp/doc/6656ccbe699259328fa9f972/file_contents/202106nenrei-zentai.pdf
202106,59,658,713,1371,https://www.city.urasoe.lg.jp/doc/6656ccbe699259328fa9f972/file_contents/202106nenrei-zentai.pdf
202106,84,245,388,633,https://www.city.urasoe.lg.jp/doc/6656ccbe699259328fa9f972/file_contents/202106nenrei-zentai.pdf
202106,10,658,670,1328,https://www.city.urasoe.lg.jp/doc/6656ccbe699259328fa9f972/file_contents/202106nenrei-zentai.pdf
202106,35,718,749,1467,https://www.city.urasoe.lg.jp/doc/6656ccbe699259328fa9f972/file_contents/202106nenrei-zentai.pdf
202106,60,692,686,1378,https://www.city.urasoe.lg.jp/doc/6656ccbe699259328fa9f972/file_contents/202106nenrei-zentai.pdf
202106,85,219,360,579,https://www.city.urasoe.lg.jp/doc/6656ccbe699259328fa9f972/file_contents/202106nenrei-zentai.pdf
202106,11,722,653,1375,https://www.city.urasoe.lg.jp/doc/6656ccbe699259328fa9f972/file_contents/202106nenrei-zentai.pdf
202106,36,748,828,1576,https://www.city.urasoe.lg.jp/doc/6656ccbe699259328fa9f972/file_contents/202106nenrei-zentai.pdf
202106,61,675,710,1385,https://www.city.urasoe.lg.jp/doc/6656ccbe699259328fa9f972/file_contents/202106nenrei-zentai.pdf
202106,86,209,343,552,https://www.city.urasoe.lg.jp/doc/6656ccbe699259328fa9f972/file_contents/202106nenrei-zentai.pdf
202106,12,720,696,1416,https://www.city.urasoe.lg.jp/doc/6656ccbe699259328fa9f972/file_contents/202106nenrei-zentai.pdf
202106,37,754,793,1547,https://www.city.urasoe.lg.jp/doc/6656ccbe699259328fa9f972/file_contents/202106nenrei-zentai.pdf
202106,62,696,684,1380,https://www.city.urasoe.lg.jp/doc/6656ccbe699259328fa9f972/file_contents/202106nenrei-zentai.pdf
202106,87,146,290,436,https://www.city.urasoe.lg.jp/doc/6656ccbe699259328fa9f972/file_contents/202106nenrei-zentai.pdf
202106,13,691,703,1394,https://www.city.urasoe.lg.jp/doc/6656ccbe699259328fa9f972/file_contents/202106nenrei-zentai.pdf
202106,38,702,733,1435,https://www.city.urasoe.lg.jp/doc/6656ccbe699259328fa9f972/file_contents/202106nenrei-zentai.pdf
202106,63,626,613,1239,https://www.city.urasoe.lg.jp/doc/6656ccbe699259328fa9f972/file_contents/202106nenrei-zentai.pdf
202106,88,148,252,400,https://www.city.urasoe.lg.jp/doc/6656ccbe699259328fa9f972/file_contents/202106nenrei-zentai.pdf
202106,14,742,686,1428,https://www.city.urasoe.lg.jp/doc/6656ccbe699259328fa9f972/file_contents/202106nenrei-zentai.pdf
202106,39,700,743,1443,https://www.city.urasoe.lg.jp/doc/6656ccbe699259328fa9f972/file_contents/202106nenrei-zentai.pdf
202106,64,596,637,1233,https://www.city.urasoe.lg.jp/doc/6656ccbe699259328fa9f972/file_contents/202106nenrei-zentai.pdf
202106,89,109,203,312,https://www.city.urasoe.lg.jp/doc/6656ccbe699259328fa9f972/file_contents/202106nenrei-zentai.pdf
202106,15,708,675,1383,https://www.city.urasoe.lg.jp/doc/6656ccbe699259328fa9f972/file_contents/202106nenrei-zentai.pdf
202106,40,722,767,1489,https://www.city.urasoe.lg.jp/doc/6656ccbe699259328fa9f972/file_contents/202106nenrei-zentai.pdf
202106,65,609,623,1232,https://www.city.urasoe.lg.jp/doc/6656ccbe699259328fa9f972/file_contents/202106nenrei-zentai.pdf
202106,90,81,173,254,https://www.city.urasoe.lg.jp/doc/6656ccbe699259328fa9f972/file_contents/202106nenrei-zentai.pdf
202106,16,695,614,1309,https://www.city.urasoe.lg.jp/doc/6656ccbe699259328fa9f972/file_contents/202106nenrei-zentai.pdf
202106,41,743,789,1532,https://www.city.urasoe.lg.jp/doc/6656ccbe699259328fa9f972/file_contents/202106nenrei-zentai.pdf
202106,66,628,713,1341,https://www.city.urasoe.lg.jp/doc/6656ccbe699259328fa9f972/file_contents/202106nenrei-zentai.pdf
202106,91,67,166,233,https://www.city.urasoe.lg.jp/doc/6656ccbe699259328fa9f972/file_contents/202106nenrei-zentai.pdf
202106,17,698,687,1385,https://www.city.urasoe.lg.jp/doc/6656ccbe699259328fa9f972/file_contents/202106nenrei-zentai.pdf
202106,42,819,805,1624,https://www.city.urasoe.lg.jp/doc/6656ccbe699259328fa9f972/file_contents/202106nenrei-zentai.pdf
202106,67,605,711,1316,https://www.city.urasoe.lg.jp/doc/6656ccbe699259328fa9f972/file_contents/202106nenrei-zentai.pdf
202106,92,54,138,192,https://www.city.urasoe.lg.jp/doc/6656ccbe699259328fa9f972/file_contents/202106nenrei-zentai.pdf
202106,18,706,636,1342,https://www.city.urasoe.lg.jp/doc/6656ccbe699259328fa9f972/file_contents/202106nenrei-zentai.pdf
202106,43,766,792,1558,https://www.city.urasoe.lg.jp/doc/6656ccbe699259328fa9f972/file_contents/202106nenrei-zentai.pdf
202106,68,673,685,1358,https://www.city.urasoe.lg.jp/doc/6656ccbe699259328fa9f972/file_contents/202106nenrei-zentai.pdf
202106,93,36,119,155,https://www.city.urasoe.lg.jp/doc/6656ccbe699259328fa9f972/file_contents/202106nenrei-zentai.pdf
202106,19,644,643,1287,https://www.city.urasoe.lg.jp/doc/6656ccbe699259328fa9f972/file_contents/202106nenrei-zentai.pdf
202106,44,832,852,1684,https://www.city.urasoe.lg.jp/doc/6656ccbe699259328fa9f972/file_contents/202106nenrei-zentai.pdf
202106,69,597,758,1355,https://www.city.urasoe.lg.jp/doc/6656ccbe699259328fa9f972/file_contents/202106nenrei-zentai.pdf
202106,94,26,95,121,https://www.city.urasoe.lg.jp/doc/6656ccbe699259328fa9f972/file_contents/202106nenrei-zentai.pdf
202106,20,653,637,1290,https://www.city.urasoe.lg.jp/doc/6656ccbe699259328fa9f972/file_contents/202106nenrei-zentai.pdf
202106,45,849,856,1705,https://www.city.urasoe.lg.jp/doc/6656ccbe699259328fa9f972/file_contents/202106nenrei-zentai.pdf
202106,70,675,735,1410,https://www.city.urasoe.lg.jp/doc/6656ccbe699259328fa9f972/file_contents/202106nenrei-zentai.pdf
202106,95,10,77,87,https://www.city.urasoe.lg.jp/doc/6656ccbe699259328fa9f972/file_contents/202106nenrei-zentai.pdf
202106,21,628,651,1279,https://www.city.urasoe.lg.jp/doc/6656ccbe699259328fa9f972/file_contents/202106nenrei-zentai.pdf
202106,46,906,955,1861,https://www.city.urasoe.lg.jp/doc/6656ccbe699259328fa9f972/file_contents/202106nenrei-zentai.pdf
202106,71,636,691,1327,https://www.city.urasoe.lg.jp/doc/6656ccbe699259328fa9f972/file_contents/202106nenrei-zentai.pdf
202106,96,10,45,55,https://www.city.urasoe.lg.jp/doc/6656ccbe699259328fa9f972/file_contents/202106nenrei-zentai.pdf
202106,22,691,609,1300,https://www.city.urasoe.lg.jp/doc/6656ccbe699259328fa9f972/file_contents/202106nenrei-zentai.pdf
202106,47,937,1005,1942,https://www.city.urasoe.lg.jp/doc/6656ccbe699259328fa9f972/file_contents/202106nenrei-zentai.pdf
202106,72,608,623,1231,https://www.city.urasoe.lg.jp/doc/6656ccbe699259328fa9f972/file_contents/202106nenrei-zentai.pdf
202106,97,17,47,64,https://www.city.urasoe.lg.jp/doc/6656ccbe699259328fa9f972/file_contents/202106nenrei-zentai.pdf
202106,23,643,623,1266,https://www.city.urasoe.lg.jp/doc/6656ccbe699259328fa9f972/file_contents/202106nenrei-zentai.pdf
202106,48,939,941,1880,https://www.city.urasoe.lg.jp/doc/6656ccbe699259328fa9f972/file_contents/202106nenrei-zentai.pdf
202106,73,645,679,1324,https://www.city.urasoe.lg.jp/doc/6656ccbe699259328fa9f972/file_contents/202106nenrei-zentai.pdf
202106,98,5,33,38,https://www.city.urasoe.lg.jp/doc/6656ccbe699259328fa9f972/file_contents/202106nenrei-zentai.pdf
202106,24,627,617,1244,https://www.city.urasoe.lg.jp/doc/6656ccbe699259328fa9f972/file_contents/202106nenrei-zentai.pdf
202106,49,852,871,1723,https://www.city.urasoe.lg.jp/doc/6656ccbe699259328fa9f972/file_contents/202106nenrei-zentai.pdf
202106,74,396,455,851,https://www.city.urasoe.lg.jp/doc/6656ccbe699259328fa9f972/file_contents/202106nenrei-zentai.pdf
202106,99,3,29,32,https://www.city.urasoe.lg.jp/doc/6656ccbe699259328fa9f972/file_contents/202106nenrei-zentai.pdf
202106,100,2,16,18,https://www.city.urasoe.lg.jp/doc/6656ccbe699259328fa9f972/file_contents/202106nenrei-zentai.pdf
202106,101,1,16,17,https://www.city.urasoe.lg.jp/doc/6656ccbe699259328fa9f972/file_contents/202106nenrei-zentai.pdf
202107,0,654,567,1221,https://www.city.urasoe.lg.jp/doc/6656ccbe699259328fa9f972/file_contents/202107nenrei-zentai.pdf
202107,25,642,618,1260,https://www.city.urasoe.lg.jp/doc/6656ccbe699259328fa9f972/file_contents/202107nenrei-zentai.pdf
202107,50,816,902,1718,https://www.city.urasoe.lg.jp/doc/6656ccbe699259328fa9f972/file_contents/202107nenrei-zentai.pdf
202107,75,221,257,478,https://www.city.urasoe.lg.jp/doc/6656ccbe699259328fa9f972/file_contents/202107nenrei-zentai.pdf
202107,1,593,575,1168,https://www.city.urasoe.lg.jp/doc/6656ccbe699259328fa9f972/file_contents/202107nenrei-zentai.pdf
202107,26,655,604,1259,https://www.city.urasoe.lg.jp/doc/6656ccbe699259328fa9f972/file_contents/202107nenrei-zentai.pdf
202107,51,824,838,1662,https://www.city.urasoe.lg.jp/doc/6656ccbe699259328fa9f972/file_contents/202107nenrei-zentai.pdf
202107,76,256,348,604,https://www.city.urasoe.lg.jp/doc/6656ccbe699259328fa9f972/file_contents/202107nenrei-zentai.pdf
202107,2,596,586,1182,https://www.city.urasoe.lg.jp/doc/6656ccbe699259328fa9f972/file_contents/202107nenrei-zentai.pdf
202107,27,667,627,1294,https://www.city.urasoe.lg.jp/doc/6656ccbe699259328fa9f972/file_contents/202107nenrei-zentai.pdf
202107,52,846,854,1700,https://www.city.urasoe.lg.jp/doc/6656ccbe699259328fa9f972/file_contents/202107nenrei-zentai.pdf
202107,77,396,436,832,https://www.city.urasoe.lg.jp/doc/6656ccbe699259328fa9f972/file_contents/202107nenrei-zentai.pdf
202107,3,649,600,1249,https://www.city.urasoe.lg.jp/doc/6656ccbe699259328fa9f972/file_contents/202107nenrei-zentai.pdf
202107,28,619,650,1269,https://www.city.urasoe.lg.jp/doc/6656ccbe699259328fa9f972/file_contents/202107nenrei-zentai.pdf
202107,53,790,875,1665,https://www.city.urasoe.lg.jp/doc/6656ccbe699259328fa9f972/file_contents/202107nenrei-zentai.pdf
202107,78,333,449,782,https://www.city.urasoe.lg.jp/doc/6656ccbe699259328fa9f972/file_contents/202107nenrei-zentai.pdf
202107,4,656,631,1287,https://www.city.urasoe.lg.jp/doc/6656ccbe699259328fa9f972/file_contents/202107nenrei-zentai.pdf
202107,29,663,665,1328,https://www.city.urasoe.lg.jp/doc/6656ccbe699259328fa9f972/file_contents/202107nenrei-zentai.pdf
202107,54,766,780,1546,https://www.city.urasoe.lg.jp/doc/6656ccbe699259328fa9f972/file_contents/202107nenrei-zentai.pdf
202107,79,361,440,801,https://www.city.urasoe.lg.jp/doc/6656ccbe699259328fa9f972/file_contents/202107nenrei-zentai.pdf
202107,5,644,618,1262,https://www.city.urasoe.lg.jp/doc/6656ccbe699259328fa9f972/file_contents/202107nenrei-zentai.pdf
202107,30,654,631,1285,https://www.city.urasoe.lg.jp/doc/6656ccbe699259328fa9f972/file_contents/202107nenrei-zentai.pdf
202107,55,625,691,1316,https://www.city.urasoe.lg.jp/doc/6656ccbe699259328fa9f972/file_contents/202107nenrei-zentai.pdf
202107,80,371,469,840,https://www.city.urasoe.lg.jp/doc/6656ccbe699259328fa9f972/file_contents/202107nenrei-zentai.pdf
202107,6,654,675,1329,https://www.city.urasoe.lg.jp/doc/6656ccbe699259328fa9f972/file_contents/202107nenrei-zentai.pdf
202107,31,674,703,1377,https://www.city.urasoe.lg.jp/doc/6656ccbe699259328fa9f972/file_contents/202107nenrei-zentai.pdf
202107,56,682,712,1394,https://www.city.urasoe.lg.jp/doc/6656ccbe699259328fa9f972/file_contents/202107nenrei-zentai.pdf
202107,81,337,425,762,https://www.city.urasoe.lg.jp/doc/6656ccbe699259328fa9f972/file_contents/202107nenrei-zentai.pdf
202107,7,658,616,1274,https://www.city.urasoe.lg.jp/doc/6656ccbe699259328fa9f972/file_contents/202107nenrei-zentai.pdf
202107,32,662,712,1374,https://www.city.urasoe.lg.jp/doc/6656ccbe699259328fa9f972/file_contents/202107nenrei-zentai.pdf
202107,57,694,767,1461,https://www.city.urasoe.lg.jp/doc/6656ccbe699259328fa9f972/file_contents/202107nenrei-zentai.pdf
202107,82,289,382,671,https://www.city.urasoe.lg.jp/doc/6656ccbe699259328fa9f972/file_contents/202107nenrei-zentai.pdf
202107,8,681,642,1323,https://www.city.urasoe.lg.jp/doc/6656ccbe699259328fa9f972/file_contents/202107nenrei-zentai.pdf
202107,33,682,657,1339,https://www.city.urasoe.lg.jp/doc/6656ccbe699259328fa9f972/file_contents/202107nenrei-zentai.pdf
202107,58,656,776,1432,https://www.city.urasoe.lg.jp/doc/6656ccbe699259328fa9f972/file_contents/202107nenrei-zentai.pdf
202107,83,307,374,681,https://www.city.urasoe.lg.jp/doc/6656ccbe699259328fa9f972/file_contents/202107nenrei-zentai.pdf
202107,9,708,702,1410,https://www.city.urasoe.lg.jp/doc/6656ccbe699259328fa9f972/file_contents/202107nenrei-zentai.pdf
202107,34,749,745,1494,https://www.city.urasoe.lg.jp/doc/6656ccbe699259328fa9f972/file_contents/202107nenrei-zentai.pdf
202107,59,661,703,1364,https://www.city.urasoe.lg.jp/doc/6656ccbe699259328fa9f972/file_contents/202107nenrei-zentai.pdf
202107,84,236,373,609,https://www.city.urasoe.lg.jp/doc/6656ccbe699259328fa9f972/file_contents/202107nenrei-zentai.pdf
202107,10,667,684,1351,https://www.city.urasoe.lg.jp/doc/6656ccbe699259328fa9f972/file_contents/202107nenrei-zentai.pdf
202107,35,720,745,1465,https://www.city.urasoe.lg.jp/doc/6656ccbe699259328fa9f972/file_contents/202107nenrei-zentai.pdf
202107,60,705,702,1407,https://www.city.urasoe.lg.jp/doc/6656ccbe699259328fa9f972/file_contents/202107nenrei-zentai.pdf
202107,85,213,379,592,https://www.city.urasoe.lg.jp/doc/6656ccbe699259328fa9f972/file_contents/202107nenrei-zentai.pdf
202107,11,704,638,1342,https://www.city.urasoe.lg.jp/doc/6656ccbe699259328fa9f972/file_contents/202107nenrei-zentai.pdf
202107,36,744,821,1565,https://www.city.urasoe.lg.jp/doc/6656ccbe699259328fa9f972/file_contents/202107nenrei-zentai.pdf
202107,61,668,699,1367,https://www.city.urasoe.lg.jp/doc/6656ccbe699259328fa9f972/file_contents/202107nenrei-zentai.pdf
202107,86,224,334,558,https://www.city.urasoe.lg.jp/doc/6656ccbe699259328fa9f972/file_contents/202107nenrei-zentai.pdf
202107,12,727,704,1431,https://www.city.urasoe.lg.jp/doc/6656ccbe699259328fa9f972/file_contents/202107nenrei-zentai.pdf
202107,37,738,801,1539,https://www.city.urasoe.lg.jp/doc/6656ccbe699259328fa9f972/file_contents/202107nenrei-zentai.pdf
202107,62,692,678,1370,https://www.city.urasoe.lg.jp/doc/6656ccbe699259328fa9f972/file_contents/202107nenrei-zentai.pdf
202107,87,143,298,441,https://www.city.urasoe.lg.jp/doc/6656ccbe699259328fa9f972/file_contents/202107nenrei-zentai.pdf
202107,13,685,709,1394,https://www.city.urasoe.lg.jp/doc/6656ccbe699259328fa9f972/file_contents/202107nenrei-zentai.pdf
202107,38,709,725,1434,https://www.city.urasoe.lg.jp/doc/6656ccbe699259328fa9f972/file_contents/202107nenrei-zentai.pdf
202107,63,625,642,1267,https://www.city.urasoe.lg.jp/doc/6656ccbe699259328fa9f972/file_contents/202107nenrei-zentai.pdf
202107,88,147,246,393,https://www.city.urasoe.lg.jp/doc/6656ccbe699259328fa9f972/file_contents/202107nenrei-zentai.pdf
202107,14,745,682,1427,https://www.city.urasoe.lg.jp/doc/6656ccbe699259328fa9f972/file_contents/202107nenrei-zentai.pdf
202107,39,707,740,1447,https://www.city.urasoe.lg.jp/doc/6656ccbe699259328fa9f972/file_contents/202107nenrei-zentai.pdf
202107,64,605,633,1238,https://www.city.urasoe.lg.jp/doc/6656ccbe699259328fa9f972/file_contents/202107nenrei-zentai.pdf
202107,89,111,216,327,https://www.city.urasoe.lg.jp/doc/6656ccbe699259328fa9f972/file_contents/202107nenrei-zentai.pdf
202107,15,715,677,1392,https://www.city.urasoe.lg.jp/doc/6656ccbe699259328fa9f972/file_contents/202107nenrei-zentai.pdf
202107,40,728,776,1504,https://www.city.urasoe.lg.jp/doc/6656ccbe699259328fa9f972/file_contents/202107nenrei-zentai.pdf
202107,65,607,613,1220,https://www.city.urasoe.lg.jp/doc/6656ccbe699259328fa9f972/file_contents/202107nenrei-zentai.pdf
202107,90,79,167,246,https://www.city.urasoe.lg.jp/doc/6656ccbe699259328fa9f972/file_contents/202107nenrei-zentai.pdf
202107,16,693,612,1305,https://www.city.urasoe.lg.jp/doc/6656ccbe699259328fa9f972/file_contents/202107nenrei-zentai.pdf
202107,41,733,798,1531,https://www.city.urasoe.lg.jp/doc/6656ccbe699259328fa9f972/file_contents/202107nenrei-zentai.pdf
202107,66,630,711,1341,https://www.city.urasoe.lg.jp/doc/6656ccbe699259328fa9f972/file_contents/202107nenrei-zentai.pdf
202107,91,72,163,235,https://www.city.urasoe.lg.jp/doc/6656ccbe699259328fa9f972/file_contents/202107nenrei-zentai.pdf
202107,17,698,683,1381,https://www.city.urasoe.lg.jp/doc/6656ccbe699259328fa9f972/file_contents/202107nenrei-zentai.pdf
202107,42,813,787,1600,https://www.city.urasoe.lg.jp/doc/6656ccbe699259328fa9f972/file_contents/202107nenrei-zentai.pdf
202107,67,607,705,1312,https://www.city.urasoe.lg.jp/doc/6656ccbe699259328fa9f972/file_contents/202107nenrei-zentai.pdf
202107,92,51,142,193,https://www.city.urasoe.lg.jp/doc/6656ccbe699259328fa9f972/file_contents/202107nenrei-zentai.pdf
202107,18,706,636,1342,https://www.city.urasoe.lg.jp/doc/6656ccbe699259328fa9f972/file_contents/202107nenrei-zentai.pdf
202107,43,769,796,1565,https://www.city.urasoe.lg.jp/doc/6656ccbe699259328fa9f972/file_contents/202107nenrei-zentai.pdf
202107,68,663,701,1364,https://www.city.urasoe.lg.jp/doc/6656ccbe699259328fa9f972/file_contents/202107nenrei-zentai.pdf
202107,93,40,119,159,https://www.city.urasoe.lg.jp/doc/6656ccbe699259328fa9f972/file_contents/202107nenrei-zentai.pdf
202107,19,648,645,1293,https://www.city.urasoe.lg.jp/doc/6656ccbe699259328fa9f972/file_contents/202107nenrei-zentai.pdf
202107,44,821,854,1675,https://www.city.urasoe.lg.jp/doc/6656ccbe699259328fa9f972/file_contents/202107nenrei-zentai.pdf
202107,69,604,738,1342,https://www.city.urasoe.lg.jp/doc/6656ccbe699259328fa9f972/file_contents/202107nenrei-zentai.pdf
202107,94,25,99,124,https://www.city.urasoe.lg.jp/doc/6656ccbe699259328fa9f972/file_contents/202107nenrei-zentai.pdf
202107,20,641,647,1288,https://www.city.urasoe.lg.jp/doc/6656ccbe699259328fa9f972/file_contents/202107nenrei-zentai.pdf
202107,45,838,839,1677,https://www.city.urasoe.lg.jp/doc/6656ccbe699259328fa9f972/file_contents/202107nenrei-zentai.pdf
202107,70,662,734,1396,https://www.city.urasoe.lg.jp/doc/6656ccbe699259328fa9f972/file_contents/202107nenrei-zentai.pdf
202107,95,10,77,87,https://www.city.urasoe.lg.jp/doc/6656ccbe699259328fa9f972/file_contents/202107nenrei-zentai.pdf
202107,21,628,650,1278,https://www.city.urasoe.lg.jp/doc/6656ccbe699259328fa9f972/file_contents/202107nenrei-zentai.pdf
202107,46,925,954,1879,https://www.city.urasoe.lg.jp/doc/6656ccbe699259328fa9f972/file_contents/202107nenrei-zentai.pdf
202107,71,647,705,1352,https://www.city.urasoe.lg.jp/doc/6656ccbe699259328fa9f972/file_contents/202107nenrei-zentai.pdf
202107,96,9,45,54,https://www.city.urasoe.lg.jp/doc/6656ccbe699259328fa9f972/file_contents/202107nenrei-zentai.pdf
202107,22,678,604,1282,https://www.city.urasoe.lg.jp/doc/6656ccbe699259328fa9f972/file_contents/202107nenrei-zentai.pdf
202107,47,917,1007,1924,https://www.city.urasoe.lg.jp/doc/6656ccbe699259328fa9f972/file_contents/202107nenrei-zentai.pdf
202107,72,605,614,1219,https://www.city.urasoe.lg.jp/doc/6656ccbe699259328fa9f972/file_contents/202107nenrei-zentai.pdf
202107,97,17,47,64,https://www.city.urasoe.lg.jp/doc/6656ccbe699259328fa9f972/file_contents/202107nenrei-zentai.pdf
202107,23,658,622,1280,https://www.city.urasoe.lg.jp/doc/6656ccbe699259328fa9f972/file_contents/202107nenrei-zentai.pdf
202107,48,947,939,1886,https://www.city.urasoe.lg.jp/doc/6656ccbe699259328fa9f972/file_contents/202107nenrei-zentai.pdf
202107,73,646,668,1314,https://www.city.urasoe.lg.jp/doc/6656ccbe699259328fa9f972/file_contents/202107nenrei-zentai.pdf
202107,98,5,32,37,https://www.city.urasoe.lg.jp/doc/6656ccbe699259328fa9f972/file_contents/202107nenrei-zentai.pdf
202107,24,632,636,1268,https://www.city.urasoe.lg.jp/doc/6656ccbe699259328fa9f972/file_contents/202107nenrei-zentai.pdf
202107,49,851,871,1722,https://www.city.urasoe.lg.jp/doc/6656ccbe699259328fa9f972/file_contents/202107nenrei-zentai.pdf
202107,74,424,495,919,https://www.city.urasoe.lg.jp/doc/6656ccbe699259328fa9f972/file_contents/202107nenrei-zentai.pdf
202107,99,3,29,32,https://www.city.urasoe.lg.jp/doc/6656ccbe699259328fa9f972/file_contents/202107nenrei-zentai.pdf
202107,100,2,18,20,https://www.city.urasoe.lg.jp/doc/6656ccbe699259328fa9f972/file_contents/202107nenrei-zentai.pdf
202107,101,1,13,14,https://www.city.urasoe.lg.jp/doc/6656ccbe699259328fa9f972/file_contents/202107nenrei-zentai.pdf
202108,0,655,562,1217,https://www.city.urasoe.lg.jp/doc/6656ccbe699259328fa9f972/file_contents/202108nenrei-zentai.pdf
202108,25,656,616,1272,https://www.city.urasoe.lg.jp/doc/6656ccbe699259328fa9f972/file_contents/202108nenrei-zentai.pdf
202108,50,820,902,1722,https://www.city.urasoe.lg.jp/doc/6656ccbe699259328fa9f972/file_contents/202108nenrei-zentai.pdf
202108,75,226,260,486,https://www.city.urasoe.lg.jp/doc/6656ccbe699259328fa9f972/file_contents/202108nenrei-zentai.pdf
202108,1,601,587,1188,https://www.city.urasoe.lg.jp/doc/6656ccbe699259328fa9f972/file_contents/202108nenrei-zentai.pdf
202108,26,643,622,1265,https://www.city.urasoe.lg.jp/doc/6656ccbe699259328fa9f972/file_contents/202108nenrei-zentai.pdf
202108,51,800,860,1660,https://www.city.urasoe.lg.jp/doc/6656ccbe699259328fa9f972/file_contents/202108nenrei-zentai.pdf
202108,76,252,341,593,https://www.city.urasoe.lg.jp/doc/6656ccbe699259328fa9f972/file_contents/202108nenrei-zentai.pdf
202108,2,598,582,1180,https://www.city.urasoe.lg.jp/doc/6656ccbe699259328fa9f972/file_contents/202108nenrei-zentai.pdf
202108,27,667,609,1276,https://www.city.urasoe.lg.jp/doc/6656ccbe699259328fa9f972/file_contents/202108nenrei-zentai.pdf
202108,52,853,846,1699,https://www.city.urasoe.lg.jp/doc/6656ccbe699259328fa9f972/file_contents/202108nenrei-zentai.pdf
202108,77,376,427,803,https://www.city.urasoe.lg.jp/doc/6656ccbe699259328fa9f972/file_contents/202108nenrei-zentai.pdf
202108,3,647,582,1229,https://www.city.urasoe.lg.jp/doc/6656ccbe699259328fa9f972/file_contents/202108nenrei-zentai.pdf
202108,28,627,662,1289,https://www.city.urasoe.lg.jp/doc/6656ccbe699259328fa9f972/file_contents/202108nenrei-zentai.pdf
202108,53,796,880,1676,https://www.city.urasoe.lg.jp/doc/6656ccbe699259328fa9f972/file_contents/202108nenrei-zentai.pdf
202108,78,340,450,790,https://www.city.urasoe.lg.jp/doc/6656ccbe699259328fa9f972/file_contents/202108nenrei-zentai.pdf
202108,4,658,625,1283,https://www.city.urasoe.lg.jp/doc/6656ccbe699259328fa9f972/file_contents/202108nenrei-zentai.pdf
202108,29,646,650,1296,https://www.city.urasoe.lg.jp/doc/6656ccbe699259328fa9f972/file_contents/202108nenrei-zentai.pdf
202108,54,787,793,1580,https://www.city.urasoe.lg.jp/doc/6656ccbe699259328fa9f972/file_contents/202108nenrei-zentai.pdf
202108,79,359,433,792,https://www.city.urasoe.lg.jp/doc/6656ccbe699259328fa9f972/file_contents/202108nenrei-zentai.pdf
202108,5,642,621,1263,https://www.city.urasoe.lg.jp/doc/6656ccbe699259328fa9f972/file_contents/202108nenrei-zentai.pdf
202108,30,671,640,1311,https://www.city.urasoe.lg.jp/doc/6656ccbe699259328fa9f972/file_contents/202108nenrei-zentai.pdf
202108,55,613,674,1287,https://www.city.urasoe.lg.jp/doc/6656ccbe699259328fa9f972/file_contents/202108nenrei-zentai.pdf
202108,80,373,463,836,https://www.city.urasoe.lg.jp/doc/6656ccbe699259328fa9f972/file_contents/202108nenrei-zentai.pdf
202108,6,644,671,1315,https://www.city.urasoe.lg.jp/doc/6656ccbe699259328fa9f972/file_contents/202108nenrei-zentai.pdf
202108,31,668,687,1355,https://www.city.urasoe.lg.jp/doc/6656ccbe699259328fa9f972/file_contents/202108nenrei-zentai.pdf
202108,56,688,720,1408,https://www.city.urasoe.lg.jp/doc/6656ccbe699259328fa9f972/file_contents/202108nenrei-zentai.pdf
202108,81,334,438,772,https://www.city.urasoe.lg.jp/doc/6656ccbe699259328fa9f972/file_contents/202108nenrei-zentai.pdf
202108,7,658,621,1279,https://www.city.urasoe.lg.jp/doc/6656ccbe699259328fa9f972/file_contents/202108nenrei-zentai.pdf
202108,32,668,718,1386,https://www.city.urasoe.lg.jp/doc/6656ccbe699259328fa9f972/file_contents/202108nenrei-zentai.pdf
202108,57,693,746,1439,https://www.city.urasoe.lg.jp/doc/6656ccbe699259328fa9f972/file_contents/202108nenrei-zentai.pdf
202108,82,296,384,680,https://www.city.urasoe.lg.jp/doc/6656ccbe699259328fa9f972/file_contents/202108nenrei-zentai.pdf
202108,8,677,645,1322,https://www.city.urasoe.lg.jp/doc/6656ccbe699259328fa9f972/file_contents/202108nenrei-zentai.pdf
202108,33,679,661,1340,https://www.city.urasoe.lg.jp/doc/6656ccbe699259328fa9f972/file_contents/202108nenrei-zentai.pdf
202108,58,665,791,1456,https://www.city.urasoe.lg.jp/doc/6656ccbe699259328fa9f972/file_contents/202108nenrei-zentai.pdf
202108,83,304,372,676,https://www.city.urasoe.lg.jp/doc/6656ccbe699259328fa9f972/file_contents/202108nenrei-zentai.pdf
202108,9,712,699,1411,https://www.city.urasoe.lg.jp/doc/6656ccbe699259328fa9f972/file_contents/202108nenrei-zentai.pdf
202108,34,754,744,1498,https://www.city.urasoe.lg.jp/doc/6656ccbe699259328fa9f972/file_contents/202108nenrei-zentai.pdf
202108,59,642,707,1349,https://www.city.urasoe.lg.jp/doc/6656ccbe699259328fa9f972/file_contents/202108nenrei-zentai.pdf
202108,84,231,375,606,https://www.city.urasoe.lg.jp/doc/6656ccbe699259328fa9f972/file_contents/202108nenrei-zentai.pdf
202108,10,669,689,1358,https://www.city.urasoe.lg.jp/doc/6656ccbe699259328fa9f972/file_contents/202108nenrei-zentai.pdf
202108,35,702,735,1437,https://www.city.urasoe.lg.jp/doc/6656ccbe699259328fa9f972/file_contents/202108nenrei-zentai.pdf
202108,60,714,710,1424,https://www.city.urasoe.lg.jp/doc/6656ccbe699259328fa9f972/file_contents/202108nenrei-zentai.pdf
202108,85,225,378,603,https://www.city.urasoe.lg.jp/doc/6656ccbe699259328fa9f972/file_contents/202108nenrei-zentai.pdf
202108,11,706,641,1347,https://www.city.urasoe.lg.jp/doc/6656ccbe699259328fa9f972/file_contents/202108nenrei-zentai.pdf
202108,36,756,813,1569,https://www.city.urasoe.lg.jp/doc/6656ccbe699259328fa9f972/file_contents/202108nenrei-zentai.pdf
202108,61,657,699,1356,https://www.city.urasoe.lg.jp/doc/6656ccbe699259328fa9f972/file_contents/202108nenrei-zentai.pdf
202108,86,219,323,542,https://www.city.urasoe.lg.jp/doc/6656ccbe699259328fa9f972/file_contents/202108nenrei-zentai.pdf
202108,12,733,691,1424,https://www.city.urasoe.lg.jp/doc/6656ccbe699259328fa9f972/file_contents/202108nenrei-zentai.pdf
202108,37,730,812,1542,https://www.city.urasoe.lg.jp/doc/6656ccbe699259328fa9f972/file_contents/202108nenrei-zentai.pdf
202108,62,696,653,1349,https://www.city.urasoe.lg.jp/doc/6656ccbe699259328fa9f972/file_contents/202108nenrei-zentai.pdf
202108,87,146,309,455,https://www.city.urasoe.lg.jp/doc/6656ccbe699259328fa9f972/file_contents/202108nenrei-zentai.pdf
202108,13,690,700,1390,https://www.city.urasoe.lg.jp/doc/6656ccbe699259328fa9f972/file_contents/202108nenrei-zentai.pdf
202108,38,715,716,1431,https://www.city.urasoe.lg.jp/doc/6656ccbe699259328fa9f972/file_contents/202108nenrei-zentai.pdf
202108,63,630,660,1290,https://www.city.urasoe.lg.jp/doc/6656ccbe699259328fa9f972/file_contents/202108nenrei-zentai.pdf
202108,88,145,245,390,https://www.city.urasoe.lg.jp/doc/6656ccbe699259328fa9f972/file_contents/202108nenrei-zentai.pdf
202108,14,737,685,1422,https://www.city.urasoe.lg.jp/doc/6656ccbe699259328fa9f972/file_contents/202108nenrei-zentai.pdf
202108,39,712,742,1454,https://www.city.urasoe.lg.jp/doc/6656ccbe699259328fa9f972/file_contents/202108nenrei-zentai.pdf
202108,64,603,634,1237,https://www.city.urasoe.lg.jp/doc/6656ccbe699259328fa9f972/file_contents/202108nenrei-zentai.pdf
202108,89,115,218,333,https://www.city.urasoe.lg.jp/doc/6656ccbe699259328fa9f972/file_contents/202108nenrei-zentai.pdf
202108,15,708,694,1402,https://www.city.urasoe.lg.jp/doc/6656ccbe699259328fa9f972/file_contents/202108nenrei-zentai.pdf
202108,40,720,765,1485,https://www.city.urasoe.lg.jp/doc/6656ccbe699259328fa9f972/file_contents/202108nenrei-zentai.pdf
202108,65,609,618,1227,https://www.city.urasoe.lg.jp/doc/6656ccbe699259328fa9f972/file_contents/202108nenrei-zentai.pdf
202108,90,75,178,253,https://www.city.urasoe.lg.jp/doc/6656ccbe699259328fa9f972/file_contents/202108nenrei-zentai.pdf
202108,16,694,595,1289,https://www.city.urasoe.lg.jp/doc/6656ccbe699259328fa9f972/file_contents/202108nenrei-zentai.pdf
202108,41,740,821,1561,https://www.city.urasoe.lg.jp/doc/6656ccbe699259328fa9f972/file_contents/202108nenrei-zentai.pdf
202108,66,624,700,1324,https://www.city.urasoe.lg.jp/doc/6656ccbe699259328fa9f972/file_contents/202108nenrei-zentai.pdf
202108,91,73,160,233,https://www.city.urasoe.lg.jp/doc/6656ccbe699259328fa9f972/file_contents/202108nenrei-zentai.pdf
202108,17,708,680,1388,https://www.city.urasoe.lg.jp/doc/6656ccbe699259328fa9f972/file_contents/202108nenrei-zentai.pdf
202108,42,793,771,1564,https://www.city.urasoe.lg.jp/doc/6656ccbe699259328fa9f972/file_contents/202108nenrei-zentai.pdf
202108,67,606,714,1320,https://www.city.urasoe.lg.jp/doc/6656ccbe699259328fa9f972/file_contents/202108nenrei-zentai.pdf
202108,92,53,138,191,https://www.city.urasoe.lg.jp/doc/6656ccbe699259328fa9f972/file_contents/202108nenrei-zentai.pdf
202108,18,702,654,1356,https://www.city.urasoe.lg.jp/doc/6656ccbe699259328fa9f972/file_contents/202108nenrei-zentai.pdf
202108,43,779,799,1578,https://www.city.urasoe.lg.jp/doc/6656ccbe699259328fa9f972/file_contents/202108nenrei-zentai.pdf
202108,68,663,693,1356,https://www.city.urasoe.lg.jp/doc/6656ccbe699259328fa9f972/file_contents/202108nenrei-zentai.pdf
202108,93,40,123,163,https://www.city.urasoe.lg.jp/doc/6656ccbe699259328fa9f972/file_contents/202108nenrei-zentai.pdf
202108,19,648,623,1271,https://www.city.urasoe.lg.jp/doc/6656ccbe699259328fa9f972/file_contents/202108nenrei-zentai.pdf
202108,44,804,839,1643,https://www.city.urasoe.lg.jp/doc/6656ccbe699259328fa9f972/file_contents/202108nenrei-zentai.pdf
202108,69,609,725,1334,https://www.city.urasoe.lg.jp/doc/6656ccbe699259328fa9f972/file_contents/202108nenrei-zentai.pdf
202108,94,27,102,129,https://www.city.urasoe.lg.jp/doc/6656ccbe699259328fa9f972/file_contents/202108nenrei-zentai.pdf
202108,20,633,655,1288,https://www.city.urasoe.lg.jp/doc/6656ccbe699259328fa9f972/file_contents/202108nenrei-zentai.pdf
202108,45,836,850,1686,https://www.city.urasoe.lg.jp/doc/6656ccbe699259328fa9f972/file_contents/202108nenrei-zentai.pdf
202108,70,657,741,1398,https://www.city.urasoe.lg.jp/doc/6656ccbe699259328fa9f972/file_contents/202108nenrei-zentai.pdf
202108,95,9,78,87,https://www.city.urasoe.lg.jp/doc/6656ccbe699259328fa9f972/file_contents/202108nenrei-zentai.pdf
202108,21,625,652,1277,https://www.city.urasoe.lg.jp/doc/6656ccbe699259328fa9f972/file_contents/202108nenrei-zentai.pdf
202108,46,914,941,1855,https://www.city.urasoe.lg.jp/doc/6656ccbe699259328fa9f972/file_contents/202108nenrei-zentai.pdf
202108,71,652,707,1359,https://www.city.urasoe.lg.jp/doc/6656ccbe699259328fa9f972/file_contents/202108nenrei-zentai.pdf
202108,96,11,47,58,https://www.city.urasoe.lg.jp/doc/6656ccbe699259328fa9f972/file_contents/202108nenrei-zentai.pdf
202108,22,680,609,1289,https://www.city.urasoe.lg.jp/doc/6656ccbe699259328fa9f972/file_contents/202108nenrei-zentai.pdf
202108,47,935,1020,1955,https://www.city.urasoe.lg.jp/doc/6656ccbe699259328fa9f972/file_contents/202108nenrei-zentai.pdf
202108,72,604,617,1221,https://www.city.urasoe.lg.jp/doc/6656ccbe699259328fa9f972/file_contents/202108nenrei-zentai.pdf
202108,97,14,46,60,https://www.city.urasoe.lg.jp/doc/6656ccbe699259328fa9f972/file_contents/202108nenrei-zentai.pdf
202108,23,672,624,1296,https://www.city.urasoe.lg.jp/doc/6656ccbe699259328fa9f972/file_contents/202108nenrei-zentai.pdf
202108,48,936,941,1877,https://www.city.urasoe.lg.jp/doc/6656ccbe699259328fa9f972/file_contents/202108nenrei-zentai.pdf
202108,73,635,672,1307,https://www.city.urasoe.lg.jp/doc/6656ccbe699259328fa9f972/file_contents/202108nenrei-zentai.pdf
202108,98,7,34,41,https://www.city.urasoe.lg.jp/doc/6656ccbe699259328fa9f972/file_contents/202108nenrei-zentai.pdf
202108,24,618,631,1249,https://www.city.urasoe.lg.jp/doc/6656ccbe699259328fa9f972/file_contents/202108nenrei-zentai.pdf
202108,49,870,865,1735,https://www.city.urasoe.lg.jp/doc/6656ccbe699259328fa9f972/file_contents/202108nenrei-zentai.pdf
202108,74,461,517,978,https://www.city.urasoe.lg.jp/doc/6656ccbe699259328fa9f972/file_contents/202108nenrei-zentai.pdf
202108,99,1,29,30,https://www.city.urasoe.lg.jp/doc/6656ccbe699259328fa9f972/file_contents/202108nenrei-zentai.pdf
202108,100,3,20,23,https://www.city.urasoe.lg.jp/doc/6656ccbe699259328fa9f972/file_contents/202108nenrei-zentai.pdf
202108,101,0,11,11,https://www.city.urasoe.lg.jp/doc/6656ccbe699259328fa9f972/file_contents/202108nenrei-zentai.pdf
202109,0,631,558,1189,https://www.city.urasoe.lg.jp/doc/6656ccbe699259328fa9f972/file_contents/202109nenrei-zentai.pdf
202109,25,638,624,1262,https://www.city.urasoe.lg.jp/doc/6656ccbe699259328fa9f972/file_contents/202109nenrei-zentai.pdf
202109,50,835,901,1736,https://www.city.urasoe.lg.jp/doc/6656ccbe699259328fa9f972/file_contents/202109nenrei-zentai.pdf
202109,75,230,264,494,https://www.city.urasoe.lg.jp/doc/6656ccbe699259328fa9f972/file_contents/202109nenrei-zentai.pdf
202109,1,629,593,1222,https://www.city.urasoe.lg.jp/doc/6656ccbe699259328fa9f972/file_contents/202109nenrei-zentai.pdf
202109,26,648,615,1263,https://www.city.urasoe.lg.jp/doc/6656ccbe699259328fa9f972/file_contents/202109nenrei-zentai.pdf
202109,51,809,870,1679,https://www.city.urasoe.lg.jp/doc/6656ccbe699259328fa9f972/file_contents/202109nenrei-zentai.pdf
202109,76,250,324,574,https://www.city.urasoe.lg.jp/doc/6656ccbe699259328fa9f972/file_contents/202109nenrei-zentai.pdf
202109,2,585,582,1167,https://www.city.urasoe.lg.jp/doc/6656ccbe699259328fa9f972/file_contents/202109nenrei-zentai.pdf
202109,27,658,583,1241,https://www.city.urasoe.lg.jp/doc/6656ccbe699259328fa9f972/file_contents/202109nenrei-zentai.pdf
202109,52,828,820,1648,https://www.city.urasoe.lg.jp/doc/6656ccbe699259328fa9f972/file_contents/202109nenrei-zentai.pdf
202109,77,365,434,799,https://www.city.urasoe.lg.jp/doc/6656ccbe699259328fa9f972/file_contents/202109nenrei-zentai.pdf
202109,3,650,579,1229,https://www.city.urasoe.lg.jp/doc/6656ccbe699259328fa9f972/file_contents/202109nenrei-zentai.pdf
202109,28,617,674,1291,https://www.city.urasoe.lg.jp/doc/6656ccbe699259328fa9f972/file_contents/202109nenrei-zentai.pdf
202109,53,799,884,1683,https://www.city.urasoe.lg.jp/doc/6656ccbe699259328fa9f972/file_contents/202109nenrei-zentai.pdf
202109,78,349,443,792,https://www.city.urasoe.lg.jp/doc/6656ccbe699259328fa9f972/file_contents/202109nenrei-zentai.pdf
202109,4,670,615,1285,https://www.city.urasoe.lg.jp/doc/6656ccbe699259328fa9f972/file_contents/202109nenrei-zentai.pdf
202109,29,652,652,1304,https://www.city.urasoe.lg.jp/doc/6656ccbe699259328fa9f972/file_contents/202109nenrei-zentai.pdf
202109,54,807,827,1634,https://www.city.urasoe.lg.jp/doc/6656ccbe699259328fa9f972/file_contents/202109nenrei-zentai.pdf
202109,79,354,438,792,https://www.city.urasoe.lg.jp/doc/6656ccbe699259328fa9f972/file_contents/202109nenrei-zentai.pdf
202109,5,631,636,1267,https://www.city.urasoe.lg.jp/doc/6656ccbe699259328fa9f972/file_contents/202109nenrei-zentai.pdf
202109,30,684,657,1341,https://www.city.urasoe.lg.jp/doc/6656ccbe699259328fa9f972/file_contents/202109nenrei-zentai.pdf
202109,55,612,676,1288,https://www.city.urasoe.lg.jp/doc/6656ccbe699259328fa9f972/file_contents/202109nenrei-zentai.pdf
202109,80,360,469,829,https://www.city.urasoe.lg.jp/doc/6656ccbe699259328fa9f972/file_contents/202109nenrei-zentai.pdf
202109,6,660,664,1324,https://www.city.urasoe.lg.jp/doc/6656ccbe699259328fa9f972/file_contents/202109nenrei-zentai.pdf
202109,31,649,679,1328,https://www.city.urasoe.lg.jp/doc/6656ccbe699259328fa9f972/file_contents/202109nenrei-zentai.pdf
202109,56,694,722,1416,https://www.city.urasoe.lg.jp/doc/6656ccbe699259328fa9f972/file_contents/202109nenrei-zentai.pdf
202109,81,338,433,771,https://www.city.urasoe.lg.jp/doc/6656ccbe699259328fa9f972/file_contents/202109nenrei-zentai.pdf
202109,7,654,612,1266,https://www.city.urasoe.lg.jp/doc/6656ccbe699259328fa9f972/file_contents/202109nenrei-zentai.pdf
202109,32,688,716,1404,https://www.city.urasoe.lg.jp/doc/6656ccbe699259328fa9f972/file_contents/202109nenrei-zentai.pdf
202109,57,679,737,1416,https://www.city.urasoe.lg.jp/doc/6656ccbe699259328fa9f972/file_contents/202109nenrei-zentai.pdf
202109,82,307,383,690,https://www.city.urasoe.lg.jp/doc/6656ccbe699259328fa9f972/file_contents/202109nenrei-zentai.pdf
202109,8,662,653,1315,https://www.city.urasoe.lg.jp/doc/6656ccbe699259328fa9f972/file_contents/202109nenrei-zentai.pdf
202109,33,673,671,1344,https://www.city.urasoe.lg.jp/doc/6656ccbe699259328fa9f972/file_contents/202109nenrei-zentai.pdf
202109,58,673,788,1461,https://www.city.urasoe.lg.jp/doc/6656ccbe699259328fa9f972/file_contents/202109nenrei-zentai.pdf
202109,83,300,374,674,https://www.city.urasoe.lg.jp/doc/6656ccbe699259328fa9f972/file_contents/202109nenrei-zentai.pdf
202109,9,708,694,1402,https://www.city.urasoe.lg.jp/doc/6656ccbe699259328fa9f972/file_contents/202109nenrei-zentai.pdf
202109,34,734,712,1446,https://www.city.urasoe.lg.jp/doc/6656ccbe699259328fa9f972/file_contents/202109nenrei-zentai.pdf
202109,59,628,702,1330,https://www.city.urasoe.lg.jp/doc/6656ccbe699259328fa9f972/file_contents/202109nenrei-zentai.pdf
202109,84,232,373,605,https://www.city.urasoe.lg.jp/doc/6656ccbe699259328fa9f972/file_contents/202109nenrei-zentai.pdf
202109,10,681,688,1369,https://www.city.urasoe.lg.jp/doc/6656ccbe699259328fa9f972/file_contents/202109nenrei-zentai.pdf
202109,35,725,756,1481,https://www.city.urasoe.lg.jp/doc/6656ccbe699259328fa9f972/file_contents/202109nenrei-zentai.pdf
202109,60,717,729,1446,https://www.city.urasoe.lg.jp/doc/6656ccbe699259328fa9f972/file_contents/202109nenrei-zentai.pdf
202109,85,226,374,600,https://www.city.urasoe.lg.jp/doc/6656ccbe699259328fa9f972/file_contents/202109nenrei-zentai.pdf
202109,11,704,651,1355,https://www.city.urasoe.lg.jp/doc/6656ccbe699259328fa9f972/file_contents/202109nenrei-zentai.pdf
202109,36,734,809,1543,https://www.city.urasoe.lg.jp/doc/6656ccbe699259328fa9f972/file_contents/202109nenrei-zentai.pdf
202109,61,667,686,1353,https://www.city.urasoe.lg.jp/doc/6656ccbe699259328fa9f972/file_contents/202109nenrei-zentai.pdf
202109,86,219,314,533,https://www.city.urasoe.lg.jp/doc/6656ccbe699259328fa9f972/file_contents/202109nenrei-zentai.pdf
202109,12,741,681,1422,https://www.city.urasoe.lg.jp/doc/6656ccbe699259328fa9f972/file_contents/202109nenrei-zentai.pdf
202109,37,733,800,1533,https://www.city.urasoe.lg.jp/doc/6656ccbe699259328fa9f972/file_contents/202109nenrei-zentai.pdf
202109,62,685,662,1347,https://www.city.urasoe.lg.jp/doc/6656ccbe699259328fa9f972/file_contents/202109nenrei-zentai.pdf
202109,87,148,330,478,https://www.city.urasoe.lg.jp/doc/6656ccbe699259328fa9f972/file_contents/202109nenrei-zentai.pdf
202109,13,677,709,1386,https://www.city.urasoe.lg.jp/doc/6656ccbe699259328fa9f972/file_contents/202109nenrei-zentai.pdf
202109,38,730,721,1451,https://www.city.urasoe.lg.jp/doc/6656ccbe699259328fa9f972/file_contents/202109nenrei-zentai.pdf
202109,63,638,661,1299,https://www.city.urasoe.lg.jp/doc/6656ccbe699259328fa9f972/file_contents/202109nenrei-zentai.pdf
202109,88,150,241,391,https://www.city.urasoe.lg.jp/doc/6656ccbe699259328fa9f972/file_contents/202109nenrei-zentai.pdf
202109,14,736,684,1420,https://www.city.urasoe.lg.jp/doc/6656ccbe699259328fa9f972/file_contents/202109nenrei-zentai.pdf
202109,39,692,742,1434,https://www.city.urasoe.lg.jp/doc/6656ccbe699259328fa9f972/file_contents/202109nenrei-zentai.pdf
202109,64,605,638,1243,https://www.city.urasoe.lg.jp/doc/6656ccbe699259328fa9f972/file_contents/202109nenrei-zentai.pdf
202109,89,117,221,338,https://www.city.urasoe.lg.jp/doc/6656ccbe699259328fa9f972/file_contents/202109nenrei-zentai.pdf
202109,15,732,695,1427,https://www.city.urasoe.lg.jp/doc/6656ccbe699259328fa9f972/file_contents/202109nenrei-zentai.pdf
202109,40,740,771,1511,https://www.city.urasoe.lg.jp/doc/6656ccbe699259328fa9f972/file_contents/202109nenrei-zentai.pdf
202109,65,604,621,1225,https://www.city.urasoe.lg.jp/doc/6656ccbe699259328fa9f972/file_contents/202109nenrei-zentai.pdf
202109,90,76,184,260,https://www.city.urasoe.lg.jp/doc/6656ccbe699259328fa9f972/file_contents/202109nenrei-zentai.pdf
202109,16,679,596,1275,https://www.city.urasoe.lg.jp/doc/6656ccbe699259328fa9f972/file_contents/202109nenrei-zentai.pdf
202109,41,724,799,1523,https://www.city.urasoe.lg.jp/doc/6656ccbe699259328fa9f972/file_contents/202109nenrei-zentai.pdf
202109,66,625,677,1302,https://www.city.urasoe.lg.jp/doc/6656ccbe699259328fa9f972/file_contents/202109nenrei-zentai.pdf
202109,91,75,158,233,https://www.city.urasoe.lg.jp/doc/6656ccbe699259328fa9f972/file_contents/202109nenrei-zentai.pdf
202109,17,719,680,1399,https://www.city.urasoe.lg.jp/doc/6656ccbe699259328fa9f972/file_contents/202109nenrei-zentai.pdf
202109,42,791,785,1576,https://www.city.urasoe.lg.jp/doc/6656ccbe699259328fa9f972/file_contents/202109nenrei-zentai.pdf
202109,67,618,726,1344,https://www.city.urasoe.lg.jp/doc/6656ccbe699259328fa9f972/file_contents/202109nenrei-zentai.pdf
202109,92,55,135,190,https://www.city.urasoe.lg.jp/doc/6656ccbe699259328fa9f972/file_contents/202109nenrei-zentai.pdf
202109,18,704,645,1349,https://www.city.urasoe.lg.jp/doc/6656ccbe699259328fa9f972/file_contents/202109nenrei-zentai.pdf
202109,43,786,793,1579,https://www.city.urasoe.lg.jp/doc/6656ccbe699259328fa9f972/file_contents/202109nenrei-zentai.pdf
202109,68,644,675,1319,https://www.city.urasoe.lg.jp/doc/6656ccbe699259328fa9f972/file_contents/202109nenrei-zentai.pdf
202109,93,37,128,165,https://www.city.urasoe.lg.jp/doc/6656ccbe699259328fa9f972/file_contents/202109nenrei-zentai.pdf
202109,19,632,619,1251,https://www.city.urasoe.lg.jp/doc/6656ccbe699259328fa9f972/file_contents/202109nenrei-zentai.pdf
202109,44,796,838,1634,https://www.city.urasoe.lg.jp/doc/6656ccbe699259328fa9f972/file_contents/202109nenrei-zentai.pdf
202109,69,622,731,1353,https://www.city.urasoe.lg.jp/doc/6656ccbe699259328fa9f972/file_contents/202109nenrei-zentai.pdf
202109,94,28,97,125,https://www.city.urasoe.lg.jp/doc/6656ccbe699259328fa9f972/file_contents/202109nenrei-zentai.pdf
202109,20,642,675,1317,https://www.city.urasoe.lg.jp/doc/6656ccbe699259328fa9f972/file_contents/202109nenrei-zentai.pdf
202109,45,818,857,1675,https://www.city.urasoe.lg.jp/doc/6656ccbe699259328fa9f972/file_contents/202109nenrei-zentai.pdf
202109,70,630,740,1370,https://www.city.urasoe.lg.jp/doc/6656ccbe699259328fa9f972/file_contents/202109nenrei-zentai.pdf
202109,95,9,83,92,https://www.city.urasoe.lg.jp/doc/6656ccbe699259328fa9f972/file_contents/202109nenrei-zentai.pdf
202109,21,618,625,1243,https://www.city.urasoe.lg.jp/doc/6656ccbe699259328fa9f972/file_contents/202109nenrei-zentai.pdf
202109,46,917,932,1849,https://www.city.urasoe.lg.jp/doc/6656ccbe699259328fa9f972/file_contents/202109nenrei-zentai.pdf
202109,71,661,703,1364,https://www.city.urasoe.lg.jp/doc/6656ccbe699259328fa9f972/file_contents/202109nenrei-zentai.pdf
202109,96,10,51,61,https://www.city.urasoe.lg.jp/doc/6656ccbe699259328fa9f972/file_contents/202109nenrei-zentai.pdf
202109,22,681,629,1310,https://www.city.urasoe.lg.jp/doc/6656ccbe699259328fa9f972/file_contents/202109nenrei-zentai.pdf
202109,47,940,1012,1952,https://www.city.urasoe.lg.jp/doc/6656ccbe699259328fa9f972/file_contents/202109nenrei-zentai.pdf
202109,72,609,625,1234,https://www.city.urasoe.lg.jp/doc/6656ccbe699259328fa9f972/file_contents/202109nenrei-zentai.pdf
202109,97,13,44,57,https://www.city.urasoe.lg.jp/doc/6656ccbe699259328fa9f972/file_contents/202109nenrei-zentai.pdf
202109,23,667,613,1280,https://www.city.urasoe.lg.jp/doc/6656ccbe699259328fa9f972/file_contents/202109nenrei-zentai.pdf
202109,48,928,960,1888,https://www.city.urasoe.lg.jp/doc/6656ccbe699259328fa9f972/file_contents/202109nenrei-zentai.pdf
202109,73,621,672,1293,https://www.city.urasoe.lg.jp/doc/6656ccbe699259328fa9f972/file_contents/202109nenrei-zentai.pdf
202109,98,9,32,41,https://www.city.urasoe.lg.jp/doc/6656ccbe699259328fa9f972/file_contents/202109nenrei-zentai.pdf
202109,24,625,646,1271,https://www.city.urasoe.lg.jp/doc/6656ccbe699259328fa9f972/file_contents/202109nenrei-zentai.pdf
202109,49,871,856,1727,https://www.city.urasoe.lg.jp/doc/6656ccbe699259328fa9f972/file_contents/202109nenrei-zentai.pdf
202109,74,499,545,1044,https://www.city.urasoe.lg.jp/doc/6656ccbe699259328fa9f972/file_contents/202109nenrei-zentai.pdf
202109,99,1,29,30,https://www.city.urasoe.lg.jp/doc/6656ccbe699259328fa9f972/file_contents/202109nenrei-zentai.pdf
202109,100,3,20,23,https://www.city.urasoe.lg.jp/doc/6656ccbe699259328fa9f972/file_contents/202109nenrei-zentai.pdf
202109,101,0,14,14,https://www.city.urasoe.lg.jp/doc/6656ccbe699259328fa9f972/file_contents/202109nenrei-zentai.pdf
202110,0,634,544,1178,https://www.city.urasoe.lg.jp/doc/6656ccbe699259328fa9f972/file_contents/202110nenrei-zentai.pdf
202110,25,664,641,1305,https://www.city.urasoe.lg.jp/doc/6656ccbe699259328fa9f972/file_contents/202110nenrei-zentai.pdf
202110,50,847,900,1747,https://www.city.urasoe.lg.jp/doc/6656ccbe699259328fa9f972/file_contents/202110nenrei-zentai.pdf
202110,75,240,275,515,https://www.city.urasoe.lg.jp/doc/6656ccbe699259328fa9f972/file_contents/202110nenrei-zentai.pdf
202110,1,623,596,1219,https://www.city.urasoe.lg.jp/doc/6656ccbe699259328fa9f972/file_contents/202110nenrei-zentai.pdf
202110,26,645,597,1242,https://www.city.urasoe.lg.jp/doc/6656ccbe699259328fa9f972/file_contents/202110nenrei-zentai.pdf
202110,51,807,883,1690,https://www.city.urasoe.lg.jp/doc/6656ccbe699259328fa9f972/file_contents/202110nenrei-zentai.pdf
202110,76,248,309,557,https://www.city.urasoe.lg.jp/doc/6656ccbe699259328fa9f972/file_contents/202110nenrei-zentai.pdf
202110,2,599,574,1173,https://www.city.urasoe.lg.jp/doc/6656ccbe699259328fa9f972/file_contents/202110nenrei-zentai.pdf
202110,27,649,596,1245,https://www.city.urasoe.lg.jp/doc/6656ccbe699259328fa9f972/file_contents/202110nenrei-zentai.pdf
202110,52,837,802,1639,https://www.city.urasoe.lg.jp/doc/6656ccbe699259328fa9f972/file_contents/202110nenrei-zentai.pdf
202110,77,342,441,783,https://www.city.urasoe.lg.jp/doc/6656ccbe699259328fa9f972/file_contents/202110nenrei-zentai.pdf
202110,3,636,593,1229,https://www.city.urasoe.lg.jp/doc/6656ccbe699259328fa9f972/file_contents/202110nenrei-zentai.pdf
202110,28,602,684,1286,https://www.city.urasoe.lg.jp/doc/6656ccbe699259328fa9f972/file_contents/202110nenrei-zentai.pdf
202110,53,780,902,1682,https://www.city.urasoe.lg.jp/doc/6656ccbe699259328fa9f972/file_contents/202110nenrei-zentai.pdf
202110,78,365,439,804,https://www.city.urasoe.lg.jp/doc/6656ccbe699259328fa9f972/file_contents/202110nenrei-zentai.pdf
202110,4,660,613,1273,https://www.city.urasoe.lg.jp/doc/6656ccbe699259328fa9f972/file_contents/202110nenrei-zentai.pdf
202110,29,654,641,1295,https://www.city.urasoe.lg.jp/doc/6656ccbe699259328fa9f972/file_contents/202110nenrei-zentai.pdf
202110,54,830,824,1654,https://www.city.urasoe.lg.jp/doc/6656ccbe699259328fa9f972/file_contents/202110nenrei-zentai.pdf
202110,79,344,433,777,https://www.city.urasoe.lg.jp/doc/6656ccbe699259328fa9f972/file_contents/202110nenrei-zentai.pdf
202110,5,636,625,1261,https://www.city.urasoe.lg.jp/doc/6656ccbe699259328fa9f972/file_contents/202110nenrei-zentai.pdf
202110,30,693,671,1364,https://www.city.urasoe.lg.jp/doc/6656ccbe699259328fa9f972/file_contents/202110nenrei-zentai.pdf
202110,55,616,683,1299,https://www.city.urasoe.lg.jp/doc/6656ccbe699259328fa9f972/file_contents/202110nenrei-zentai.pdf
202110,80,356,475,831,https://www.city.urasoe.lg.jp/doc/6656ccbe699259328fa9f972/file_contents/202110nenrei-zentai.pdf
202110,6,654,676,1330,https://www.city.urasoe.lg.jp/doc/6656ccbe699259328fa9f972/file_contents/202110nenrei-zentai.pdf
202110,31,639,658,1297,https://www.city.urasoe.lg.jp/doc/6656ccbe699259328fa9f972/file_contents/202110nenrei-zentai.pdf
202110,56,668,723,1391,https://www.city.urasoe.lg.jp/doc/6656ccbe699259328fa9f972/file_contents/202110nenrei-zentai.pdf
202110,81,335,425,760,https://www.city.urasoe.lg.jp/doc/6656ccbe699259328fa9f972/file_contents/202110nenrei-zentai.pdf
202110,7,648,600,1248,https://www.city.urasoe.lg.jp/doc/6656ccbe699259328fa9f972/file_contents/202110nenrei-zentai.pdf
202110,32,688,716,1404,https://www.city.urasoe.lg.jp/doc/6656ccbe699259328fa9f972/file_contents/202110nenrei-zentai.pdf
202110,57,694,726,1420,https://www.city.urasoe.lg.jp/doc/6656ccbe699259328fa9f972/file_contents/202110nenrei-zentai.pdf
202110,82,309,394,703,https://www.city.urasoe.lg.jp/doc/6656ccbe699259328fa9f972/file_contents/202110nenrei-zentai.pdf
202110,8,676,648,1324,https://www.city.urasoe.lg.jp/doc/6656ccbe699259328fa9f972/file_contents/202110nenrei-zentai.pdf
202110,33,672,686,1358,https://www.city.urasoe.lg.jp/doc/6656ccbe699259328fa9f972/file_contents/202110nenrei-zentai.pdf
202110,58,680,787,1467,https://www.city.urasoe.lg.jp/doc/6656ccbe699259328fa9f972/file_contents/202110nenrei-zentai.pdf
202110,83,301,360,661,https://www.city.urasoe.lg.jp/doc/6656ccbe699259328fa9f972/file_contents/202110nenrei-zentai.pdf
202110,9,700,699,1399,https://www.city.urasoe.lg.jp/doc/6656ccbe699259328fa9f972/file_contents/202110nenrei-zentai.pdf
202110,34,711,687,1398,https://www.city.urasoe.lg.jp/doc/6656ccbe699259328fa9f972/file_contents/202110nenrei-zentai.pdf
202110,59,624,708,1332,https://www.city.urasoe.lg.jp/doc/6656ccbe699259328fa9f972/file_contents/202110nenrei-zentai.pdf
202110,84,235,381,616,https://www.city.urasoe.lg.jp/doc/6656ccbe699259328fa9f972/file_contents/202110nenrei-zentai.pdf
202110,10,687,688,1375,https://www.city.urasoe.lg.jp/doc/6656ccbe699259328fa9f972/file_contents/202110nenrei-zentai.pdf
202110,35,741,763,1504,https://www.city.urasoe.lg.jp/doc/6656ccbe699259328fa9f972/file_contents/202110nenrei-zentai.pdf
202110,60,704,723,1427,https://www.city.urasoe.lg.jp/doc/6656ccbe699259328fa9f972/file_contents/202110nenrei-zentai.pdf
202110,85,232,361,593,https://www.city.urasoe.lg.jp/doc/6656ccbe699259328fa9f972/file_contents/202110nenrei-zentai.pdf
202110,11,693,656,1349,https://www.city.urasoe.lg.jp/doc/6656ccbe699259328fa9f972/file_contents/202110nenrei-zentai.pdf
202110,36,727,801,1528,https://www.city.urasoe.lg.jp/doc/6656ccbe699259328fa9f972/file_contents/202110nenrei-zentai.pdf
202110,61,681,695,1376,https://www.city.urasoe.lg.jp/doc/6656ccbe699259328fa9f972/file_contents/202110nenrei-zentai.pdf
202110,86,211,326,537,https://www.city.urasoe.lg.jp/doc/6656ccbe699259328fa9f972/file_contents/202110nenrei-zentai.pdf
202110,12,743,656,1399,https://www.city.urasoe.lg.jp/doc/6656ccbe699259328fa9f972/file_contents/202110nenrei-zentai.pdf
202110,37,732,805,1537,https://www.city.urasoe.lg.jp/doc/6656ccbe699259328fa9f972/file_contents/202110nenrei-zentai.pdf
202110,62,679,650,1329,https://www.city.urasoe.lg.jp/doc/6656ccbe699259328fa9f972/file_contents/202110nenrei-zentai.pdf
202110,87,164,332,496,https://www.city.urasoe.lg.jp/doc/6656ccbe699259328fa9f972/file_contents/202110nenrei-zentai.pdf
202110,13,679,707,1386,https://www.city.urasoe.lg.jp/doc/6656ccbe699259328fa9f972/file_contents/202110nenrei-zentai.pdf
202110,38,742,735,1477,https://www.city.urasoe.lg.jp/doc/6656ccbe699259328fa9f972/file_contents/202110nenrei-zentai.pdf
202110,63,632,680,1312,https://www.city.urasoe.lg.jp/doc/6656ccbe699259328fa9f972/file_contents/202110nenrei-zentai.pdf
202110,88,148,240,388,https://www.city.urasoe.lg.jp/doc/6656ccbe699259328fa9f972/file_contents/202110nenrei-zentai.pdf
202110,14,735,701,1436,https://www.city.urasoe.lg.jp/doc/6656ccbe699259328fa9f972/file_contents/202110nenrei-zentai.pdf
202110,39,699,726,1425,https://www.city.urasoe.lg.jp/doc/6656ccbe699259328fa9f972/file_contents/202110nenrei-zentai.pdf
202110,64,618,622,1240,https://www.city.urasoe.lg.jp/doc/6656ccbe699259328fa9f972/file_contents/202110nenrei-zentai.pdf
202110,89,117,231,348,https://www.city.urasoe.lg.jp/doc/6656ccbe699259328fa9f972/file_contents/202110nenrei-zentai.pdf
202110,15,736,689,1425,https://www.city.urasoe.lg.jp/doc/6656ccbe699259328fa9f972/file_contents/202110nenrei-zentai.pdf
202110,40,727,775,1502,https://www.city.urasoe.lg.jp/doc/6656ccbe699259328fa9f972/file_contents/202110nenrei-zentai.pdf
202110,65,592,625,1217,https://www.city.urasoe.lg.jp/doc/6656ccbe699259328fa9f972/file_contents/202110nenrei-zentai.pdf
202110,90,75,185,260,https://www.city.urasoe.lg.jp/doc/6656ccbe699259328fa9f972/file_contents/202110nenrei-zentai.pdf
202110,16,667,598,1265,https://www.city.urasoe.lg.jp/doc/6656ccbe699259328fa9f972/file_contents/202110nenrei-zentai.pdf
202110,41,721,802,1523,https://www.city.urasoe.lg.jp/doc/6656ccbe699259328fa9f972/file_contents/202110nenrei-zentai.pdf
202110,66,629,675,1304,https://www.city.urasoe.lg.jp/doc/6656ccbe699259328fa9f972/file_contents/202110nenrei-zentai.pdf
202110,91,72,152,224,https://www.city.urasoe.lg.jp/doc/6656ccbe699259328fa9f972/file_contents/202110nenrei-zentai.pdf
202110,17,724,688,1412,https://www.city.urasoe.lg.jp/doc/6656ccbe699259328fa9f972/file_contents/202110nenrei-zentai.pdf
202110,42,762,770,1532,https://www.city.urasoe.lg.jp/doc/6656ccbe699259328fa9f972/file_contents/202110nenrei-zentai.pdf
202110,67,616,721,1337,https://www.city.urasoe.lg.jp/doc/6656ccbe699259328fa9f972/file_contents/202110nenrei-zentai.pdf
202110,92,59,142,201,https://www.city.urasoe.lg.jp/doc/6656ccbe699259328fa9f972/file_contents/202110nenrei-zentai.pdf
202110,18,701,650,1351,https://www.city.urasoe.lg.jp/doc/6656ccbe699259328fa9f972/file_contents/202110nenrei-zentai.pdf
202110,43,801,813,1614,https://www.city.urasoe.lg.jp/doc/6656ccbe699259328fa9f972/file_contents/202110nenrei-zentai.pdf
202110,68,643,671,1314,https://www.city.urasoe.lg.jp/doc/6656ccbe699259328fa9f972/file_contents/202110nenrei-zentai.pdf
202110,93,43,129,172,https://www.city.urasoe.lg.jp/doc/6656ccbe699259328fa9f972/file_contents/202110nenrei-zentai.pdf
202110,19,643,615,1258,https://www.city.urasoe.lg.jp/doc/6656ccbe699259328fa9f972/file_contents/202110nenrei-zentai.pdf
202110,44,799,836,1635,https://www.city.urasoe.lg.jp/doc/6656ccbe699259328fa9f972/file_contents/202110nenrei-zentai.pdf
202110,69,618,738,1356,https://www.city.urasoe.lg.jp/doc/6656ccbe699259328fa9f972/file_contents/202110nenrei-zentai.pdf
202110,94,26,101,127,https://www.city.urasoe.lg.jp/doc/6656ccbe699259328fa9f972/file_contents/202110nenrei-zentai.pdf
202110,20,650,671,1321,https://www.city.urasoe.lg.jp/doc/6656ccbe699259328fa9f972/file_contents/202110nenrei-zentai.pdf
202110,45,824,840,1664,https://www.city.urasoe.lg.jp/doc/6656ccbe699259328fa9f972/file_contents/202110nenrei-zentai.pdf
202110,70,620,744,1364,https://www.city.urasoe.lg.jp/doc/6656ccbe699259328fa9f972/file_contents/202110nenrei-zentai.pdf
202110,95,11,77,88,https://www.city.urasoe.lg.jp/doc/6656ccbe699259328fa9f972/file_contents/202110nenrei-zentai.pdf
202110,21,601,640,1241,https://www.city.urasoe.lg.jp/doc/6656ccbe699259328fa9f972/file_contents/202110nenrei-zentai.pdf
202110,46,889,908,1797,https://www.city.urasoe.lg.jp/doc/6656ccbe699259328fa9f972/file_contents/202110nenrei-zentai.pdf
202110,71,664,700,1364,https://www.city.urasoe.lg.jp/doc/6656ccbe699259328fa9f972/file_contents/202110nenrei-zentai.pdf
202110,96,6,58,64,https://www.city.urasoe.lg.jp/doc/6656ccbe699259328fa9f972/file_contents/202110nenrei-zentai.pdf
202110,22,682,583,1265,https://www.city.urasoe.lg.jp/doc/6656ccbe699259328fa9f972/file_contents/202110nenrei-zentai.pdf
202110,47,945,1034,1979,https://www.city.urasoe.lg.jp/doc/6656ccbe699259328fa9f972/file_contents/202110nenrei-zentai.pdf
202110,72,619,628,1247,https://www.city.urasoe.lg.jp/doc/6656ccbe699259328fa9f972/file_contents/202110nenrei-zentai.pdf
202110,97,14,43,57,https://www.city.urasoe.lg.jp/doc/6656ccbe699259328fa9f972/file_contents/202110nenrei-zentai.pdf
202110,23,667,623,1290,https://www.city.urasoe.lg.jp/doc/6656ccbe699259328fa9f972/file_contents/202110nenrei-zentai.pdf
202110,48,921,949,1870,https://www.city.urasoe.lg.jp/doc/6656ccbe699259328fa9f972/file_contents/202110nenrei-zentai.pdf
202110,73,624,671,1295,https://www.city.urasoe.lg.jp/doc/6656ccbe699259328fa9f972/file_contents/202110nenrei-zentai.pdf
202110,98,12,31,43,https://www.city.urasoe.lg.jp/doc/6656ccbe699259328fa9f972/file_contents/202110nenrei-zentai.pdf
202110,24,608,646,1254,https://www.city.urasoe.lg.jp/doc/6656ccbe699259328fa9f972/file_contents/202110nenrei-zentai.pdf
202110,49,887,865,1752,https://www.city.urasoe.lg.jp/doc/6656ccbe699259328fa9f972/file_contents/202110nenrei-zentai.pdf
202110,74,519,573,1092,https://www.city.urasoe.lg.jp/doc/6656ccbe699259328fa9f972/file_contents/202110nenrei-zentai.pdf
202110,99,1,30,31,https://www.city.urasoe.lg.jp/doc/6656ccbe699259328fa9f972/file_contents/202110nenrei-zentai.pdf
202110,100,3,18,21,https://www.city.urasoe.lg.jp/doc/6656ccbe699259328fa9f972/file_contents/202110nenrei-zentai.pdf
202110,101,0,16,16,https://www.city.urasoe.lg.jp/doc/6656ccbe699259328fa9f972/file_contents/202110nenrei-zentai.pdf
202111,0,628,563,1191,https://www.city.urasoe.lg.jp/doc/6656ccbe699259328fa9f972/file_contents/202111nenrei-zentai.pdf
202111,25,653,632,1285,https://www.city.urasoe.lg.jp/doc/6656ccbe699259328fa9f972/file_contents/202111nenrei-zentai.pdf
202111,50,860,901,1761,https://www.city.urasoe.lg.jp/doc/6656ccbe699259328fa9f972/file_contents/202111nenrei-zentai.pdf
202111,75,260,291,551,https://www.city.urasoe.lg.jp/doc/6656ccbe699259328fa9f972/file_contents/202111nenrei-zentai.pdf
202111,1,623,581,1204,https://www.city.urasoe.lg.jp/doc/6656ccbe699259328fa9f972/file_contents/202111nenrei-zentai.pdf
202111,26,645,608,1253,https://www.city.urasoe.lg.jp/doc/6656ccbe699259328fa9f972/file_contents/202111nenrei-zentai.pdf
202111,51,785,884,1669,https://www.city.urasoe.lg.jp/doc/6656ccbe699259328fa9f972/file_contents/202111nenrei-zentai.pdf
202111,76,239,296,535,https://www.city.urasoe.lg.jp/doc/6656ccbe699259328fa9f972/file_contents/202111nenrei-zentai.pdf
202111,2,610,567,1177,https://www.city.urasoe.lg.jp/doc/6656ccbe699259328fa9f972/file_contents/202111nenrei-zentai.pdf
202111,27,645,604,1249,https://www.city.urasoe.lg.jp/doc/6656ccbe699259328fa9f972/file_contents/202111nenrei-zentai.pdf
202111,52,841,802,1643,https://www.city.urasoe.lg.jp/doc/6656ccbe699259328fa9f972/file_contents/202111nenrei-zentai.pdf
202111,77,330,432,762,https://www.city.urasoe.lg.jp/doc/6656ccbe699259328fa9f972/file_contents/202111nenrei-zentai.pdf
202111,3,628,593,1221,https://www.city.urasoe.lg.jp/doc/6656ccbe699259328fa9f972/file_contents/202111nenrei-zentai.pdf
202111,28,611,680,1291,https://www.city.urasoe.lg.jp/doc/6656ccbe699259328fa9f972/file_contents/202111nenrei-zentai.pdf
202111,53,792,886,1678,https://www.city.urasoe.lg.jp/doc/6656ccbe699259328fa9f972/file_contents/202111nenrei-zentai.pdf
202111,78,369,436,805,https://www.city.urasoe.lg.jp/doc/6656ccbe699259328fa9f972/file_contents/202111nenrei-zentai.pdf
202111,4,636,614,1250,https://www.city.urasoe.lg.jp/doc/6656ccbe699259328fa9f972/file_contents/202111nenrei-zentai.pdf
202111,29,651,626,1277,https://www.city.urasoe.lg.jp/doc/6656ccbe699259328fa9f972/file_contents/202111nenrei-zentai.pdf
202111,54,822,860,1682,https://www.city.urasoe.lg.jp/doc/6656ccbe699259328fa9f972/file_contents/202111nenrei-zentai.pdf
202111,79,336,427,763,https://www.city.urasoe.lg.jp/doc/6656ccbe699259328fa9f972/file_contents/202111nenrei-zentai.pdf
202111,5,647,627,1274,https://www.city.urasoe.lg.jp/doc/6656ccbe699259328fa9f972/file_contents/202111nenrei-zentai.pdf
202111,30,677,685,1362,https://www.city.urasoe.lg.jp/doc/6656ccbe699259328fa9f972/file_contents/202111nenrei-zentai.pdf
202111,55,617,688,1305,https://www.city.urasoe.lg.jp/doc/6656ccbe699259328fa9f972/file_contents/202111nenrei-zentai.pdf
202111,80,362,483,845,https://www.city.urasoe.lg.jp/doc/6656ccbe699259328fa9f972/file_contents/202111nenrei-zentai.pdf
202111,6,654,674,1328,https://www.city.urasoe.lg.jp/doc/6656ccbe699259328fa9f972/file_contents/202111nenrei-zentai.pdf
202111,31,649,658,1307,https://www.city.urasoe.lg.jp/doc/6656ccbe699259328fa9f972/file_contents/202111nenrei-zentai.pdf
202111,56,674,719,1393,https://www.city.urasoe.lg.jp/doc/6656ccbe699259328fa9f972/file_contents/202111nenrei-zentai.pdf
202111,81,332,431,763,https://www.city.urasoe.lg.jp/doc/6656ccbe699259328fa9f972/file_contents/202111nenrei-zentai.pdf
202111,7,655,602,1257,https://www.city.urasoe.lg.jp/doc/6656ccbe699259328fa9f972/file_contents/202111nenrei-zentai.pdf
202111,32,672,710,1382,https://www.city.urasoe.lg.jp/doc/6656ccbe699259328fa9f972/file_contents/202111nenrei-zentai.pdf
202111,57,695,724,1419,https://www.city.urasoe.lg.jp/doc/6656ccbe699259328fa9f972/file_contents/202111nenrei-zentai.pdf
202111,82,321,403,724,https://www.city.urasoe.lg.jp/doc/6656ccbe699259328fa9f972/file_contents/202111nenrei-zentai.pdf
202111,8,659,633,1292,https://www.city.urasoe.lg.jp/doc/6656ccbe699259328fa9f972/file_contents/202111nenrei-zentai.pdf
202111,33,670,687,1357,https://www.city.urasoe.lg.jp/doc/6656ccbe699259328fa9f972/file_contents/202111nenrei-zentai.pdf
202111,58,668,787,1455,https://www.city.urasoe.lg.jp/doc/6656ccbe699259328fa9f972/file_contents/202111nenrei-zentai.pdf
202111,83,289,345,634,https://www.city.urasoe.lg.jp/doc/6656ccbe699259328fa9f972/file_contents/202111nenrei-zentai.pdf
202111,9,698,708,1406,https://www.city.urasoe.lg.jp/doc/6656ccbe699259328fa9f972/file_contents/202111nenrei-zentai.pdf
202111,34,706,676,1382,https://www.city.urasoe.lg.jp/doc/6656ccbe699259328fa9f972/file_contents/202111nenrei-zentai.pdf
202111,59,627,696,1323,https://www.city.urasoe.lg.jp/doc/6656ccbe699259328fa9f972/file_contents/202111nenrei-zentai.pdf
202111,84,240,386,626,https://www.city.urasoe.lg.jp/doc/6656ccbe699259328fa9f972/file_contents/202111nenrei-zentai.pdf
202111,10,693,686,1379,https://www.city.urasoe.lg.jp/doc/6656ccbe699259328fa9f972/file_contents/202111nenrei-zentai.pdf
202111,35,753,768,1521,https://www.city.urasoe.lg.jp/doc/6656ccbe699259328fa9f972/file_contents/202111nenrei-zentai.pdf
202111,60,698,728,1426,https://www.city.urasoe.lg.jp/doc/6656ccbe699259328fa9f972/file_contents/202111nenrei-zentai.pdf
202111,85,236,361,597,https://www.city.urasoe.lg.jp/doc/6656ccbe699259328fa9f972/file_contents/202111nenrei-zentai.pdf
202111,11,691,661,1352,https://www.city.urasoe.lg.jp/doc/6656ccbe699259328fa9f972/file_contents/202111nenrei-zentai.pdf
202111,36,720,799,1519,https://www.city.urasoe.lg.jp/doc/6656ccbe699259328fa9f972/file_contents/202111nenrei-zentai.pdf
202111,61,694,681,1375,https://www.city.urasoe.lg.jp/doc/6656ccbe699259328fa9f972/file_contents/202111nenrei-zentai.pdf
202111,86,207,326,533,https://www.city.urasoe.lg.jp/doc/6656ccbe699259328fa9f972/file_contents/202111nenrei-zentai.pdf
202111,12,734,652,1386,https://www.city.urasoe.lg.jp/doc/6656ccbe699259328fa9f972/file_contents/202111nenrei-zentai.pdf
202111,37,747,802,1549,https://www.city.urasoe.lg.jp/doc/6656ccbe699259328fa9f972/file_contents/202111nenrei-zentai.pdf
202111,62,668,665,1333,https://www.city.urasoe.lg.jp/doc/6656ccbe699259328fa9f972/file_contents/202111nenrei-zentai.pdf
202111,87,165,338,503,https://www.city.urasoe.lg.jp/doc/6656ccbe699259328fa9f972/file_contents/202111nenrei-zentai.pdf
202111,13,694,706,1400,https://www.city.urasoe.lg.jp/doc/6656ccbe699259328fa9f972/file_contents/202111nenrei-zentai.pdf
202111,38,733,757,1490,https://www.city.urasoe.lg.jp/doc/6656ccbe699259328fa9f972/file_contents/202111nenrei-zentai.pdf
202111,63,642,668,1310,https://www.city.urasoe.lg.jp/doc/6656ccbe699259328fa9f972/file_contents/202111nenrei-zentai.pdf
202111,88,145,240,385,https://www.city.urasoe.lg.jp/doc/6656ccbe699259328fa9f972/file_contents/202111nenrei-zentai.pdf
202111,14,738,700,1438,https://www.city.urasoe.lg.jp/doc/6656ccbe699259328fa9f972/file_contents/202111nenrei-zentai.pdf
202111,39,693,713,1406,https://www.city.urasoe.lg.jp/doc/6656ccbe699259328fa9f972/file_contents/202111nenrei-zentai.pdf
202111,64,610,614,1224,https://www.city.urasoe.lg.jp/doc/6656ccbe699259328fa9f972/file_contents/202111nenrei-zentai.pdf
202111,89,117,237,354,https://www.city.urasoe.lg.jp/doc/6656ccbe699259328fa9f972/file_contents/202111nenrei-zentai.pdf
202111,15,724,692,1416,https://www.city.urasoe.lg.jp/doc/6656ccbe699259328fa9f972/file_contents/202111nenrei-zentai.pdf
202111,40,713,768,1481,https://www.city.urasoe.lg.jp/doc/6656ccbe699259328fa9f972/file_contents/202111nenrei-zentai.pdf
202111,65,584,632,1216,https://www.city.urasoe.lg.jp/doc/6656ccbe699259328fa9f972/file_contents/202111nenrei-zentai.pdf
202111,90,82,182,264,https://www.city.urasoe.lg.jp/doc/6656ccbe699259328fa9f972/file_contents/202111nenrei-zentai.pdf
202111,16,676,610,1286,https://www.city.urasoe.lg.jp/doc/6656ccbe699259328fa9f972/file_contents/202111nenrei-zentai.pdf
202111,41,723,801,1524,https://www.city.urasoe.lg.jp/doc/6656ccbe699259328fa9f972/file_contents/202111nenrei-zentai.pdf
202111,66,624,666,1290,https://www.city.urasoe.lg.jp/doc/6656ccbe699259328fa9f972/file_contents/202111nenrei-zentai.pdf
202111,91,71,153,224,https://www.city.urasoe.lg.jp/doc/6656ccbe699259328fa9f972/file_contents/202111nenrei-zentai.pdf
202111,17,725,688,1413,https://www.city.urasoe.lg.jp/doc/6656ccbe699259328fa9f972/file_contents/202111nenrei-zentai.pdf
202111,42,763,772,1535,https://www.city.urasoe.lg.jp/doc/6656ccbe699259328fa9f972/file_contents/202111nenrei-zentai.pdf
202111,67,612,706,1318,https://www.city.urasoe.lg.jp/doc/6656ccbe699259328fa9f972/file_contents/202111nenrei-zentai.pdf
202111,92,56,147,203,https://www.city.urasoe.lg.jp/doc/6656ccbe699259328fa9f972/file_contents/202111nenrei-zentai.pdf
202111,18,706,655,1361,https://www.city.urasoe.lg.jp/doc/6656ccbe699259328fa9f972/file_contents/202111nenrei-zentai.pdf
202111,43,816,833,1649,https://www.city.urasoe.lg.jp/doc/6656ccbe699259328fa9f972/file_contents/202111nenrei-zentai.pdf
202111,68,630,682,1312,https://www.city.urasoe.lg.jp/doc/6656ccbe699259328fa9f972/file_contents/202111nenrei-zentai.pdf
202111,93,51,125,176,https://www.city.urasoe.lg.jp/doc/6656ccbe699259328fa9f972/file_contents/202111nenrei-zentai.pdf
202111,19,643,612,1255,https://www.city.urasoe.lg.jp/doc/6656ccbe699259328fa9f972/file_contents/202111nenrei-zentai.pdf
202111,44,780,818,1598,https://www.city.urasoe.lg.jp/doc/6656ccbe699259328fa9f972/file_contents/202111nenrei-zentai.pdf
202111,69,624,727,1351,https://www.city.urasoe.lg.jp/doc/6656ccbe699259328fa9f972/file_contents/202111nenrei-zentai.pdf
202111,94,27,104,131,https://www.city.urasoe.lg.jp/doc/6656ccbe699259328fa9f972/file_contents/202111nenrei-zentai.pdf
202111,20,640,671,1311,https://www.city.urasoe.lg.jp/doc/6656ccbe699259328fa9f972/file_contents/202111nenrei-zentai.pdf
202111,45,832,837,1669,https://www.city.urasoe.lg.jp/doc/6656ccbe699259328fa9f972/file_contents/202111nenrei-zentai.pdf
202111,70,626,770,1396,https://www.city.urasoe.lg.jp/doc/6656ccbe699259328fa9f972/file_contents/202111nenrei-zentai.pdf
202111,95,14,78,92,https://www.city.urasoe.lg.jp/doc/6656ccbe699259328fa9f972/file_contents/202111nenrei-zentai.pdf
202111,21,606,622,1228,https://www.city.urasoe.lg.jp/doc/6656ccbe699259328fa9f972/file_contents/202111nenrei-zentai.pdf
202111,46,894,903,1797,https://www.city.urasoe.lg.jp/doc/6656ccbe699259328fa9f972/file_contents/202111nenrei-zentai.pdf
202111,71,671,690,1361,https://www.city.urasoe.lg.jp/doc/6656ccbe699259328fa9f972/file_contents/202111nenrei-zentai.pdf
202111,96,7,59,66,https://www.city.urasoe.lg.jp/doc/6656ccbe699259328fa9f972/file_contents/202111nenrei-zentai.pdf
202111,22,668,611,1279,https://www.city.urasoe.lg.jp/doc/6656ccbe699259328fa9f972/file_contents/202111nenrei-zentai.pdf
202111,47,946,1008,1954,https://www.city.urasoe.lg.jp/doc/6656ccbe699259328fa9f972/file_contents/202111nenrei-zentai.pdf
202111,72,604,647,1251,https://www.city.urasoe.lg.jp/doc/6656ccbe699259328fa9f972/file_contents/202111nenrei-zentai.pdf
202111,97,13,39,52,https://www.city.urasoe.lg.jp/doc/6656ccbe699259328fa9f972/file_contents/202111nenrei-zentai.pdf
202111,23,675,601,1276,https://www.city.urasoe.lg.jp/doc/6656ccbe699259328fa9f972/file_contents/202111nenrei-zentai.pdf
202111,48,910,966,1876,https://www.city.urasoe.lg.jp/doc/6656ccbe699259328fa9f972/file_contents/202111nenrei-zentai.pdf
202111,73,633,661,1294,https://www.city.urasoe.lg.jp/doc/6656ccbe699259328fa9f972/file_contents/202111nenrei-zentai.pdf
202111,98,10,33,43,https://www.city.urasoe.lg.jp/doc/6656ccbe699259328fa9f972/file_contents/202111nenrei-zentai.pdf
202111,24,607,647,1254,https://www.city.urasoe.lg.jp/doc/6656ccbe699259328fa9f972/file_contents/202111nenrei-zentai.pdf
202111,49,891,866,1757,https://www.city.urasoe.lg.jp/doc/6656ccbe699259328fa9f972/file_contents/202111nenrei-zentai.pdf
202111,74,538,598,1136,https://www.city.urasoe.lg.jp/doc/6656ccbe699259328fa9f972/file_contents/202111nenrei-zentai.pdf
202111,99,3,30,33,https://www.city.urasoe.lg.jp/doc/6656ccbe699259328fa9f972/file_contents/202111nenrei-zentai.pdf
202111,100,3,19,22,https://www.city.urasoe.lg.jp/doc/6656ccbe699259328fa9f972/file_contents/202111nenrei-zentai.pdf
202111,101,0,17,17,https://www.city.urasoe.lg.jp/doc/6656ccbe699259328fa9f972/file_contents/202111nenrei-zentai.pdf
202112,0,630,556,1186,https://www.city.urasoe.lg.jp/doc/6656ccbe699259328fa9f972/file_contents/202112nenrei-zentai.pdf
202112,25,651,630,1281,https://www.city.urasoe.lg.jp/doc/6656ccbe699259328fa9f972/file_contents/202112nenrei-zentai.pdf
202112,50,851,907,1758,https://www.city.urasoe.lg.jp/doc/6656ccbe699259328fa9f972/file_contents/202112nenrei-zentai.pdf
202112,75,265,299,564,https://www.city.urasoe.lg.jp/doc/6656ccbe699259328fa9f972/file_contents/202112nenrei-zentai.pdf
202112,1,615,598,1213,https://www.city.urasoe.lg.jp/doc/6656ccbe699259328fa9f972/file_contents/202112nenrei-zentai.pdf
202112,26,639,618,1257,https://www.city.urasoe.lg.jp/doc/6656ccbe699259328fa9f972/file_contents/202112nenrei-zentai.pdf
202112,51,792,882,1674,https://www.city.urasoe.lg.jp/doc/6656ccbe699259328fa9f972/file_contents/202112nenrei-zentai.pdf
202112,76,233,287,520,https://www.city.urasoe.lg.jp/doc/6656ccbe699259328fa9f972/file_contents/202112nenrei-zentai.pdf
202112,2,620,564,1184,https://www.city.urasoe.lg.jp/doc/6656ccbe699259328fa9f972/file_contents/202112nenrei-zentai.pdf
202112,27,642,588,1230,https://www.city.urasoe.lg.jp/doc/6656ccbe699259328fa9f972/file_contents/202112nenrei-zentai.pdf
202112,52,830,801,1631,https://www.city.urasoe.lg.jp/doc/6656ccbe699259328fa9f972/file_contents/202112nenrei-zentai.pdf
202112,77,333,414,747,https://www.city.urasoe.lg.jp/doc/6656ccbe699259328fa9f972/file_contents/202112nenrei-zentai.pdf
202112,3,628,587,1215,https://www.city.urasoe.lg.jp/doc/6656ccbe699259328fa9f972/file_contents/202112nenrei-zentai.pdf
202112,28,628,684,1312,https://www.city.urasoe.lg.jp/doc/6656ccbe699259328fa9f972/file_contents/202112nenrei-zentai.pdf
202112,53,813,891,1704,https://www.city.urasoe.lg.jp/doc/6656ccbe699259328fa9f972/file_contents/202112nenrei-zentai.pdf
202112,78,367,442,809,https://www.city.urasoe.lg.jp/doc/6656ccbe699259328fa9f972/file_contents/202112nenrei-zentai.pdf
202112,4,633,602,1235,https://www.city.urasoe.lg.jp/doc/6656ccbe699259328fa9f972/file_contents/202112nenrei-zentai.pdf
202112,29,639,625,1264,https://www.city.urasoe.lg.jp/doc/6656ccbe699259328fa9f972/file_contents/202112nenrei-zentai.pdf
202112,54,821,862,1683,https://www.city.urasoe.lg.jp/doc/6656ccbe699259328fa9f972/file_contents/202112nenrei-zentai.pdf
202112,79,331,417,748,https://www.city.urasoe.lg.jp/doc/6656ccbe699259328fa9f972/file_contents/202112nenrei-zentai.pdf
202112,5,627,632,1259,https://www.city.urasoe.lg.jp/doc/6656ccbe699259328fa9f972/file_contents/202112nenrei-zentai.pdf
202112,30,667,673,1340,https://www.city.urasoe.lg.jp/doc/6656ccbe699259328fa9f972/file_contents/202112nenrei-zentai.pdf
202112,55,631,683,1314,https://www.city.urasoe.lg.jp/doc/6656ccbe699259328fa9f972/file_contents/202112nenrei-zentai.pdf
202112,80,357,487,844,https://www.city.urasoe.lg.jp/doc/6656ccbe699259328fa9f972/file_contents/202112nenrei-zentai.pdf
202112,6,659,673,1332,https://www.city.urasoe.lg.jp/doc/6656ccbe699259328fa9f972/file_contents/202112nenrei-zentai.pdf
202112,31,645,660,1305,https://www.city.urasoe.lg.jp/doc/6656ccbe699259328fa9f972/file_contents/202112nenrei-zentai.pdf
202112,56,663,723,1386,https://www.city.urasoe.lg.jp/doc/6656ccbe699259328fa9f972/file_contents/202112nenrei-zentai.pdf
202112,81,342,436,778,https://www.city.urasoe.lg.jp/doc/6656ccbe699259328fa9f972/file_contents/202112nenrei-zentai.pdf
202112,7,650,611,1261,https://www.city.urasoe.lg.jp/doc/6656ccbe699259328fa9f972/file_contents/202112nenrei-zentai.pdf
202112,32,670,689,1359,https://www.city.urasoe.lg.jp/doc/6656ccbe699259328fa9f972/file_contents/202112nenrei-zentai.pdf
202112,57,705,718,1423,https://www.city.urasoe.lg.jp/doc/6656ccbe699259328fa9f972/file_contents/202112nenrei-zentai.pdf
202112,82,313,407,720,https://www.city.urasoe.lg.jp/doc/6656ccbe699259328fa9f972/file_contents/202112nenrei-zentai.pdf
202112,8,673,631,1304,https://www.city.urasoe.lg.jp/doc/6656ccbe699259328fa9f972/file_contents/202112nenrei-zentai.pdf
202112,33,672,696,1368,https://www.city.urasoe.lg.jp/doc/6656ccbe699259328fa9f972/file_contents/202112nenrei-zentai.pdf
202112,58,655,785,1440,https://www.city.urasoe.lg.jp/doc/6656ccbe699259328fa9f972/file_contents/202112nenrei-zentai.pdf
202112,83,290,345,635,https://www.city.urasoe.lg.jp/doc/6656ccbe699259328fa9f972/file_contents/202112nenrei-zentai.pdf
202112,9,685,700,1385,https://www.city.urasoe.lg.jp/doc/6656ccbe699259328fa9f972/file_contents/202112nenrei-zentai.pdf
202112,34,694,684,1378,https://www.city.urasoe.lg.jp/doc/6656ccbe699259328fa9f972/file_contents/202112nenrei-zentai.pdf
202112,59,637,703,1340,https://www.city.urasoe.lg.jp/doc/6656ccbe699259328fa9f972/file_contents/202112nenrei-zentai.pdf
202112,84,243,375,618,https://www.city.urasoe.lg.jp/doc/6656ccbe699259328fa9f972/file_contents/202112nenrei-zentai.pdf
202112,10,704,686,1390,https://www.city.urasoe.lg.jp/doc/6656ccbe699259328fa9f972/file_contents/202112nenrei-zentai.pdf
202112,35,779,757,1536,https://www.city.urasoe.lg.jp/doc/6656ccbe699259328fa9f972/file_contents/202112nenrei-zentai.pdf
202112,60,700,731,1431,https://www.city.urasoe.lg.jp/doc/6656ccbe699259328fa9f972/file_contents/202112nenrei-zentai.pdf
202112,85,237,366,603,https://www.city.urasoe.lg.jp/doc/6656ccbe699259328fa9f972/file_contents/202112nenrei-zentai.pdf
202112,11,678,663,1341,https://www.city.urasoe.lg.jp/doc/6656ccbe699259328fa9f972/file_contents/202112nenrei-zentai.pdf
202112,36,730,798,1528,https://www.city.urasoe.lg.jp/doc/6656ccbe699259328fa9f972/file_contents/202112nenrei-zentai.pdf
202112,61,693,676,1369,https://www.city.urasoe.lg.jp/doc/6656ccbe699259328fa9f972/file_contents/202112nenrei-zentai.pdf
202112,86,203,327,530,https://www.city.urasoe.lg.jp/doc/6656ccbe699259328fa9f972/file_contents/202112nenrei-zentai.pdf
202112,12,736,651,1387,https://www.city.urasoe.lg.jp/doc/6656ccbe699259328fa9f972/file_contents/202112nenrei-zentai.pdf
202112,37,735,802,1537,https://www.city.urasoe.lg.jp/doc/6656ccbe699259328fa9f972/file_contents/202112nenrei-zentai.pdf
202112,62,649,664,1313,https://www.city.urasoe.lg.jp/doc/6656ccbe699259328fa9f972/file_contents/202112nenrei-zentai.pdf
202112,87,169,334,503,https://www.city.urasoe.lg.jp/doc/6656ccbe699259328fa9f972/file_contents/202112nenrei-zentai.pdf
202112,13,690,702,1392,https://www.city.urasoe.lg.jp/doc/6656ccbe699259328fa9f972/file_contents/202112nenrei-zentai.pdf
202112,38,725,756,1481,https://www.city.urasoe.lg.jp/doc/6656ccbe699259328fa9f972/file_contents/202112nenrei-zentai.pdf
202112,63,657,660,1317,https://www.city.urasoe.lg.jp/doc/6656ccbe699259328fa9f972/file_contents/202112nenrei-zentai.pdf
202112,88,147,247,394,https://www.city.urasoe.lg.jp/doc/6656ccbe699259328fa9f972/file_contents/202112nenrei-zentai.pdf
202112,14,736,687,1423,https://www.city.urasoe.lg.jp/doc/6656ccbe699259328fa9f972/file_contents/202112nenrei-zentai.pdf
202112,39,704,713,1417,https://www.city.urasoe.lg.jp/doc/6656ccbe699259328fa9f972/file_contents/202112nenrei-zentai.pdf
202112,64,601,606,1207,https://www.city.urasoe.lg.jp/doc/6656ccbe699259328fa9f972/file_contents/202112nenrei-zentai.pdf
202112,89,115,244,359,https://www.city.urasoe.lg.jp/doc/6656ccbe699259328fa9f972/file_contents/202112nenrei-zentai.pdf
202112,15,727,699,1426,https://www.city.urasoe.lg.jp/doc/6656ccbe699259328fa9f972/file_contents/202112nenrei-zentai.pdf
202112,40,716,766,1482,https://www.city.urasoe.lg.jp/doc/6656ccbe699259328fa9f972/file_contents/202112nenrei-zentai.pdf
202112,65,591,644,1235,https://www.city.urasoe.lg.jp/doc/6656ccbe699259328fa9f972/file_contents/202112nenrei-zentai.pdf
202112,90,86,186,272,https://www.city.urasoe.lg.jp/doc/6656ccbe699259328fa9f972/file_contents/202112nenrei-zentai.pdf
202112,16,682,632,1314,https://www.city.urasoe.lg.jp/doc/6656ccbe699259328fa9f972/file_contents/202112nenrei-zentai.pdf
202112,41,714,799,1513,https://www.city.urasoe.lg.jp/doc/6656ccbe699259328fa9f972/file_contents/202112nenrei-zentai.pdf
202112,66,618,654,1272,https://www.city.urasoe.lg.jp/doc/6656ccbe699259328fa9f972/file_contents/202112nenrei-zentai.pdf
202112,91,73,157,230,https://www.city.urasoe.lg.jp/doc/6656ccbe699259328fa9f972/file_contents/202112nenrei-zentai.pdf
202112,17,710,667,1377,https://www.city.urasoe.lg.jp/doc/6656ccbe699259328fa9f972/file_contents/202112nenrei-zentai.pdf
202112,42,756,784,1540,https://www.city.urasoe.lg.jp/doc/6656ccbe699259328fa9f972/file_contents/202112nenrei-zentai.pdf
202112,67,603,714,1317,https://www.city.urasoe.lg.jp/doc/6656ccbe699259328fa9f972/file_contents/202112nenrei-zentai.pdf
202112,92,55,147,202,https://www.city.urasoe.lg.jp/doc/6656ccbe699259328fa9f972/file_contents/202112nenrei-zentai.pdf
202112,18,715,666,1381,https://www.city.urasoe.lg.jp/doc/6656ccbe699259328fa9f972/file_contents/202112nenrei-zentai.pdf
202112,43,820,820,1640,https://www.city.urasoe.lg.jp/doc/6656ccbe699259328fa9f972/file_contents/202112nenrei-zentai.pdf
202112,68,625,696,1321,https://www.city.urasoe.lg.jp/doc/6656ccbe699259328fa9f972/file_contents/202112nenrei-zentai.pdf
202112,93,52,129,181,https://www.city.urasoe.lg.jp/doc/6656ccbe699259328fa9f972/file_contents/202112nenrei-zentai.pdf
202112,19,661,606,1267,https://www.city.urasoe.lg.jp/doc/6656ccbe699259328fa9f972/file_contents/202112nenrei-zentai.pdf
202112,44,771,807,1578,https://www.city.urasoe.lg.jp/doc/6656ccbe699259328fa9f972/file_contents/202112nenrei-zentai.pdf
202112,69,641,704,1345,https://www.city.urasoe.lg.jp/doc/6656ccbe699259328fa9f972/file_contents/202112nenrei-zentai.pdf
202112,94,26,101,127,https://www.city.urasoe.lg.jp/doc/6656ccbe699259328fa9f972/file_contents/202112nenrei-zentai.pdf
202112,20,626,662,1288,https://www.city.urasoe.lg.jp/doc/6656ccbe699259328fa9f972/file_contents/202112nenrei-zentai.pdf
202112,45,834,845,1679,https://www.city.urasoe.lg.jp/doc/6656ccbe699259328fa9f972/file_contents/202112nenrei-zentai.pdf
202112,70,628,782,1410,https://www.city.urasoe.lg.jp/doc/6656ccbe699259328fa9f972/file_contents/202112nenrei-zentai.pdf
202112,95,15,79,94,https://www.city.urasoe.lg.jp/doc/6656ccbe699259328fa9f972/file_contents/202112nenrei-zentai.pdf
202112,21,615,621,1236,https://www.city.urasoe.lg.jp/doc/6656ccbe699259328fa9f972/file_contents/202112nenrei-zentai.pdf
202112,46,895,895,1790,https://www.city.urasoe.lg.jp/doc/6656ccbe699259328fa9f972/file_contents/202112nenrei-zentai.pdf
202112,71,668,693,1361,https://www.city.urasoe.lg.jp/doc/6656ccbe699259328fa9f972/file_contents/202112nenrei-zentai.pdf
202112,96,7,63,70,https://www.city.urasoe.lg.jp/doc/6656ccbe699259328fa9f972/file_contents/202112nenrei-zentai.pdf
202112,22,657,614,1271,https://www.city.urasoe.lg.jp/doc/6656ccbe699259328fa9f972/file_contents/202112nenrei-zentai.pdf
202112,47,933,986,1919,https://www.city.urasoe.lg.jp/doc/6656ccbe699259328fa9f972/file_contents/202112nenrei-zentai.pdf
202112,72,612,655,1267,https://www.city.urasoe.lg.jp/doc/6656ccbe699259328fa9f972/file_contents/202112nenrei-zentai.pdf
202112,97,12,37,49,https://www.city.urasoe.lg.jp/doc/6656ccbe699259328fa9f972/file_contents/202112nenrei-zentai.pdf
202112,23,666,610,1276,https://www.city.urasoe.lg.jp/doc/6656ccbe699259328fa9f972/file_contents/202112nenrei-zentai.pdf
202112,48,918,989,1907,https://www.city.urasoe.lg.jp/doc/6656ccbe699259328fa9f972/file_contents/202112nenrei-zentai.pdf
202112,73,622,646,1268,https://www.city.urasoe.lg.jp/doc/6656ccbe699259328fa9f972/file_contents/202112nenrei-zentai.pdf
202112,98,11,29,40,https://www.city.urasoe.lg.jp/doc/6656ccbe699259328fa9f972/file_contents/202112nenrei-zentai.pdf
202112,24,618,646,1264,https://www.city.urasoe.lg.jp/doc/6656ccbe699259328fa9f972/file_contents/202112nenrei-zentai.pdf
202112,49,907,866,1773,https://www.city.urasoe.lg.jp/doc/6656ccbe699259328fa9f972/file_contents/202112nenrei-zentai.pdf
202112,74,568,628,1196,https://www.city.urasoe.lg.jp/doc/6656ccbe699259328fa9f972/file_contents/202112nenrei-zentai.pdf
202112,99,3,36,39,https://www.city.urasoe.lg.jp/doc/6656ccbe699259328fa9f972/file_contents/202112nenrei-zentai.pdf
202112,100,2,19,21,https://www.city.urasoe.lg.jp/doc/6656ccbe699259328fa9f972/file_contents/202112nenrei-zentai.pdf
202112,101,1,17,18,https://www.city.urasoe.lg.jp/doc/6656ccbe699259328fa9f972/file_contents/202112nenrei-zentai.pdf
202201,0,624,569,1193,https://www.city.urasoe.lg.jp/doc/6656ca9e699259328fa9f8bc/file_contents/202201nenrei-zentai.pdf
202201,25,667,634,1301,https://www.city.urasoe.lg.jp/doc/6656ca9e699259328fa9f8bc/file_contents/202201nenrei-zentai.pdf
202201,50,847,906,1753,https://www.city.urasoe.lg.jp/doc/6656ca9e699259328fa9f8bc/file_contents/202201nenrei-zentai.pdf
202201,75,288,328,616,https://www.city.urasoe.lg.jp/doc/6656ca9e699259328fa9f8bc/file_contents/202201nenrei-zentai.pdf
202201,1,624,582,1206,https://www.city.urasoe.lg.jp/doc/6656ca9e699259328fa9f8bc/file_contents/202201nenrei-zentai.pdf
202201,26,635,605,1240,https://www.city.urasoe.lg.jp/doc/6656ca9e699259328fa9f8bc/file_contents/202201nenrei-zentai.pdf
202201,51,801,887,1688,https://www.city.urasoe.lg.jp/doc/6656ca9e699259328fa9f8bc/file_contents/202201nenrei-zentai.pdf
202201,76,228,264,492,https://www.city.urasoe.lg.jp/doc/6656ca9e699259328fa9f8bc/file_contents/202201nenrei-zentai.pdf
202201,2,636,566,1202,https://www.city.urasoe.lg.jp/doc/6656ca9e699259328fa9f8bc/file_contents/202201nenrei-zentai.pdf
202201,27,652,602,1254,https://www.city.urasoe.lg.jp/doc/6656ca9e699259328fa9f8bc/file_contents/202201nenrei-zentai.pdf
202201,52,820,798,1618,https://www.city.urasoe.lg.jp/doc/6656ca9e699259328fa9f8bc/file_contents/202201nenrei-zentai.pdf
202201,77,322,420,742,https://www.city.urasoe.lg.jp/doc/6656ca9e699259328fa9f8bc/file_contents/202201nenrei-zentai.pdf
202201,3,599,574,1173,https://www.city.urasoe.lg.jp/doc/6656ca9e699259328fa9f8bc/file_contents/202201nenrei-zentai.pdf
202201,28,621,673,1294,https://www.city.urasoe.lg.jp/doc/6656ca9e699259328fa9f8bc/file_contents/202201nenrei-zentai.pdf
202201,53,834,878,1712,https://www.city.urasoe.lg.jp/doc/6656ca9e699259328fa9f8bc/file_contents/202201nenrei-zentai.pdf
202201,78,368,438,806,https://www.city.urasoe.lg.jp/doc/6656ca9e699259328fa9f8bc/file_contents/202201nenrei-zentai.pdf
202201,4,655,619,1274,https://www.city.urasoe.lg.jp/doc/6656ca9e699259328fa9f8bc/file_contents/202201nenrei-zentai.pdf
202201,29,622,639,1261,https://www.city.urasoe.lg.jp/doc/6656ca9e699259328fa9f8bc/file_contents/202201nenrei-zentai.pdf
202201,54,804,879,1683,https://www.city.urasoe.lg.jp/doc/6656ca9e699259328fa9f8bc/file_contents/202201nenrei-zentai.pdf
202201,79,333,421,754,https://www.city.urasoe.lg.jp/doc/6656ca9e699259328fa9f8bc/file_contents/202201nenrei-zentai.pdf
202201,5,623,630,1253,https://www.city.urasoe.lg.jp/doc/6656ca9e699259328fa9f8bc/file_contents/202201nenrei-zentai.pdf
202201,30,678,655,1333,https://www.city.urasoe.lg.jp/doc/6656ca9e699259328fa9f8bc/file_contents/202201nenrei-zentai.pdf
202201,55,657,690,1347,https://www.city.urasoe.lg.jp/doc/6656ca9e699259328fa9f8bc/file_contents/202201nenrei-zentai.pdf
202201,80,357,476,833,https://www.city.urasoe.lg.jp/doc/6656ca9e699259328fa9f8bc/file_contents/202201nenrei-zentai.pdf
202201,6,667,670,1337,https://www.city.urasoe.lg.jp/doc/6656ca9e699259328fa9f8bc/file_contents/202201nenrei-zentai.pdf
202201,31,660,682,1342,https://www.city.urasoe.lg.jp/doc/6656ca9e699259328fa9f8bc/file_contents/202201nenrei-zentai.pdf
202201,56,658,717,1375,https://www.city.urasoe.lg.jp/doc/6656ca9e699259328fa9f8bc/file_contents/202201nenrei-zentai.pdf
202201,81,336,445,781,https://www.city.urasoe.lg.jp/doc/6656ca9e699259328fa9f8bc/file_contents/202201nenrei-zentai.pdf
202201,7,640,608,1248,https://www.city.urasoe.lg.jp/doc/6656ca9e699259328fa9f8bc/file_contents/202201nenrei-zentai.pdf
202201,32,667,663,1330,https://www.city.urasoe.lg.jp/doc/6656ca9e699259328fa9f8bc/file_contents/202201nenrei-zentai.pdf
202201,57,685,723,1408,https://www.city.urasoe.lg.jp/doc/6656ca9e699259328fa9f8bc/file_contents/202201nenrei-zentai.pdf
202201,82,313,405,718,https://www.city.urasoe.lg.jp/doc/6656ca9e699259328fa9f8bc/file_contents/202201nenrei-zentai.pdf
202201,8,668,628,1296,https://www.city.urasoe.lg.jp/doc/6656ca9e699259328fa9f8bc/file_contents/202201nenrei-zentai.pdf
202201,33,668,718,1386,https://www.city.urasoe.lg.jp/doc/6656ca9e699259328fa9f8bc/file_contents/202201nenrei-zentai.pdf
202201,58,671,777,1448,https://www.city.urasoe.lg.jp/doc/6656ca9e699259328fa9f8bc/file_contents/202201nenrei-zentai.pdf
202201,83,300,352,652,https://www.city.urasoe.lg.jp/doc/6656ca9e699259328fa9f8bc/file_contents/202201nenrei-zentai.pdf
202201,9,689,693,1382,https://www.city.urasoe.lg.jp/doc/6656ca9e699259328fa9f8bc/file_contents/202201nenrei-zentai.pdf
202201,34,696,658,1354,https://www.city.urasoe.lg.jp/doc/6656ca9e699259328fa9f8bc/file_contents/202201nenrei-zentai.pdf
202201,59,633,712,1345,https://www.city.urasoe.lg.jp/doc/6656ca9e699259328fa9f8bc/file_contents/202201nenrei-zentai.pdf
202201,84,246,373,619,https://www.city.urasoe.lg.jp/doc/6656ca9e699259328fa9f8bc/file_contents/202201nenrei-zentai.pdf
202201,10,714,687,1401,https://www.city.urasoe.lg.jp/doc/6656ca9e699259328fa9f8bc/file_contents/202201nenrei-zentai.pdf
202201,35,772,768,1540,https://www.city.urasoe.lg.jp/doc/6656ca9e699259328fa9f8bc/file_contents/202201nenrei-zentai.pdf
202201,60,697,731,1428,https://www.city.urasoe.lg.jp/doc/6656ca9e699259328fa9f8bc/file_contents/202201nenrei-zentai.pdf
202201,85,238,363,601,https://www.city.urasoe.lg.jp/doc/6656ca9e699259328fa9f8bc/file_contents/202201nenrei-zentai.pdf
202201,11,650,676,1326,https://www.city.urasoe.lg.jp/doc/6656ca9e699259328fa9f8bc/file_contents/202201nenrei-zentai.pdf
202201,36,739,770,1509,https://www.city.urasoe.lg.jp/doc/6656ca9e699259328fa9f8bc/file_contents/202201nenrei-zentai.pdf
202201,61,678,662,1340,https://www.city.urasoe.lg.jp/doc/6656ca9e699259328fa9f8bc/file_contents/202201nenrei-zentai.pdf
202201,86,203,333,536,https://www.city.urasoe.lg.jp/doc/6656ca9e699259328fa9f8bc/file_contents/202201nenrei-zentai.pdf
202201,12,731,642,1373,https://www.city.urasoe.lg.jp/doc/6656ca9e699259328fa9f8bc/file_contents/202201nenrei-zentai.pdf
202201,37,725,813,1538,https://www.city.urasoe.lg.jp/doc/6656ca9e699259328fa9f8bc/file_contents/202201nenrei-zentai.pdf
202201,62,654,674,1328,https://www.city.urasoe.lg.jp/doc/6656ca9e699259328fa9f8bc/file_contents/202201nenrei-zentai.pdf
202201,87,175,328,503,https://www.city.urasoe.lg.jp/doc/6656ca9e699259328fa9f8bc/file_contents/202201nenrei-zentai.pdf
202201,13,706,713,1419,https://www.city.urasoe.lg.jp/doc/6656ca9e699259328fa9f8bc/file_contents/202201nenrei-zentai.pdf
202201,38,733,774,1507,https://www.city.urasoe.lg.jp/doc/6656ca9e699259328fa9f8bc/file_contents/202201nenrei-zentai.pdf
202201,63,672,651,1323,https://www.city.urasoe.lg.jp/doc/6656ca9e699259328fa9f8bc/file_contents/202201nenrei-zentai.pdf
202201,88,138,262,400,https://www.city.urasoe.lg.jp/doc/6656ca9e699259328fa9f8bc/file_contents/202201nenrei-zentai.pdf
202201,14,712,677,1389,https://www.city.urasoe.lg.jp/doc/6656ca9e699259328fa9f8bc/file_contents/202201nenrei-zentai.pdf
202201,39,707,714,1421,https://www.city.urasoe.lg.jp/doc/6656ca9e699259328fa9f8bc/file_contents/202201nenrei-zentai.pdf
202201,64,595,613,1208,https://www.city.urasoe.lg.jp/doc/6656ca9e699259328fa9f8bc/file_contents/202201nenrei-zentai.pdf
202201,89,120,239,359,https://www.city.urasoe.lg.jp/doc/6656ca9e699259328fa9f8bc/file_contents/202201nenrei-zentai.pdf
202201,15,752,713,1465,https://www.city.urasoe.lg.jp/doc/6656ca9e699259328fa9f8bc/file_contents/202201nenrei-zentai.pdf
202201,40,696,760,1456,https://www.city.urasoe.lg.jp/doc/6656ca9e699259328fa9f8bc/file_contents/202201nenrei-zentai.pdf
202201,65,592,641,1233,https://www.city.urasoe.lg.jp/doc/6656ca9e699259328fa9f8bc/file_contents/202201nenrei-zentai.pdf
202201,90,84,188,272,https://www.city.urasoe.lg.jp/doc/6656ca9e699259328fa9f8bc/file_contents/202201nenrei-zentai.pdf
202201,16,674,622,1296,https://www.city.urasoe.lg.jp/doc/6656ca9e699259328fa9f8bc/file_contents/202201nenrei-zentai.pdf
202201,41,731,789,1520,https://www.city.urasoe.lg.jp/doc/6656ca9e699259328fa9f8bc/file_contents/202201nenrei-zentai.pdf
202201,66,608,650,1258,https://www.city.urasoe.lg.jp/doc/6656ca9e699259328fa9f8bc/file_contents/202201nenrei-zentai.pdf
202201,91,77,156,233,https://www.city.urasoe.lg.jp/doc/6656ca9e699259328fa9f8bc/file_contents/202201nenrei-zentai.pdf
202201,17,707,652,1359,https://www.city.urasoe.lg.jp/doc/6656ca9e699259328fa9f8bc/file_contents/202201nenrei-zentai.pdf
202201,42,749,776,1525,https://www.city.urasoe.lg.jp/doc/6656ca9e699259328fa9f8bc/file_contents/202201nenrei-zentai.pdf
202201,67,600,697,1297,https://www.city.urasoe.lg.jp/doc/6656ca9e699259328fa9f8bc/file_contents/202201nenrei-zentai.pdf
202201,92,53,148,201,https://www.city.urasoe.lg.jp/doc/6656ca9e699259328fa9f8bc/file_contents/202201nenrei-zentai.pdf
202201,18,719,679,1398,https://www.city.urasoe.lg.jp/doc/6656ca9e699259328fa9f8bc/file_contents/202201nenrei-zentai.pdf
202201,43,825,806,1631,https://www.city.urasoe.lg.jp/doc/6656ca9e699259328fa9f8bc/file_contents/202201nenrei-zentai.pdf
202201,68,620,695,1315,https://www.city.urasoe.lg.jp/doc/6656ca9e699259328fa9f8bc/file_contents/202201nenrei-zentai.pdf
202201,93,53,128,181,https://www.city.urasoe.lg.jp/doc/6656ca9e699259328fa9f8bc/file_contents/202201nenrei-zentai.pdf
202201,19,665,607,1272,https://www.city.urasoe.lg.jp/doc/6656ca9e699259328fa9f8bc/file_contents/202201nenrei-zentai.pdf
202201,44,781,804,1585,https://www.city.urasoe.lg.jp/doc/6656ca9e699259328fa9f8bc/file_contents/202201nenrei-zentai.pdf
202201,69,659,719,1378,https://www.city.urasoe.lg.jp/doc/6656ca9e699259328fa9f8bc/file_contents/202201nenrei-zentai.pdf
202201,94,27,100,127,https://www.city.urasoe.lg.jp/doc/6656ca9e699259328fa9f8bc/file_contents/202201nenrei-zentai.pdf
202201,20,623,656,1279,https://www.city.urasoe.lg.jp/doc/6656ca9e699259328fa9f8bc/file_contents/202201nenrei-zentai.pdf
202201,45,820,869,1689,https://www.city.urasoe.lg.jp/doc/6656ca9e699259328fa9f8bc/file_contents/202201nenrei-zentai.pdf
202201,70,628,777,1405,https://www.city.urasoe.lg.jp/doc/6656ca9e699259328fa9f8bc/file_contents/202201nenrei-zentai.pdf
202201,95,17,76,93,https://www.city.urasoe.lg.jp/doc/6656ca9e699259328fa9f8bc/file_contents/202201nenrei-zentai.pdf
202201,21,617,624,1241,https://www.city.urasoe.lg.jp/doc/6656ca9e699259328fa9f8bc/file_contents/202201nenrei-zentai.pdf
202201,46,888,868,1756,https://www.city.urasoe.lg.jp/doc/6656ca9e699259328fa9f8bc/file_contents/202201nenrei-zentai.pdf
202201,71,667,700,1367,https://www.city.urasoe.lg.jp/doc/6656ca9e699259328fa9f8bc/file_contents/202201nenrei-zentai.pdf
202201,96,5,69,74,https://www.city.urasoe.lg.jp/doc/6656ca9e699259328fa9f8bc/file_contents/202201nenrei-zentai.pdf
202201,22,652,618,1270,https://www.city.urasoe.lg.jp/doc/6656ca9e699259328fa9f8bc/file_contents/202201nenrei-zentai.pdf
202201,47,923,965,1888,https://www.city.urasoe.lg.jp/doc/6656ca9e699259328fa9f8bc/file_contents/202201nenrei-zentai.pdf
202201,72,593,645,1238,https://www.city.urasoe.lg.jp/doc/6656ca9e699259328fa9f8bc/file_contents/202201nenrei-zentai.pdf
202201,97,13,35,48,https://www.city.urasoe.lg.jp/doc/6656ca9e699259328fa9f8bc/file_contents/202201nenrei-zentai.pdf
202201,23,664,603,1267,https://www.city.urasoe.lg.jp/doc/6656ca9e699259328fa9f8bc/file_contents/202201nenrei-zentai.pdf
202201,48,922,1005,1927,https://www.city.urasoe.lg.jp/doc/6656ca9e699259328fa9f8bc/file_contents/202201nenrei-zentai.pdf
202201,73,613,649,1262,https://www.city.urasoe.lg.jp/doc/6656ca9e699259328fa9f8bc/file_contents/202201nenrei-zentai.pdf
202201,98,10,30,40,https://www.city.urasoe.lg.jp/doc/6656ca9e699259328fa9f8bc/file_contents/202201nenrei-zentai.pdf
202201,24,602,647,1249,https://www.city.urasoe.lg.jp/doc/6656ca9e699259328fa9f8bc/file_contents/202201nenrei-zentai.pdf
202201,49,905,890,1795,https://www.city.urasoe.lg.jp/doc/6656ca9e699259328fa9f8bc/file_contents/202201nenrei-zentai.pdf
202201,74,591,643,1234,https://www.city.urasoe.lg.jp/doc/6656ca9e699259328fa9f8bc/file_contents/202201nenrei-zentai.pdf
202201,99,4,37,41,https://www.city.urasoe.lg.jp/doc/6656ca9e699259328fa9f8bc/file_contents/202201nenrei-zentai.pdf
202201,100,2,19,21,https://www.city.urasoe.lg.jp/doc/6656ca9e699259328fa9f8bc/file_contents/202201nenrei-zentai.pdf
202201,101,1,16,17,https://www.city.urasoe.lg.jp/doc/6656ca9e699259328fa9f8bc/file_contents/202201nenrei-zentai.pdf
202202,0,611,567,1178,https://www.city.urasoe.lg.jp/doc/6656ca9e699259328fa9f8bc/file_contents/202202nenrei-zentai.pdf
202202,25,654,616,1270,https://www.city.urasoe.lg.jp/doc/6656ca9e699259328fa9f8bc/file_contents/202202nenrei-zentai.pdf
202202,50,853,892,1745,https://www.city.urasoe.lg.jp/doc/6656ca9e699259328fa9f8bc/file_contents/202202nenrei-zentai.pdf
202202,75,313,353,666,https://www.city.urasoe.lg.jp/doc/6656ca9e699259328fa9f8bc/file_contents/202202nenrei-zentai.pdf
202202,1,634,582,1216,https://www.city.urasoe.lg.jp/doc/6656ca9e699259328fa9f8bc/file_contents/202202nenrei-zentai.pdf
202202,26,646,634,1280,https://www.city.urasoe.lg.jp/doc/6656ca9e699259328fa9f8bc/file_contents/202202nenrei-zentai.pdf
202202,51,818,889,1707,https://www.city.urasoe.lg.jp/doc/6656ca9e699259328fa9f8bc/file_contents/202202nenrei-zentai.pdf
202202,76,223,257,480,https://www.city.urasoe.lg.jp/doc/6656ca9e699259328fa9f8bc/file_contents/202202nenrei-zentai.pdf
202202,2,630,563,1193,https://www.city.urasoe.lg.jp/doc/6656ca9e699259328fa9f8bc/file_contents/202202nenrei-zentai.pdf
202202,27,650,613,1263,https://www.city.urasoe.lg.jp/doc/6656ca9e699259328fa9f8bc/file_contents/202202nenrei-zentai.pdf
202202,52,810,789,1599,https://www.city.urasoe.lg.jp/doc/6656ca9e699259328fa9f8bc/file_contents/202202nenrei-zentai.pdf
202202,77,300,410,710,https://www.city.urasoe.lg.jp/doc/6656ca9e699259328fa9f8bc/file_contents/202202nenrei-zentai.pdf
202202,3,597,577,1174,https://www.city.urasoe.lg.jp/doc/6656ca9e699259328fa9f8bc/file_contents/202202nenrei-zentai.pdf
202202,28,621,648,1269,https://www.city.urasoe.lg.jp/doc/6656ca9e699259328fa9f8bc/file_contents/202202nenrei-zentai.pdf
202202,53,833,888,1721,https://www.city.urasoe.lg.jp/doc/6656ca9e699259328fa9f8bc/file_contents/202202nenrei-zentai.pdf
202202,78,378,436,814,https://www.city.urasoe.lg.jp/doc/6656ca9e699259328fa9f8bc/file_contents/202202nenrei-zentai.pdf
202202,4,644,612,1256,https://www.city.urasoe.lg.jp/doc/6656ca9e699259328fa9f8bc/file_contents/202202nenrei-zentai.pdf
202202,29,622,637,1259,https://www.city.urasoe.lg.jp/doc/6656ca9e699259328fa9f8bc/file_contents/202202nenrei-zentai.pdf
202202,54,803,873,1676,https://www.city.urasoe.lg.jp/doc/6656ca9e699259328fa9f8bc/file_contents/202202nenrei-zentai.pdf
202202,79,329,430,759,https://www.city.urasoe.lg.jp/doc/6656ca9e699259328fa9f8bc/file_contents/202202nenrei-zentai.pdf
202202,5,633,637,1270,https://www.city.urasoe.lg.jp/doc/6656ca9e699259328fa9f8bc/file_contents/202202nenrei-zentai.pdf
202202,30,677,658,1335,https://www.city.urasoe.lg.jp/doc/6656ca9e699259328fa9f8bc/file_contents/202202nenrei-zentai.pdf
202202,55,653,709,1362,https://www.city.urasoe.lg.jp/doc/6656ca9e699259328fa9f8bc/file_contents/202202nenrei-zentai.pdf
202202,80,344,471,815,https://www.city.urasoe.lg.jp/doc/6656ca9e699259328fa9f8bc/file_contents/202202nenrei-zentai.pdf
202202,6,668,655,1323,https://www.city.urasoe.lg.jp/doc/6656ca9e699259328fa9f8bc/file_contents/202202nenrei-zentai.pdf
202202,31,663,683,1346,https://www.city.urasoe.lg.jp/doc/6656ca9e699259328fa9f8bc/file_contents/202202nenrei-zentai.pdf
202202,56,673,718,1391,https://www.city.urasoe.lg.jp/doc/6656ca9e699259328fa9f8bc/file_contents/202202nenrei-zentai.pdf
202202,81,353,443,796,https://www.city.urasoe.lg.jp/doc/6656ca9e699259328fa9f8bc/file_contents/202202nenrei-zentai.pdf
202202,7,637,627,1264,https://www.city.urasoe.lg.jp/doc/6656ca9e699259328fa9f8bc/file_contents/202202nenrei-zentai.pdf
202202,32,668,659,1327,https://www.city.urasoe.lg.jp/doc/6656ca9e699259328fa9f8bc/file_contents/202202nenrei-zentai.pdf
202202,57,664,709,1373,https://www.city.urasoe.lg.jp/doc/6656ca9e699259328fa9f8bc/file_contents/202202nenrei-zentai.pdf
202202,82,309,419,728,https://www.city.urasoe.lg.jp/doc/6656ca9e699259328fa9f8bc/file_contents/202202nenrei-zentai.pdf
202202,8,678,618,1296,https://www.city.urasoe.lg.jp/doc/6656ca9e699259328fa9f8bc/file_contents/202202nenrei-zentai.pdf
202202,33,656,704,1360,https://www.city.urasoe.lg.jp/doc/6656ca9e699259328fa9f8bc/file_contents/202202nenrei-zentai.pdf
202202,58,680,774,1454,https://www.city.urasoe.lg.jp/doc/6656ca9e699259328fa9f8bc/file_contents/202202nenrei-zentai.pdf
202202,83,297,341,638,https://www.city.urasoe.lg.jp/doc/6656ca9e699259328fa9f8bc/file_contents/202202nenrei-zentai.pdf
202202,9,673,681,1354,https://www.city.urasoe.lg.jp/doc/6656ca9e699259328fa9f8bc/file_contents/202202nenrei-zentai.pdf
202202,34,695,666,1361,https://www.city.urasoe.lg.jp/doc/6656ca9e699259328fa9f8bc/file_contents/202202nenrei-zentai.pdf
202202,59,628,729,1357,https://www.city.urasoe.lg.jp/doc/6656ca9e699259328fa9f8bc/file_contents/202202nenrei-zentai.pdf
202202,84,255,372,627,https://www.city.urasoe.lg.jp/doc/6656ca9e699259328fa9f8bc/file_contents/202202nenrei-zentai.pdf
202202,10,708,694,1402,https://www.city.urasoe.lg.jp/doc/6656ca9e699259328fa9f8bc/file_contents/202202nenrei-zentai.pdf
202202,35,769,764,1533,https://www.city.urasoe.lg.jp/doc/6656ca9e699259328fa9f8bc/file_contents/202202nenrei-zentai.pdf
202202,60,692,723,1415,https://www.city.urasoe.lg.jp/doc/6656ca9e699259328fa9f8bc/file_contents/202202nenrei-zentai.pdf
202202,85,232,359,591,https://www.city.urasoe.lg.jp/doc/6656ca9e699259328fa9f8bc/file_contents/202202nenrei-zentai.pdf
202202,11,660,684,1344,https://www.city.urasoe.lg.jp/doc/6656ca9e699259328fa9f8bc/file_contents/202202nenrei-zentai.pdf
202202,36,737,751,1488,https://www.city.urasoe.lg.jp/doc/6656ca9e699259328fa9f8bc/file_contents/202202nenrei-zentai.pdf
202202,61,676,666,1342,https://www.city.urasoe.lg.jp/doc/6656ca9e699259328fa9f8bc/file_contents/202202nenrei-zentai.pdf
202202,86,208,329,537,https://www.city.urasoe.lg.jp/doc/6656ca9e699259328fa9f8bc/file_contents/202202nenrei-zentai.pdf
202202,12,733,647,1380,https://www.city.urasoe.lg.jp/doc/6656ca9e699259328fa9f8bc/file_contents/202202nenrei-zentai.pdf
202202,37,709,823,1532,https://www.city.urasoe.lg.jp/doc/6656ca9e699259328fa9f8bc/file_contents/202202nenrei-zentai.pdf
202202,62,661,679,1340,https://www.city.urasoe.lg.jp/doc/6656ca9e699259328fa9f8bc/file_contents/202202nenrei-zentai.pdf
202202,87,180,335,515,https://www.city.urasoe.lg.jp/doc/6656ca9e699259328fa9f8bc/file_contents/202202nenrei-zentai.pdf
202202,13,704,691,1395,https://www.city.urasoe.lg.jp/doc/6656ca9e699259328fa9f8bc/file_contents/202202nenrei-zentai.pdf
202202,38,755,776,1531,https://www.city.urasoe.lg.jp/doc/6656ca9e699259328fa9f8bc/file_contents/202202nenrei-zentai.pdf
202202,63,678,660,1338,https://www.city.urasoe.lg.jp/doc/6656ca9e699259328fa9f8bc/file_contents/202202nenrei-zentai.pdf
202202,88,128,269,397,https://www.city.urasoe.lg.jp/doc/6656ca9e699259328fa9f8bc/file_contents/202202nenrei-zentai.pdf
202202,14,701,694,1395,https://www.city.urasoe.lg.jp/doc/6656ca9e699259328fa9f8bc/file_contents/202202nenrei-zentai.pdf
202202,39,703,721,1424,https://www.city.urasoe.lg.jp/doc/6656ca9e699259328fa9f8bc/file_contents/202202nenrei-zentai.pdf
202202,64,570,601,1171,https://www.city.urasoe.lg.jp/doc/6656ca9e699259328fa9f8bc/file_contents/202202nenrei-zentai.pdf
202202,89,127,236,363,https://www.city.urasoe.lg.jp/doc/6656ca9e699259328fa9f8bc/file_contents/202202nenrei-zentai.pdf
202202,15,752,719,1471,https://www.city.urasoe.lg.jp/doc/6656ca9e699259328fa9f8bc/file_contents/202202nenrei-zentai.pdf
202202,40,687,765,1452,https://www.city.urasoe.lg.jp/doc/6656ca9e699259328fa9f8bc/file_contents/202202nenrei-zentai.pdf
202202,65,615,646,1261,https://www.city.urasoe.lg.jp/doc/6656ca9e699259328fa9f8bc/file_contents/202202nenrei-zentai.pdf
202202,90,85,193,278,https://www.city.urasoe.lg.jp/doc/6656ca9e699259328fa9f8bc/file_contents/202202nenrei-zentai.pdf
202202,16,682,625,1307,https://www.city.urasoe.lg.jp/doc/6656ca9e699259328fa9f8bc/file_contents/202202nenrei-zentai.pdf
202202,41,740,778,1518,https://www.city.urasoe.lg.jp/doc/6656ca9e699259328fa9f8bc/file_contents/202202nenrei-zentai.pdf
202202,66,585,632,1217,https://www.city.urasoe.lg.jp/doc/6656ca9e699259328fa9f8bc/file_contents/202202nenrei-zentai.pdf
202202,91,74,159,233,https://www.city.urasoe.lg.jp/doc/6656ca9e699259328fa9f8bc/file_contents/202202nenrei-zentai.pdf
202202,17,700,634,1334,https://www.city.urasoe.lg.jp/doc/6656ca9e699259328fa9f8bc/file_contents/202202nenrei-zentai.pdf
202202,42,755,770,1525,https://www.city.urasoe.lg.jp/doc/6656ca9e699259328fa9f8bc/file_contents/202202nenrei-zentai.pdf
202202,67,616,699,1315,https://www.city.urasoe.lg.jp/doc/6656ca9e699259328fa9f8bc/file_contents/202202nenrei-zentai.pdf
202202,92,57,146,203,https://www.city.urasoe.lg.jp/doc/6656ca9e699259328fa9f8bc/file_contents/202202nenrei-zentai.pdf
202202,18,726,669,1395,https://www.city.urasoe.lg.jp/doc/6656ca9e699259328fa9f8bc/file_contents/202202nenrei-zentai.pdf
202202,43,810,805,1615,https://www.city.urasoe.lg.jp/doc/6656ca9e699259328fa9f8bc/file_contents/202202nenrei-zentai.pdf
202202,68,608,699,1307,https://www.city.urasoe.lg.jp/doc/6656ca9e699259328fa9f8bc/file_contents/202202nenrei-zentai.pdf
202202,93,46,123,169,https://www.city.urasoe.lg.jp/doc/6656ca9e699259328fa9f8bc/file_contents/202202nenrei-zentai.pdf
202202,19,672,639,1311,https://www.city.urasoe.lg.jp/doc/6656ca9e699259328fa9f8bc/file_contents/202202nenrei-zentai.pdf
202202,44,783,789,1572,https://www.city.urasoe.lg.jp/doc/6656ca9e699259328fa9f8bc/file_contents/202202nenrei-zentai.pdf
202202,69,664,713,1377,https://www.city.urasoe.lg.jp/doc/6656ca9e699259328fa9f8bc/file_contents/202202nenrei-zentai.pdf
202202,94,32,96,128,https://www.city.urasoe.lg.jp/doc/6656ca9e699259328fa9f8bc/file_contents/202202nenrei-zentai.pdf
202202,20,623,641,1264,https://www.city.urasoe.lg.jp/doc/6656ca9e699259328fa9f8bc/file_contents/202202nenrei-zentai.pdf
202202,45,812,865,1677,https://www.city.urasoe.lg.jp/doc/6656ca9e699259328fa9f8bc/file_contents/202202nenrei-zentai.pdf
202202,70,642,769,1411,https://www.city.urasoe.lg.jp/doc/6656ca9e699259328fa9f8bc/file_contents/202202nenrei-zentai.pdf
202202,95,18,82,100,https://www.city.urasoe.lg.jp/doc/6656ca9e699259328fa9f8bc/file_contents/202202nenrei-zentai.pdf
202202,21,632,633,1265,https://www.city.urasoe.lg.jp/doc/6656ca9e699259328fa9f8bc/file_contents/202202nenrei-zentai.pdf
202202,46,876,876,1752,https://www.city.urasoe.lg.jp/doc/6656ca9e699259328fa9f8bc/file_contents/202202nenrei-zentai.pdf
202202,71,660,724,1384,https://www.city.urasoe.lg.jp/doc/6656ca9e699259328fa9f8bc/file_contents/202202nenrei-zentai.pdf
202202,96,6,66,72,https://www.city.urasoe.lg.jp/doc/6656ca9e699259328fa9f8bc/file_contents/202202nenrei-zentai.pdf
202202,22,631,609,1240,https://www.city.urasoe.lg.jp/doc/6656ca9e699259328fa9f8bc/file_contents/202202nenrei-zentai.pdf
202202,47,925,974,1899,https://www.city.urasoe.lg.jp/doc/6656ca9e699259328fa9f8bc/file_contents/202202nenrei-zentai.pdf
202202,72,599,637,1236,https://www.city.urasoe.lg.jp/doc/6656ca9e699259328fa9f8bc/file_contents/202202nenrei-zentai.pdf
202202,97,8,40,48,https://www.city.urasoe.lg.jp/doc/6656ca9e699259328fa9f8bc/file_contents/202202nenrei-zentai.pdf
202202,23,670,593,1263,https://www.city.urasoe.lg.jp/doc/6656ca9e699259328fa9f8bc/file_contents/202202nenrei-zentai.pdf
202202,48,940,1004,1944,https://www.city.urasoe.lg.jp/doc/6656ca9e699259328fa9f8bc/file_contents/202202nenrei-zentai.pdf
202202,73,599,649,1248,https://www.city.urasoe.lg.jp/doc/6656ca9e699259328fa9f8bc/file_contents/202202nenrei-zentai.pdf
202202,98,13,31,44,https://www.city.urasoe.lg.jp/doc/6656ca9e699259328fa9f8bc/file_contents/202202nenrei-zentai.pdf
202202,24,601,657,1258,https://www.city.urasoe.lg.jp/doc/6656ca9e699259328fa9f8bc/file_contents/202202nenrei-zentai.pdf
202202,49,885,896,1781,https://www.city.urasoe.lg.jp/doc/6656ca9e699259328fa9f8bc/file_contents/202202nenrei-zentai.pdf
202202,74,605,649,1254,https://www.city.urasoe.lg.jp/doc/6656ca9e699259328fa9f8bc/file_contents/202202nenrei-zentai.pdf
202202,99,5,34,39,https://www.city.urasoe.lg.jp/doc/6656ca9e699259328fa9f8bc/file_contents/202202nenrei-zentai.pdf
202202,100,2,20,22,https://www.city.urasoe.lg.jp/doc/6656ca9e699259328fa9f8bc/file_contents/202202nenrei-zentai.pdf
202202,101,1,15,16,https://www.city.urasoe.lg.jp/doc/6656ca9e699259328fa9f8bc/file_contents/202202nenrei-zentai.pdf
202203,0,606,573,1179,https://www.city.urasoe.lg.jp/doc/6656ca9e699259328fa9f8bc/file_contents/202203nenrei-zentai.pdf
202203,25,637,610,1247,https://www.city.urasoe.lg.jp/doc/6656ca9e699259328fa9f8bc/file_contents/202203nenrei-zentai.pdf
202203,50,831,865,1696,https://www.city.urasoe.lg.jp/doc/6656ca9e699259328fa9f8bc/file_contents/202203nenrei-zentai.pdf
202203,75,330,378,708,https://www.city.urasoe.lg.jp/doc/6656ca9e699259328fa9f8bc/file_contents/202203nenrei-zentai.pdf
202203,1,628,582,1210,https://www.city.urasoe.lg.jp/doc/6656ca9e699259328fa9f8bc/file_contents/202203nenrei-zentai.pdf
202203,26,626,629,1255,https://www.city.urasoe.lg.jp/doc/6656ca9e699259328fa9f8bc/file_contents/202203nenrei-zentai.pdf
202203,51,807,892,1699,https://www.city.urasoe.lg.jp/doc/6656ca9e699259328fa9f8bc/file_contents/202203nenrei-zentai.pdf
202203,76,217,254,471,https://www.city.urasoe.lg.jp/doc/6656ca9e699259328fa9f8bc/file_contents/202203nenrei-zentai.pdf
202203,2,615,552,1167,https://www.city.urasoe.lg.jp/doc/6656ca9e699259328fa9f8bc/file_contents/202203nenrei-zentai.pdf
202203,27,655,613,1268,https://www.city.urasoe.lg.jp/doc/6656ca9e699259328fa9f8bc/file_contents/202203nenrei-zentai.pdf
202203,52,809,791,1600,https://www.city.urasoe.lg.jp/doc/6656ca9e699259328fa9f8bc/file_contents/202203nenrei-zentai.pdf
202203,77,281,383,664,https://www.city.urasoe.lg.jp/doc/6656ca9e699259328fa9f8bc/file_contents/202203nenrei-zentai.pdf
202203,3,588,569,1157,https://www.city.urasoe.lg.jp/doc/6656ca9e699259328fa9f8bc/file_contents/202203nenrei-zentai.pdf
202203,28,617,641,1258,https://www.city.urasoe.lg.jp/doc/6656ca9e699259328fa9f8bc/file_contents/202203nenrei-zentai.pdf
202203,53,827,886,1713,https://www.city.urasoe.lg.jp/doc/6656ca9e699259328fa9f8bc/file_contents/202203nenrei-zentai.pdf
202203,78,389,462,851,https://www.city.urasoe.lg.jp/doc/6656ca9e699259328fa9f8bc/file_contents/202203nenrei-zentai.pdf
202203,4,643,602,1245,https://www.city.urasoe.lg.jp/doc/6656ca9e699259328fa9f8bc/file_contents/202203nenrei-zentai.pdf
202203,29,633,635,1268,https://www.city.urasoe.lg.jp/doc/6656ca9e699259328fa9f8bc/file_contents/202203nenrei-zentai.pdf
202203,54,807,880,1687,https://www.city.urasoe.lg.jp/doc/6656ca9e699259328fa9f8bc/file_contents/202203nenrei-zentai.pdf
202203,79,330,429,759,https://www.city.urasoe.lg.jp/doc/6656ca9e699259328fa9f8bc/file_contents/202203nenrei-zentai.pdf
202203,5,629,638,1267,https://www.city.urasoe.lg.jp/doc/6656ca9e699259328fa9f8bc/file_contents/202203nenrei-zentai.pdf
202203,30,656,661,1317,https://www.city.urasoe.lg.jp/doc/6656ca9e699259328fa9f8bc/file_contents/202203nenrei-zentai.pdf
202203,55,675,716,1391,https://www.city.urasoe.lg.jp/doc/6656ca9e699259328fa9f8bc/file_contents/202203nenrei-zentai.pdf
202203,80,343,456,799,https://www.city.urasoe.lg.jp/doc/6656ca9e699259328fa9f8bc/file_contents/202203nenrei-zentai.pdf
202203,6,661,628,1289,https://www.city.urasoe.lg.jp/doc/6656ca9e699259328fa9f8bc/file_contents/202203nenrei-zentai.pdf
202203,31,668,659,1327,https://www.city.urasoe.lg.jp/doc/6656ca9e699259328fa9f8bc/file_contents/202203nenrei-zentai.pdf
202203,56,664,708,1372,https://www.city.urasoe.lg.jp/doc/6656ca9e699259328fa9f8bc/file_contents/202203nenrei-zentai.pdf
202203,81,351,418,769,https://www.city.urasoe.lg.jp/doc/6656ca9e699259328fa9f8bc/file_contents/202203nenrei-zentai.pdf
202203,7,638,646,1284,https://www.city.urasoe.lg.jp/doc/6656ca9e699259328fa9f8bc/file_contents/202203nenrei-zentai.pdf
202203,32,639,664,1303,https://www.city.urasoe.lg.jp/doc/6656ca9e699259328fa9f8bc/file_contents/202203nenrei-zentai.pdf
202203,57,654,701,1355,https://www.city.urasoe.lg.jp/doc/6656ca9e699259328fa9f8bc/file_contents/202203nenrei-zentai.pdf
202203,82,317,441,758,https://www.city.urasoe.lg.jp/doc/6656ca9e699259328fa9f8bc/file_contents/202203nenrei-zentai.pdf
202203,8,666,616,1282,https://www.city.urasoe.lg.jp/doc/6656ca9e699259328fa9f8bc/file_contents/202203nenrei-zentai.pdf
202203,33,666,692,1358,https://www.city.urasoe.lg.jp/doc/6656ca9e699259328fa9f8bc/file_contents/202203nenrei-zentai.pdf
202203,58,677,776,1453,https://www.city.urasoe.lg.jp/doc/6656ca9e699259328fa9f8bc/file_contents/202203nenrei-zentai.pdf
202203,83,284,343,627,https://www.city.urasoe.lg.jp/doc/6656ca9e699259328fa9f8bc/file_contents/202203nenrei-zentai.pdf
202203,9,690,673,1363,https://www.city.urasoe.lg.jp/doc/6656ca9e699259328fa9f8bc/file_contents/202203nenrei-zentai.pdf
202203,34,697,671,1368,https://www.city.urasoe.lg.jp/doc/6656ca9e699259328fa9f8bc/file_contents/202203nenrei-zentai.pdf
202203,59,647,748,1395,https://www.city.urasoe.lg.jp/doc/6656ca9e699259328fa9f8bc/file_contents/202203nenrei-zentai.pdf
202203,84,262,378,640,https://www.city.urasoe.lg.jp/doc/6656ca9e699259328fa9f8bc/file_contents/202203nenrei-zentai.pdf
202203,10,689,680,1369,https://www.city.urasoe.lg.jp/doc/6656ca9e699259328fa9f8bc/file_contents/202203nenrei-zentai.pdf
202203,35,748,755,1503,https://www.city.urasoe.lg.jp/doc/6656ca9e699259328fa9f8bc/file_contents/202203nenrei-zentai.pdf
202203,60,671,708,1379,https://www.city.urasoe.lg.jp/doc/6656ca9e699259328fa9f8bc/file_contents/202203nenrei-zentai.pdf
202203,85,225,355,580,https://www.city.urasoe.lg.jp/doc/6656ca9e699259328fa9f8bc/file_contents/202203nenrei-zentai.pdf
202203,11,661,683,1344,https://www.city.urasoe.lg.jp/doc/6656ca9e699259328fa9f8bc/file_contents/202203nenrei-zentai.pdf
202203,36,725,736,1461,https://www.city.urasoe.lg.jp/doc/6656ca9e699259328fa9f8bc/file_contents/202203nenrei-zentai.pdf
202203,61,672,674,1346,https://www.city.urasoe.lg.jp/doc/6656ca9e699259328fa9f8bc/file_contents/202203nenrei-zentai.pdf
202203,86,207,333,540,https://www.city.urasoe.lg.jp/doc/6656ca9e699259328fa9f8bc/file_contents/202203nenrei-zentai.pdf
202203,12,729,651,1380,https://www.city.urasoe.lg.jp/doc/6656ca9e699259328fa9f8bc/file_contents/202203nenrei-zentai.pdf
202203,37,717,794,1511,https://www.city.urasoe.lg.jp/doc/6656ca9e699259328fa9f8bc/file_contents/202203nenrei-zentai.pdf
202203,62,673,676,1349,https://www.city.urasoe.lg.jp/doc/6656ca9e699259328fa9f8bc/file_contents/202203nenrei-zentai.pdf
202203,87,184,338,522,https://www.city.urasoe.lg.jp/doc/6656ca9e699259328fa9f8bc/file_contents/202203nenrei-zentai.pdf
202203,13,710,692,1402,https://www.city.urasoe.lg.jp/doc/6656ca9e699259328fa9f8bc/file_contents/202203nenrei-zentai.pdf
202203,38,740,785,1525,https://www.city.urasoe.lg.jp/doc/6656ca9e699259328fa9f8bc/file_contents/202203nenrei-zentai.pdf
202203,63,670,662,1332,https://www.city.urasoe.lg.jp/doc/6656ca9e699259328fa9f8bc/file_contents/202203nenrei-zentai.pdf
202203,88,128,278,406,https://www.city.urasoe.lg.jp/doc/6656ca9e699259328fa9f8bc/file_contents/202203nenrei-zentai.pdf
202203,14,694,693,1387,https://www.city.urasoe.lg.jp/doc/6656ca9e699259328fa9f8bc/file_contents/202203nenrei-zentai.pdf
202203,39,708,727,1435,https://www.city.urasoe.lg.jp/doc/6656ca9e699259328fa9f8bc/file_contents/202203nenrei-zentai.pdf
202203,64,581,604,1185,https://www.city.urasoe.lg.jp/doc/6656ca9e699259328fa9f8bc/file_contents/202203nenrei-zentai.pdf
202203,89,130,224,354,https://www.city.urasoe.lg.jp/doc/6656ca9e699259328fa9f8bc/file_contents/202203nenrei-zentai.pdf
202203,15,743,719,1462,https://www.city.urasoe.lg.jp/doc/6656ca9e699259328fa9f8bc/file_contents/202203nenrei-zentai.pdf
202203,40,676,766,1442,https://www.city.urasoe.lg.jp/doc/6656ca9e699259328fa9f8bc/file_contents/202203nenrei-zentai.pdf
202203,65,610,633,1243,https://www.city.urasoe.lg.jp/doc/6656ca9e699259328fa9f8bc/file_contents/202203nenrei-zentai.pdf
202203,90,90,195,285,https://www.city.urasoe.lg.jp/doc/6656ca9e699259328fa9f8bc/file_contents/202203nenrei-zentai.pdf
202203,16,675,631,1306,https://www.city.urasoe.lg.jp/doc/6656ca9e699259328fa9f8bc/file_contents/202203nenrei-zentai.pdf
202203,41,740,773,1513,https://www.city.urasoe.lg.jp/doc/6656ca9e699259328fa9f8bc/file_contents/202203nenrei-zentai.pdf
202203,66,585,636,1221,https://www.city.urasoe.lg.jp/doc/6656ca9e699259328fa9f8bc/file_contents/202203nenrei-zentai.pdf
202203,91,66,164,230,https://www.city.urasoe.lg.jp/doc/6656ca9e699259328fa9f8bc/file_contents/202203nenrei-zentai.pdf
202203,17,711,628,1339,https://www.city.urasoe.lg.jp/doc/6656ca9e699259328fa9f8bc/file_contents/202203nenrei-zentai.pdf
202203,42,738,768,1506,https://www.city.urasoe.lg.jp/doc/6656ca9e699259328fa9f8bc/file_contents/202203nenrei-zentai.pdf
202203,67,613,696,1309,https://www.city.urasoe.lg.jp/doc/6656ca9e699259328fa9f8bc/file_contents/202203nenrei-zentai.pdf
202203,92,59,143,202,https://www.city.urasoe.lg.jp/doc/6656ca9e699259328fa9f8bc/file_contents/202203nenrei-zentai.pdf
202203,18,662,618,1280,https://www.city.urasoe.lg.jp/doc/6656ca9e699259328fa9f8bc/file_contents/202203nenrei-zentai.pdf
202203,43,808,814,1622,https://www.city.urasoe.lg.jp/doc/6656ca9e699259328fa9f8bc/file_contents/202203nenrei-zentai.pdf
202203,68,611,697,1308,https://www.city.urasoe.lg.jp/doc/6656ca9e699259328fa9f8bc/file_contents/202203nenrei-zentai.pdf
202203,93,51,130,181,https://www.city.urasoe.lg.jp/doc/6656ca9e699259328fa9f8bc/file_contents/202203nenrei-zentai.pdf
202203,19,670,635,1305,https://www.city.urasoe.lg.jp/doc/6656ca9e699259328fa9f8bc/file_contents/202203nenrei-zentai.pdf
202203,44,789,794,1583,https://www.city.urasoe.lg.jp/doc/6656ca9e699259328fa9f8bc/file_contents/202203nenrei-zentai.pdf
202203,69,655,722,1377,https://www.city.urasoe.lg.jp/doc/6656ca9e699259328fa9f8bc/file_contents/202203nenrei-zentai.pdf
202203,94,32,94,126,https://www.city.urasoe.lg.jp/doc/6656ca9e699259328fa9f8bc/file_contents/202203nenrei-zentai.pdf
202203,20,606,641,1247,https://www.city.urasoe.lg.jp/doc/6656ca9e699259328fa9f8bc/file_contents/202203nenrei-zentai.pdf
202203,45,804,838,1642,https://www.city.urasoe.lg.jp/doc/6656ca9e699259328fa9f8bc/file_contents/202203nenrei-zentai.pdf
202203,70,617,740,1357,https://www.city.urasoe.lg.jp/doc/6656ca9e699259328fa9f8bc/file_contents/202203nenrei-zentai.pdf
202203,95,16,86,102,https://www.city.urasoe.lg.jp/doc/6656ca9e699259328fa9f8bc/file_contents/202203nenrei-zentai.pdf
202203,21,622,630,1252,https://www.city.urasoe.lg.jp/doc/6656ca9e699259328fa9f8bc/file_contents/202203nenrei-zentai.pdf
202203,46,873,887,1760,https://www.city.urasoe.lg.jp/doc/6656ca9e699259328fa9f8bc/file_contents/202203nenrei-zentai.pdf
202203,71,677,746,1423,https://www.city.urasoe.lg.jp/doc/6656ca9e699259328fa9f8bc/file_contents/202203nenrei-zentai.pdf
202203,96,8,62,70,https://www.city.urasoe.lg.jp/doc/6656ca9e699259328fa9f8bc/file_contents/202203nenrei-zentai.pdf
202203,22,603,605,1208,https://www.city.urasoe.lg.jp/doc/6656ca9e699259328fa9f8bc/file_contents/202203nenrei-zentai.pdf
202203,47,909,957,1866,https://www.city.urasoe.lg.jp/doc/6656ca9e699259328fa9f8bc/file_contents/202203nenrei-zentai.pdf
202203,72,595,646,1241,https://www.city.urasoe.lg.jp/doc/6656ca9e699259328fa9f8bc/file_contents/202203nenrei-zentai.pdf
202203,97,8,42,50,https://www.city.urasoe.lg.jp/doc/6656ca9e699259328fa9f8bc/file_contents/202203nenrei-zentai.pdf
202203,23,656,582,1238,https://www.city.urasoe.lg.jp/doc/6656ca9e699259328fa9f8bc/file_contents/202203nenrei-zentai.pdf
202203,48,944,1014,1958,https://www.city.urasoe.lg.jp/doc/6656ca9e699259328fa9f8bc/file_contents/202203nenrei-zentai.pdf
202203,73,587,635,1222,https://www.city.urasoe.lg.jp/doc/6656ca9e699259328fa9f8bc/file_contents/202203nenrei-zentai.pdf
202203,98,13,32,45,https://www.city.urasoe.lg.jp/doc/6656ca9e699259328fa9f8bc/file_contents/202203nenrei-zentai.pdf
202203,24,618,638,1256,https://www.city.urasoe.lg.jp/doc/6656ca9e699259328fa9f8bc/file_contents/202203nenrei-zentai.pdf
202203,49,905,919,1824,https://www.city.urasoe.lg.jp/doc/6656ca9e699259328fa9f8bc/file_contents/202203nenrei-zentai.pdf
202203,74,624,653,1277,https://www.city.urasoe.lg.jp/doc/6656ca9e699259328fa9f8bc/file_contents/202203nenrei-zentai.pdf
202203,99,6,33,39,https://www.city.urasoe.lg.jp/doc/6656ca9e699259328fa9f8bc/file_contents/202203nenrei-zentai.pdf
202203,100,2,21,23,https://www.city.urasoe.lg.jp/doc/6656ca9e699259328fa9f8bc/file_contents/202203nenrei-zentai.pdf
202203,101,1,15,16,https://www.city.urasoe.lg.jp/doc/6656ca9e699259328fa9f8bc/file_contents/202203nenrei-zentai.pdf
202204,0,582,571,1153,https://www.city.urasoe.lg.jp/doc/6656ca9e699259328fa9f8bc/file_contents/202204nenrei-zentai.pdf
202204,25,655,622,1277,https://www.city.urasoe.lg.jp/doc/6656ca9e699259328fa9f8bc/file_contents/202204nenrei-zentai.pdf
202204,50,848,871,1719,https://www.city.urasoe.lg.jp/doc/6656ca9e699259328fa9f8bc/file_contents/202204nenrei-zentai.pdf
202204,75,359,407,766,https://www.city.urasoe.lg.jp/doc/6656ca9e699259328fa9f8bc/file_contents/202204nenrei-zentai.pdf
202204,1,630,573,1203,https://www.city.urasoe.lg.jp/doc/6656ca9e699259328fa9f8bc/file_contents/202204nenrei-zentai.pdf
202204,26,632,656,1288,https://www.city.urasoe.lg.jp/doc/6656ca9e699259328fa9f8bc/file_contents/202204nenrei-zentai.pdf
202204,51,808,874,1682,https://www.city.urasoe.lg.jp/doc/6656ca9e699259328fa9f8bc/file_contents/202204nenrei-zentai.pdf
202204,76,212,249,461,https://www.city.urasoe.lg.jp/doc/6656ca9e699259328fa9f8bc/file_contents/202204nenrei-zentai.pdf
202204,2,613,551,1164,https://www.city.urasoe.lg.jp/doc/6656ca9e699259328fa9f8bc/file_contents/202204nenrei-zentai.pdf
202204,27,640,634,1274,https://www.city.urasoe.lg.jp/doc/6656ca9e699259328fa9f8bc/file_contents/202204nenrei-zentai.pdf
202204,52,819,803,1622,https://www.city.urasoe.lg.jp/doc/6656ca9e699259328fa9f8bc/file_contents/202204nenrei-zentai.pdf
202204,77,274,372,646,https://www.city.urasoe.lg.jp/doc/6656ca9e699259328fa9f8bc/file_contents/202204nenrei-zentai.pdf
202204,3,617,596,1213,https://www.city.urasoe.lg.jp/doc/6656ca9e699259328fa9f8bc/file_contents/202204nenrei-zentai.pdf
202204,28,633,643,1276,https://www.city.urasoe.lg.jp/doc/6656ca9e699259328fa9f8bc/file_contents/202204nenrei-zentai.pdf
202204,53,828,880,1708,https://www.city.urasoe.lg.jp/doc/6656ca9e699259328fa9f8bc/file_contents/202204nenrei-zentai.pdf
202204,78,392,453,845,https://www.city.urasoe.lg.jp/doc/6656ca9e699259328fa9f8bc/file_contents/202204nenrei-zentai.pdf
202204,4,622,597,1219,https://www.city.urasoe.lg.jp/doc/6656ca9e699259328fa9f8bc/file_contents/202204nenrei-zentai.pdf
202204,29,638,634,1272,https://www.city.urasoe.lg.jp/doc/6656ca9e699259328fa9f8bc/file_contents/202204nenrei-zentai.pdf
202204,54,812,885,1697,https://www.city.urasoe.lg.jp/doc/6656ca9e699259328fa9f8bc/file_contents/202204nenrei-zentai.pdf
202204,79,323,437,760,https://www.city.urasoe.lg.jp/doc/6656ca9e699259328fa9f8bc/file_contents/202204nenrei-zentai.pdf
202204,5,631,630,1261,https://www.city.urasoe.lg.jp/doc/6656ca9e699259328fa9f8bc/file_contents/202204nenrei-zentai.pdf
202204,30,654,665,1319,https://www.city.urasoe.lg.jp/doc/6656ca9e699259328fa9f8bc/file_contents/202204nenrei-zentai.pdf
202204,55,673,720,1393,https://www.city.urasoe.lg.jp/doc/6656ca9e699259328fa9f8bc/file_contents/202204nenrei-zentai.pdf
202204,80,343,445,788,https://www.city.urasoe.lg.jp/doc/6656ca9e699259328fa9f8bc/file_contents/202204nenrei-zentai.pdf
202204,6,656,623,1279,https://www.city.urasoe.lg.jp/doc/6656ca9e699259328fa9f8bc/file_contents/202204nenrei-zentai.pdf
202204,31,659,649,1308,https://www.city.urasoe.lg.jp/doc/6656ca9e699259328fa9f8bc/file_contents/202204nenrei-zentai.pdf
202204,56,652,701,1353,https://www.city.urasoe.lg.jp/doc/6656ca9e699259328fa9f8bc/file_contents/202204nenrei-zentai.pdf
202204,81,351,425,776,https://www.city.urasoe.lg.jp/doc/6656ca9e699259328fa9f8bc/file_contents/202204nenrei-zentai.pdf
202204,7,648,651,1299,https://www.city.urasoe.lg.jp/doc/6656ca9e699259328fa9f8bc/file_contents/202204nenrei-zentai.pdf
202204,32,646,675,1321,https://www.city.urasoe.lg.jp/doc/6656ca9e699259328fa9f8bc/file_contents/202204nenrei-zentai.pdf
202204,57,667,709,1376,https://www.city.urasoe.lg.jp/doc/6656ca9e699259328fa9f8bc/file_contents/202204nenrei-zentai.pdf
202204,82,321,433,754,https://www.city.urasoe.lg.jp/doc/6656ca9e699259328fa9f8bc/file_contents/202204nenrei-zentai.pdf
202204,8,656,606,1262,https://www.city.urasoe.lg.jp/doc/6656ca9e699259328fa9f8bc/file_contents/202204nenrei-zentai.pdf
202204,33,665,699,1364,https://www.city.urasoe.lg.jp/doc/6656ca9e699259328fa9f8bc/file_contents/202204nenrei-zentai.pdf
202204,58,662,769,1431,https://www.city.urasoe.lg.jp/doc/6656ca9e699259328fa9f8bc/file_contents/202204nenrei-zentai.pdf
202204,83,283,344,627,https://www.city.urasoe.lg.jp/doc/6656ca9e699259328fa9f8bc/file_contents/202204nenrei-zentai.pdf
202204,9,700,676,1376,https://www.city.urasoe.lg.jp/doc/6656ca9e699259328fa9f8bc/file_contents/202204nenrei-zentai.pdf
202204,34,697,657,1354,https://www.city.urasoe.lg.jp/doc/6656ca9e699259328fa9f8bc/file_contents/202204nenrei-zentai.pdf
202204,59,670,750,1420,https://www.city.urasoe.lg.jp/doc/6656ca9e699259328fa9f8bc/file_contents/202204nenrei-zentai.pdf
202204,84,266,380,646,https://www.city.urasoe.lg.jp/doc/6656ca9e699259328fa9f8bc/file_contents/202204nenrei-zentai.pdf
202204,10,694,692,1386,https://www.city.urasoe.lg.jp/doc/6656ca9e699259328fa9f8bc/file_contents/202204nenrei-zentai.pdf
202204,35,762,768,1530,https://www.city.urasoe.lg.jp/doc/6656ca9e699259328fa9f8bc/file_contents/202204nenrei-zentai.pdf
202204,60,663,707,1370,https://www.city.urasoe.lg.jp/doc/6656ca9e699259328fa9f8bc/file_contents/202204nenrei-zentai.pdf
202204,85,215,360,575,https://www.city.urasoe.lg.jp/doc/6656ca9e699259328fa9f8bc/file_contents/202204nenrei-zentai.pdf
202204,11,650,674,1324,https://www.city.urasoe.lg.jp/doc/6656ca9e699259328fa9f8bc/file_contents/202204nenrei-zentai.pdf
202204,36,712,714,1426,https://www.city.urasoe.lg.jp/doc/6656ca9e699259328fa9f8bc/file_contents/202204nenrei-zentai.pdf
202204,61,675,684,1359,https://www.city.urasoe.lg.jp/doc/6656ca9e699259328fa9f8bc/file_contents/202204nenrei-zentai.pdf
202204,86,217,339,556,https://www.city.urasoe.lg.jp/doc/6656ca9e699259328fa9f8bc/file_contents/202204nenrei-zentai.pdf
202204,12,729,652,1381,https://www.city.urasoe.lg.jp/doc/6656ca9e699259328fa9f8bc/file_contents/202204nenrei-zentai.pdf
202204,37,734,807,1541,https://www.city.urasoe.lg.jp/doc/6656ca9e699259328fa9f8bc/file_contents/202204nenrei-zentai.pdf
202204,62,659,680,1339,https://www.city.urasoe.lg.jp/doc/6656ca9e699259328fa9f8bc/file_contents/202204nenrei-zentai.pdf
202204,87,181,333,514,https://www.city.urasoe.lg.jp/doc/6656ca9e699259328fa9f8bc/file_contents/202204nenrei-zentai.pdf
202204,13,707,705,1412,https://www.city.urasoe.lg.jp/doc/6656ca9e699259328fa9f8bc/file_contents/202204nenrei-zentai.pdf
202204,38,737,776,1513,https://www.city.urasoe.lg.jp/doc/6656ca9e699259328fa9f8bc/file_contents/202204nenrei-zentai.pdf
202204,63,688,670,1358,https://www.city.urasoe.lg.jp/doc/6656ca9e699259328fa9f8bc/file_contents/202204nenrei-zentai.pdf
202204,88,125,276,401,https://www.city.urasoe.lg.jp/doc/6656ca9e699259328fa9f8bc/file_contents/202204nenrei-zentai.pdf
202204,14,693,688,1381,https://www.city.urasoe.lg.jp/doc/6656ca9e699259328fa9f8bc/file_contents/202204nenrei-zentai.pdf
202204,39,701,743,1444,https://www.city.urasoe.lg.jp/doc/6656ca9e699259328fa9f8bc/file_contents/202204nenrei-zentai.pdf
202204,64,592,614,1206,https://www.city.urasoe.lg.jp/doc/6656ca9e699259328fa9f8bc/file_contents/202204nenrei-zentai.pdf
202204,89,133,232,365,https://www.city.urasoe.lg.jp/doc/6656ca9e699259328fa9f8bc/file_contents/202204nenrei-zentai.pdf
202204,15,735,707,1442,https://www.city.urasoe.lg.jp/doc/6656ca9e699259328fa9f8bc/file_contents/202204nenrei-zentai.pdf
202204,40,684,757,1441,https://www.city.urasoe.lg.jp/doc/6656ca9e699259328fa9f8bc/file_contents/202204nenrei-zentai.pdf
202204,65,601,623,1224,https://www.city.urasoe.lg.jp/doc/6656ca9e699259328fa9f8bc/file_contents/202204nenrei-zentai.pdf
202204,90,91,196,287,https://www.city.urasoe.lg.jp/doc/6656ca9e699259328fa9f8bc/file_contents/202204nenrei-zentai.pdf
202204,16,680,629,1309,https://www.city.urasoe.lg.jp/doc/6656ca9e699259328fa9f8bc/file_contents/202204nenrei-zentai.pdf
202204,41,745,777,1522,https://www.city.urasoe.lg.jp/doc/6656ca9e699259328fa9f8bc/file_contents/202204nenrei-zentai.pdf
202204,66,594,640,1234,https://www.city.urasoe.lg.jp/doc/6656ca9e699259328fa9f8bc/file_contents/202204nenrei-zentai.pdf
202204,91,67,164,231,https://www.city.urasoe.lg.jp/doc/6656ca9e699259328fa9f8bc/file_contents/202204nenrei-zentai.pdf
202204,17,709,634,1343,https://www.city.urasoe.lg.jp/doc/6656ca9e699259328fa9f8bc/file_contents/202204nenrei-zentai.pdf
202204,42,729,769,1498,https://www.city.urasoe.lg.jp/doc/6656ca9e699259328fa9f8bc/file_contents/202204nenrei-zentai.pdf
202204,67,621,695,1316,https://www.city.urasoe.lg.jp/doc/6656ca9e699259328fa9f8bc/file_contents/202204nenrei-zentai.pdf
202204,92,61,146,207,https://www.city.urasoe.lg.jp/doc/6656ca9e699259328fa9f8bc/file_contents/202204nenrei-zentai.pdf
202204,18,665,624,1289,https://www.city.urasoe.lg.jp/doc/6656ca9e699259328fa9f8bc/file_contents/202204nenrei-zentai.pdf
202204,43,806,809,1615,https://www.city.urasoe.lg.jp/doc/6656ca9e699259328fa9f8bc/file_contents/202204nenrei-zentai.pdf
202204,68,601,692,1293,https://www.city.urasoe.lg.jp/doc/6656ca9e699259328fa9f8bc/file_contents/202204nenrei-zentai.pdf
202204,93,49,119,168,https://www.city.urasoe.lg.jp/doc/6656ca9e699259328fa9f8bc/file_contents/202204nenrei-zentai.pdf
202204,19,675,632,1307,https://www.city.urasoe.lg.jp/doc/6656ca9e699259328fa9f8bc/file_contents/202204nenrei-zentai.pdf
202204,44,793,796,1589,https://www.city.urasoe.lg.jp/doc/6656ca9e699259328fa9f8bc/file_contents/202204nenrei-zentai.pdf
202204,69,654,694,1348,https://www.city.urasoe.lg.jp/doc/6656ca9e699259328fa9f8bc/file_contents/202204nenrei-zentai.pdf
202204,94,33,102,135,https://www.city.urasoe.lg.jp/doc/6656ca9e699259328fa9f8bc/file_contents/202204nenrei-zentai.pdf
202204,20,618,648,1266,https://www.city.urasoe.lg.jp/doc/6656ca9e699259328fa9f8bc/file_contents/202204nenrei-zentai.pdf
202204,45,800,836,1636,https://www.city.urasoe.lg.jp/doc/6656ca9e699259328fa9f8bc/file_contents/202204nenrei-zentai.pdf
202204,70,613,765,1378,https://www.city.urasoe.lg.jp/doc/6656ca9e699259328fa9f8bc/file_contents/202204nenrei-zentai.pdf
202204,95,16,91,107,https://www.city.urasoe.lg.jp/doc/6656ca9e699259328fa9f8bc/file_contents/202204nenrei-zentai.pdf
202204,21,655,637,1292,https://www.city.urasoe.lg.jp/doc/6656ca9e699259328fa9f8bc/file_contents/202204nenrei-zentai.pdf
202204,46,875,882,1757,https://www.city.urasoe.lg.jp/doc/6656ca9e699259328fa9f8bc/file_contents/202204nenrei-zentai.pdf
202204,71,670,731,1401,https://www.city.urasoe.lg.jp/doc/6656ca9e699259328fa9f8bc/file_contents/202204nenrei-zentai.pdf
202204,96,8,59,67,https://www.city.urasoe.lg.jp/doc/6656ca9e699259328fa9f8bc/file_contents/202204nenrei-zentai.pdf
202204,22,612,627,1239,https://www.city.urasoe.lg.jp/doc/6656ca9e699259328fa9f8bc/file_contents/202204nenrei-zentai.pdf
202204,47,905,956,1861,https://www.city.urasoe.lg.jp/doc/6656ca9e699259328fa9f8bc/file_contents/202204nenrei-zentai.pdf
202204,72,604,657,1261,https://www.city.urasoe.lg.jp/doc/6656ca9e699259328fa9f8bc/file_contents/202204nenrei-zentai.pdf
202204,97,8,42,50,https://www.city.urasoe.lg.jp/doc/6656ca9e699259328fa9f8bc/file_contents/202204nenrei-zentai.pdf
202204,23,660,600,1260,https://www.city.urasoe.lg.jp/doc/6656ca9e699259328fa9f8bc/file_contents/202204nenrei-zentai.pdf
202204,48,940,1015,1955,https://www.city.urasoe.lg.jp/doc/6656ca9e699259328fa9f8bc/file_contents/202204nenrei-zentai.pdf
202204,73,582,633,1215,https://www.city.urasoe.lg.jp/doc/6656ca9e699259328fa9f8bc/file_contents/202204nenrei-zentai.pdf
202204,98,13,34,47,https://www.city.urasoe.lg.jp/doc/6656ca9e699259328fa9f8bc/file_contents/202204nenrei-zentai.pdf
202204,24,637,637,1274,https://www.city.urasoe.lg.jp/doc/6656ca9e699259328fa9f8bc/file_contents/202204nenrei-zentai.pdf
202204,49,902,930,1832,https://www.city.urasoe.lg.jp/doc/6656ca9e699259328fa9f8bc/file_contents/202204nenrei-zentai.pdf
202204,74,624,654,1278,https://www.city.urasoe.lg.jp/doc/6656ca9e699259328fa9f8bc/file_contents/202204nenrei-zentai.pdf
202204,99,6,30,36,https://www.city.urasoe.lg.jp/doc/6656ca9e699259328fa9f8bc/file_contents/202204nenrei-zentai.pdf
202204,100,2,23,25,https://www.city.urasoe.lg.jp/doc/6656ca9e699259328fa9f8bc/file_contents/202204nenrei-zentai.pdf
202204,101,1,15,16,https://www.city.urasoe.lg.jp/doc/6656ca9e699259328fa9f8bc/file_contents/202204nenrei-zentai.pdf
202205,0,592,560,1152,https://www.city.urasoe.lg.jp/doc/6656ca9e699259328fa9f8bc/file_contents/202205nenrei-zentai.pdf
202205,25,639,640,1279,https://www.city.urasoe.lg.jp/doc/6656ca9e699259328fa9f8bc/file_contents/202205nenrei-zentai.pdf
202205,50,844,870,1714,https://www.city.urasoe.lg.jp/doc/6656ca9e699259328fa9f8bc/file_contents/202205nenrei-zentai.pdf
202205,75,375,426,801,https://www.city.urasoe.lg.jp/doc/6656ca9e699259328fa9f8bc/file_contents/202205nenrei-zentai.pdf
202205,1,634,570,1204,https://www.city.urasoe.lg.jp/doc/6656ca9e699259328fa9f8bc/file_contents/202205nenrei-zentai.pdf
202205,26,619,660,1279,https://www.city.urasoe.lg.jp/doc/6656ca9e699259328fa9f8bc/file_contents/202205nenrei-zentai.pdf
202205,51,803,870,1673,https://www.city.urasoe.lg.jp/doc/6656ca9e699259328fa9f8bc/file_contents/202205nenrei-zentai.pdf
202205,76,206,241,447,https://www.city.urasoe.lg.jp/doc/6656ca9e699259328fa9f8bc/file_contents/202205nenrei-zentai.pdf
202205,2,608,555,1163,https://www.city.urasoe.lg.jp/doc/6656ca9e699259328fa9f8bc/file_contents/202205nenrei-zentai.pdf
202205,27,658,635,1293,https://www.city.urasoe.lg.jp/doc/6656ca9e699259328fa9f8bc/file_contents/202205nenrei-zentai.pdf
202205,52,823,811,1634,https://www.city.urasoe.lg.jp/doc/6656ca9e699259328fa9f8bc/file_contents/202205nenrei-zentai.pdf
202205,77,267,366,633,https://www.city.urasoe.lg.jp/doc/6656ca9e699259328fa9f8bc/file_contents/202205nenrei-zentai.pdf
202205,3,602,598,1200,https://www.city.urasoe.lg.jp/doc/6656ca9e699259328fa9f8bc/file_contents/202205nenrei-zentai.pdf
202205,28,649,632,1281,https://www.city.urasoe.lg.jp/doc/6656ca9e699259328fa9f8bc/file_contents/202205nenrei-zentai.pdf
202205,53,834,879,1713,https://www.city.urasoe.lg.jp/doc/6656ca9e699259328fa9f8bc/file_contents/202205nenrei-zentai.pdf
202205,78,382,457,839,https://www.city.urasoe.lg.jp/doc/6656ca9e699259328fa9f8bc/file_contents/202205nenrei-zentai.pdf
202205,4,638,591,1229,https://www.city.urasoe.lg.jp/doc/6656ca9e699259328fa9f8bc/file_contents/202205nenrei-zentai.pdf
202205,29,622,628,1250,https://www.city.urasoe.lg.jp/doc/6656ca9e699259328fa9f8bc/file_contents/202205nenrei-zentai.pdf
202205,54,785,879,1664,https://www.city.urasoe.lg.jp/doc/6656ca9e699259328fa9f8bc/file_contents/202205nenrei-zentai.pdf
202205,79,327,429,756,https://www.city.urasoe.lg.jp/doc/6656ca9e699259328fa9f8bc/file_contents/202205nenrei-zentai.pdf
202205,5,635,636,1271,https://www.city.urasoe.lg.jp/doc/6656ca9e699259328fa9f8bc/file_contents/202205nenrei-zentai.pdf
202205,30,656,682,1338,https://www.city.urasoe.lg.jp/doc/6656ca9e699259328fa9f8bc/file_contents/202205nenrei-zentai.pdf
202205,55,710,740,1450,https://www.city.urasoe.lg.jp/doc/6656ca9e699259328fa9f8bc/file_contents/202205nenrei-zentai.pdf
202205,80,341,443,784,https://www.city.urasoe.lg.jp/doc/6656ca9e699259328fa9f8bc/file_contents/202205nenrei-zentai.pdf
202205,6,644,614,1258,https://www.city.urasoe.lg.jp/doc/6656ca9e699259328fa9f8bc/file_contents/202205nenrei-zentai.pdf
202205,31,667,640,1307,https://www.city.urasoe.lg.jp/doc/6656ca9e699259328fa9f8bc/file_contents/202205nenrei-zentai.pdf
202205,56,637,682,1319,https://www.city.urasoe.lg.jp/doc/6656ca9e699259328fa9f8bc/file_contents/202205nenrei-zentai.pdf
202205,81,364,418,782,https://www.city.urasoe.lg.jp/doc/6656ca9e699259328fa9f8bc/file_contents/202205nenrei-zentai.pdf
202205,7,655,653,1308,https://www.city.urasoe.lg.jp/doc/6656ca9e699259328fa9f8bc/file_contents/202205nenrei-zentai.pdf
202205,32,632,695,1327,https://www.city.urasoe.lg.jp/doc/6656ca9e699259328fa9f8bc/file_contents/202205nenrei-zentai.pdf
202205,57,674,727,1401,https://www.city.urasoe.lg.jp/doc/6656ca9e699259328fa9f8bc/file_contents/202205nenrei-zentai.pdf
202205,82,307,439,746,https://www.city.urasoe.lg.jp/doc/6656ca9e699259328fa9f8bc/file_contents/202205nenrei-zentai.pdf
202205,8,659,599,1258,https://www.city.urasoe.lg.jp/doc/6656ca9e699259328fa9f8bc/file_contents/202205nenrei-zentai.pdf
202205,33,689,695,1384,https://www.city.urasoe.lg.jp/doc/6656ca9e699259328fa9f8bc/file_contents/202205nenrei-zentai.pdf
202205,58,650,771,1421,https://www.city.urasoe.lg.jp/doc/6656ca9e699259328fa9f8bc/file_contents/202205nenrei-zentai.pdf
202205,83,287,356,643,https://www.city.urasoe.lg.jp/doc/6656ca9e699259328fa9f8bc/file_contents/202205nenrei-zentai.pdf
202205,9,689,686,1375,https://www.city.urasoe.lg.jp/doc/6656ca9e699259328fa9f8bc/file_contents/202205nenrei-zentai.pdf
202205,34,680,662,1342,https://www.city.urasoe.lg.jp/doc/6656ca9e699259328fa9f8bc/file_contents/202205nenrei-zentai.pdf
202205,59,694,745,1439,https://www.city.urasoe.lg.jp/doc/6656ca9e699259328fa9f8bc/file_contents/202205nenrei-zentai.pdf
202205,84,264,375,639,https://www.city.urasoe.lg.jp/doc/6656ca9e699259328fa9f8bc/file_contents/202205nenrei-zentai.pdf
202205,10,694,691,1385,https://www.city.urasoe.lg.jp/doc/6656ca9e699259328fa9f8bc/file_contents/202205nenrei-zentai.pdf
202205,35,756,750,1506,https://www.city.urasoe.lg.jp/doc/6656ca9e699259328fa9f8bc/file_contents/202205nenrei-zentai.pdf
202205,60,650,705,1355,https://www.city.urasoe.lg.jp/doc/6656ca9e699259328fa9f8bc/file_contents/202205nenrei-zentai.pdf
202205,85,224,350,574,https://www.city.urasoe.lg.jp/doc/6656ca9e699259328fa9f8bc/file_contents/202205nenrei-zentai.pdf
202205,11,658,677,1335,https://www.city.urasoe.lg.jp/doc/6656ca9e699259328fa9f8bc/file_contents/202205nenrei-zentai.pdf
202205,36,723,715,1438,https://www.city.urasoe.lg.jp/doc/6656ca9e699259328fa9f8bc/file_contents/202205nenrei-zentai.pdf
202205,61,672,681,1353,https://www.city.urasoe.lg.jp/doc/6656ca9e699259328fa9f8bc/file_contents/202205nenrei-zentai.pdf
202205,86,208,346,554,https://www.city.urasoe.lg.jp/doc/6656ca9e699259328fa9f8bc/file_contents/202205nenrei-zentai.pdf
202205,12,719,640,1359,https://www.city.urasoe.lg.jp/doc/6656ca9e699259328fa9f8bc/file_contents/202205nenrei-zentai.pdf
202205,37,737,820,1557,https://www.city.urasoe.lg.jp/doc/6656ca9e699259328fa9f8bc/file_contents/202205nenrei-zentai.pdf
202205,62,652,695,1347,https://www.city.urasoe.lg.jp/doc/6656ca9e699259328fa9f8bc/file_contents/202205nenrei-zentai.pdf
202205,87,188,333,521,https://www.city.urasoe.lg.jp/doc/6656ca9e699259328fa9f8bc/file_contents/202205nenrei-zentai.pdf
202205,13,726,714,1440,https://www.city.urasoe.lg.jp/doc/6656ca9e699259328fa9f8bc/file_contents/202205nenrei-zentai.pdf
202205,38,736,772,1508,https://www.city.urasoe.lg.jp/doc/6656ca9e699259328fa9f8bc/file_contents/202205nenrei-zentai.pdf
202205,63,689,668,1357,https://www.city.urasoe.lg.jp/doc/6656ca9e699259328fa9f8bc/file_contents/202205nenrei-zentai.pdf
202205,88,123,270,393,https://www.city.urasoe.lg.jp/doc/6656ca9e699259328fa9f8bc/file_contents/202205nenrei-zentai.pdf
202205,14,680,684,1364,https://www.city.urasoe.lg.jp/doc/6656ca9e699259328fa9f8bc/file_contents/202205nenrei-zentai.pdf
202205,39,696,752,1448,https://www.city.urasoe.lg.jp/doc/6656ca9e699259328fa9f8bc/file_contents/202205nenrei-zentai.pdf
202205,64,612,613,1225,https://www.city.urasoe.lg.jp/doc/6656ca9e699259328fa9f8bc/file_contents/202205nenrei-zentai.pdf
202205,89,133,235,368,https://www.city.urasoe.lg.jp/doc/6656ca9e699259328fa9f8bc/file_contents/202205nenrei-zentai.pdf
202205,15,731,699,1430,https://www.city.urasoe.lg.jp/doc/6656ca9e699259328fa9f8bc/file_contents/202205nenrei-zentai.pdf
202205,40,690,734,1424,https://www.city.urasoe.lg.jp/doc/6656ca9e699259328fa9f8bc/file_contents/202205nenrei-zentai.pdf
202205,65,585,623,1208,https://www.city.urasoe.lg.jp/doc/6656ca9e699259328fa9f8bc/file_contents/202205nenrei-zentai.pdf
202205,90,91,199,290,https://www.city.urasoe.lg.jp/doc/6656ca9e699259328fa9f8bc/file_contents/202205nenrei-zentai.pdf
202205,16,705,643,1348,https://www.city.urasoe.lg.jp/doc/6656ca9e699259328fa9f8bc/file_contents/202205nenrei-zentai.pdf
202205,41,734,782,1516,https://www.city.urasoe.lg.jp/doc/6656ca9e699259328fa9f8bc/file_contents/202205nenrei-zentai.pdf
202205,66,605,633,1238,https://www.city.urasoe.lg.jp/doc/6656ca9e699259328fa9f8bc/file_contents/202205nenrei-zentai.pdf
202205,91,68,165,233,https://www.city.urasoe.lg.jp/doc/6656ca9e699259328fa9f8bc/file_contents/202205nenrei-zentai.pdf
202205,17,691,632,1323,https://www.city.urasoe.lg.jp/doc/6656ca9e699259328fa9f8bc/file_contents/202205nenrei-zentai.pdf
202205,42,742,768,1510,https://www.city.urasoe.lg.jp/doc/6656ca9e699259328fa9f8bc/file_contents/202205nenrei-zentai.pdf
202205,67,614,703,1317,https://www.city.urasoe.lg.jp/doc/6656ca9e699259328fa9f8bc/file_contents/202205nenrei-zentai.pdf
202205,92,62,147,209,https://www.city.urasoe.lg.jp/doc/6656ca9e699259328fa9f8bc/file_contents/202205nenrei-zentai.pdf
202205,18,657,622,1279,https://www.city.urasoe.lg.jp/doc/6656ca9e699259328fa9f8bc/file_contents/202205nenrei-zentai.pdf
202205,43,796,802,1598,https://www.city.urasoe.lg.jp/doc/6656ca9e699259328fa9f8bc/file_contents/202205nenrei-zentai.pdf
202205,68,603,699,1302,https://www.city.urasoe.lg.jp/doc/6656ca9e699259328fa9f8bc/file_contents/202205nenrei-zentai.pdf
202205,93,47,121,168,https://www.city.urasoe.lg.jp/doc/6656ca9e699259328fa9f8bc/file_contents/202205nenrei-zentai.pdf
202205,19,675,627,1302,https://www.city.urasoe.lg.jp/doc/6656ca9e699259328fa9f8bc/file_contents/202205nenrei-zentai.pdf
202205,44,790,797,1587,https://www.city.urasoe.lg.jp/doc/6656ca9e699259328fa9f8bc/file_contents/202205nenrei-zentai.pdf
202205,69,655,687,1342,https://www.city.urasoe.lg.jp/doc/6656ca9e699259328fa9f8bc/file_contents/202205nenrei-zentai.pdf
202205,94,31,109,140,https://www.city.urasoe.lg.jp/doc/6656ca9e699259328fa9f8bc/file_contents/202205nenrei-zentai.pdf
202205,20,638,645,1283,https://www.city.urasoe.lg.jp/doc/6656ca9e699259328fa9f8bc/file_contents/202205nenrei-zentai.pdf
202205,45,806,844,1650,https://www.city.urasoe.lg.jp/doc/6656ca9e699259328fa9f8bc/file_contents/202205nenrei-zentai.pdf
202205,70,600,759,1359,https://www.city.urasoe.lg.jp/doc/6656ca9e699259328fa9f8bc/file_contents/202205nenrei-zentai.pdf
202205,95,17,87,104,https://www.city.urasoe.lg.jp/doc/6656ca9e699259328fa9f8bc/file_contents/202205nenrei-zentai.pdf
202205,21,655,662,1317,https://www.city.urasoe.lg.jp/doc/6656ca9e699259328fa9f8bc/file_contents/202205nenrei-zentai.pdf
202205,46,855,859,1714,https://www.city.urasoe.lg.jp/doc/6656ca9e699259328fa9f8bc/file_contents/202205nenrei-zentai.pdf
202205,71,670,719,1389,https://www.city.urasoe.lg.jp/doc/6656ca9e699259328fa9f8bc/file_contents/202205nenrei-zentai.pdf
202205,96,8,63,71,https://www.city.urasoe.lg.jp/doc/6656ca9e699259328fa9f8bc/file_contents/202205nenrei-zentai.pdf
202205,22,619,635,1254,https://www.city.urasoe.lg.jp/doc/6656ca9e699259328fa9f8bc/file_contents/202205nenrei-zentai.pdf
202205,47,912,975,1887,https://www.city.urasoe.lg.jp/doc/6656ca9e699259328fa9f8bc/file_contents/202205nenrei-zentai.pdf
202205,72,605,672,1277,https://www.city.urasoe.lg.jp/doc/6656ca9e699259328fa9f8bc/file_contents/202205nenrei-zentai.pdf
202205,97,10,39,49,https://www.city.urasoe.lg.jp/doc/6656ca9e699259328fa9f8bc/file_contents/202205nenrei-zentai.pdf
202205,23,684,597,1281,https://www.city.urasoe.lg.jp/doc/6656ca9e699259328fa9f8bc/file_contents/202205nenrei-zentai.pdf
202205,48,929,1002,1931,https://www.city.urasoe.lg.jp/doc/6656ca9e699259328fa9f8bc/file_contents/202205nenrei-zentai.pdf
202205,73,593,626,1219,https://www.city.urasoe.lg.jp/doc/6656ca9e699259328fa9f8bc/file_contents/202205nenrei-zentai.pdf
202205,98,13,34,47,https://www.city.urasoe.lg.jp/doc/6656ca9e699259328fa9f8bc/file_contents/202205nenrei-zentai.pdf
202205,24,647,636,1283,https://www.city.urasoe.lg.jp/doc/6656ca9e699259328fa9f8bc/file_contents/202205nenrei-zentai.pdf
202205,49,923,942,1865,https://www.city.urasoe.lg.jp/doc/6656ca9e699259328fa9f8bc/file_contents/202205nenrei-zentai.pdf
202205,74,632,675,1307,https://www.city.urasoe.lg.jp/doc/6656ca9e699259328fa9f8bc/file_contents/202205nenrei-zentai.pdf
202205,99,6,31,37,https://www.city.urasoe.lg.jp/doc/6656ca9e699259328fa9f8bc/file_contents/202205nenrei-zentai.pdf
202205,100,2,22,24,https://www.city.urasoe.lg.jp/doc/6656ca9e699259328fa9f8bc/file_contents/202205nenrei-zentai.pdf
202205,101,1,12,13,https://www.city.urasoe.lg.jp/doc/6656ca9e699259328fa9f8bc/file_contents/202205nenrei-zentai.pdf
202206,0,578,556,1134,https://www.city.urasoe.lg.jp/doc/6656ca9e699259328fa9f8bc/file_contents/202206nenrei-zentai.pdf
202206,25,617,654,1271,https://www.city.urasoe.lg.jp/doc/6656ca9e699259328fa9f8bc/file_contents/202206nenrei-zentai.pdf
202206,50,849,860,1709,https://www.city.urasoe.lg.jp/doc/6656ca9e699259328fa9f8bc/file_contents/202206nenrei-zentai.pdf
202206,75,389,446,835,https://www.city.urasoe.lg.jp/doc/6656ca9e699259328fa9f8bc/file_contents/202206nenrei-zentai.pdf
202206,1,639,570,1209,https://www.city.urasoe.lg.jp/doc/6656ca9e699259328fa9f8bc/file_contents/202206nenrei-zentai.pdf
202206,26,631,649,1280,https://www.city.urasoe.lg.jp/doc/6656ca9e699259328fa9f8bc/file_contents/202206nenrei-zentai.pdf
202206,51,790,895,1685,https://www.city.urasoe.lg.jp/doc/6656ca9e699259328fa9f8bc/file_contents/202206nenrei-zentai.pdf
202206,76,209,249,458,https://www.city.urasoe.lg.jp/doc/6656ca9e699259328fa9f8bc/file_contents/202206nenrei-zentai.pdf
202206,2,586,557,1143,https://www.city.urasoe.lg.jp/doc/6656ca9e699259328fa9f8bc/file_contents/202206nenrei-zentai.pdf
202206,27,658,635,1293,https://www.city.urasoe.lg.jp/doc/6656ca9e699259328fa9f8bc/file_contents/202206nenrei-zentai.pdf
202206,52,828,818,1646,https://www.city.urasoe.lg.jp/doc/6656ca9e699259328fa9f8bc/file_contents/202206nenrei-zentai.pdf
202206,77,262,357,619,https://www.city.urasoe.lg.jp/doc/6656ca9e699259328fa9f8bc/file_contents/202206nenrei-zentai.pdf
202206,3,604,592,1196,https://www.city.urasoe.lg.jp/doc/6656ca9e699259328fa9f8bc/file_contents/202206nenrei-zentai.pdf
202206,28,650,616,1266,https://www.city.urasoe.lg.jp/doc/6656ca9e699259328fa9f8bc/file_contents/202206nenrei-zentai.pdf
202206,53,835,867,1702,https://www.city.urasoe.lg.jp/doc/6656ca9e699259328fa9f8bc/file_contents/202206nenrei-zentai.pdf
202206,78,382,449,831,https://www.city.urasoe.lg.jp/doc/6656ca9e699259328fa9f8bc/file_contents/202206nenrei-zentai.pdf
202206,4,644,585,1229,https://www.city.urasoe.lg.jp/doc/6656ca9e699259328fa9f8bc/file_contents/202206nenrei-zentai.pdf
202206,29,624,645,1269,https://www.city.urasoe.lg.jp/doc/6656ca9e699259328fa9f8bc/file_contents/202206nenrei-zentai.pdf
202206,54,785,869,1654,https://www.city.urasoe.lg.jp/doc/6656ca9e699259328fa9f8bc/file_contents/202206nenrei-zentai.pdf
202206,79,321,433,754,https://www.city.urasoe.lg.jp/doc/6656ca9e699259328fa9f8bc/file_contents/202206nenrei-zentai.pdf
202206,5,646,636,1282,https://www.city.urasoe.lg.jp/doc/6656ca9e699259328fa9f8bc/file_contents/202206nenrei-zentai.pdf
202206,30,652,666,1318,https://www.city.urasoe.lg.jp/doc/6656ca9e699259328fa9f8bc/file_contents/202206nenrei-zentai.pdf
202206,55,731,774,1505,https://www.city.urasoe.lg.jp/doc/6656ca9e699259328fa9f8bc/file_contents/202206nenrei-zentai.pdf
202206,80,344,434,778,https://www.city.urasoe.lg.jp/doc/6656ca9e699259328fa9f8bc/file_contents/202206nenrei-zentai.pdf
202206,6,637,605,1242,https://www.city.urasoe.lg.jp/doc/6656ca9e699259328fa9f8bc/file_contents/202206nenrei-zentai.pdf
202206,31,666,657,1323,https://www.city.urasoe.lg.jp/doc/6656ca9e699259328fa9f8bc/file_contents/202206nenrei-zentai.pdf
202206,56,629,674,1303,https://www.city.urasoe.lg.jp/doc/6656ca9e699259328fa9f8bc/file_contents/202206nenrei-zentai.pdf
202206,81,361,431,792,https://www.city.urasoe.lg.jp/doc/6656ca9e699259328fa9f8bc/file_contents/202206nenrei-zentai.pdf
202206,7,658,679,1337,https://www.city.urasoe.lg.jp/doc/6656ca9e699259328fa9f8bc/file_contents/202206nenrei-zentai.pdf
202206,32,636,692,1328,https://www.city.urasoe.lg.jp/doc/6656ca9e699259328fa9f8bc/file_contents/202206nenrei-zentai.pdf
202206,57,679,727,1406,https://www.city.urasoe.lg.jp/doc/6656ca9e699259328fa9f8bc/file_contents/202206nenrei-zentai.pdf
202206,82,312,430,742,https://www.city.urasoe.lg.jp/doc/6656ca9e699259328fa9f8bc/file_contents/202206nenrei-zentai.pdf
202206,8,659,587,1246,https://www.city.urasoe.lg.jp/doc/6656ca9e699259328fa9f8bc/file_contents/202206nenrei-zentai.pdf
202206,33,679,694,1373,https://www.city.urasoe.lg.jp/doc/6656ca9e699259328fa9f8bc/file_contents/202206nenrei-zentai.pdf
202206,58,669,767,1436,https://www.city.urasoe.lg.jp/doc/6656ca9e699259328fa9f8bc/file_contents/202206nenrei-zentai.pdf
202206,83,285,362,647,https://www.city.urasoe.lg.jp/doc/6656ca9e699259328fa9f8bc/file_contents/202206nenrei-zentai.pdf
202206,9,690,675,1365,https://www.city.urasoe.lg.jp/doc/6656ca9e699259328fa9f8bc/file_contents/202206nenrei-zentai.pdf
202206,34,673,673,1346,https://www.city.urasoe.lg.jp/doc/6656ca9e699259328fa9f8bc/file_contents/202206nenrei-zentai.pdf
202206,59,670,754,1424,https://www.city.urasoe.lg.jp/doc/6656ca9e699259328fa9f8bc/file_contents/202206nenrei-zentai.pdf
202206,84,266,368,634,https://www.city.urasoe.lg.jp/doc/6656ca9e699259328fa9f8bc/file_contents/202206nenrei-zentai.pdf
202206,10,702,699,1401,https://www.city.urasoe.lg.jp/doc/6656ca9e699259328fa9f8bc/file_contents/202206nenrei-zentai.pdf
202206,35,751,732,1483,https://www.city.urasoe.lg.jp/doc/6656ca9e699259328fa9f8bc/file_contents/202206nenrei-zentai.pdf
202206,60,652,706,1358,https://www.city.urasoe.lg.jp/doc/6656ca9e699259328fa9f8bc/file_contents/202206nenrei-zentai.pdf
202206,85,224,366,590,https://www.city.urasoe.lg.jp/doc/6656ca9e699259328fa9f8bc/file_contents/202206nenrei-zentai.pdf
202206,11,651,663,1314,https://www.city.urasoe.lg.jp/doc/6656ca9e699259328fa9f8bc/file_contents/202206nenrei-zentai.pdf
202206,36,717,723,1440,https://www.city.urasoe.lg.jp/doc/6656ca9e699259328fa9f8bc/file_contents/202206nenrei-zentai.pdf
202206,61,682,684,1366,https://www.city.urasoe.lg.jp/doc/6656ca9e699259328fa9f8bc/file_contents/202206nenrei-zentai.pdf
202206,86,208,340,548,https://www.city.urasoe.lg.jp/doc/6656ca9e699259328fa9f8bc/file_contents/202206nenrei-zentai.pdf
202206,12,705,654,1359,https://www.city.urasoe.lg.jp/doc/6656ca9e699259328fa9f8bc/file_contents/202206nenrei-zentai.pdf
202206,37,743,822,1565,https://www.city.urasoe.lg.jp/doc/6656ca9e699259328fa9f8bc/file_contents/202206nenrei-zentai.pdf
202206,62,656,703,1359,https://www.city.urasoe.lg.jp/doc/6656ca9e699259328fa9f8bc/file_contents/202206nenrei-zentai.pdf
202206,87,187,328,515,https://www.city.urasoe.lg.jp/doc/6656ca9e699259328fa9f8bc/file_contents/202206nenrei-zentai.pdf
202206,13,719,694,1413,https://www.city.urasoe.lg.jp/doc/6656ca9e699259328fa9f8bc/file_contents/202206nenrei-zentai.pdf
202206,38,741,794,1535,https://www.city.urasoe.lg.jp/doc/6656ca9e699259328fa9f8bc/file_contents/202206nenrei-zentai.pdf
202206,63,690,669,1359,https://www.city.urasoe.lg.jp/doc/6656ca9e699259328fa9f8bc/file_contents/202206nenrei-zentai.pdf
202206,88,128,276,404,https://www.city.urasoe.lg.jp/doc/6656ca9e699259328fa9f8bc/file_contents/202206nenrei-zentai.pdf
202206,14,690,705,1395,https://www.city.urasoe.lg.jp/doc/6656ca9e699259328fa9f8bc/file_contents/202206nenrei-zentai.pdf
202206,39,699,724,1423,https://www.city.urasoe.lg.jp/doc/6656ca9e699259328fa9f8bc/file_contents/202206nenrei-zentai.pdf
202206,64,613,605,1218,https://www.city.urasoe.lg.jp/doc/6656ca9e699259328fa9f8bc/file_contents/202206nenrei-zentai.pdf
202206,89,131,240,371,https://www.city.urasoe.lg.jp/doc/6656ca9e699259328fa9f8bc/file_contents/202206nenrei-zentai.pdf
202206,15,733,693,1426,https://www.city.urasoe.lg.jp/doc/6656ca9e699259328fa9f8bc/file_contents/202206nenrei-zentai.pdf
202206,40,698,749,1447,https://www.city.urasoe.lg.jp/doc/6656ca9e699259328fa9f8bc/file_contents/202206nenrei-zentai.pdf
202206,65,593,640,1233,https://www.city.urasoe.lg.jp/doc/6656ca9e699259328fa9f8bc/file_contents/202206nenrei-zentai.pdf
202206,90,93,196,289,https://www.city.urasoe.lg.jp/doc/6656ca9e699259328fa9f8bc/file_contents/202206nenrei-zentai.pdf
202206,16,709,659,1368,https://www.city.urasoe.lg.jp/doc/6656ca9e699259328fa9f8bc/file_contents/202206nenrei-zentai.pdf
202206,41,717,772,1489,https://www.city.urasoe.lg.jp/doc/6656ca9e699259328fa9f8bc/file_contents/202206nenrei-zentai.pdf
202206,66,594,623,1217,https://www.city.urasoe.lg.jp/doc/6656ca9e699259328fa9f8bc/file_contents/202206nenrei-zentai.pdf
202206,91,68,161,229,https://www.city.urasoe.lg.jp/doc/6656ca9e699259328fa9f8bc/file_contents/202206nenrei-zentai.pdf
202206,17,691,619,1310,https://www.city.urasoe.lg.jp/doc/6656ca9e699259328fa9f8bc/file_contents/202206nenrei-zentai.pdf
202206,42,734,774,1508,https://www.city.urasoe.lg.jp/doc/6656ca9e699259328fa9f8bc/file_contents/202206nenrei-zentai.pdf
202206,67,626,704,1330,https://www.city.urasoe.lg.jp/doc/6656ca9e699259328fa9f8bc/file_contents/202206nenrei-zentai.pdf
202206,92,62,151,213,https://www.city.urasoe.lg.jp/doc/6656ca9e699259328fa9f8bc/file_contents/202206nenrei-zentai.pdf
202206,18,665,639,1304,https://www.city.urasoe.lg.jp/doc/6656ca9e699259328fa9f8bc/file_contents/202206nenrei-zentai.pdf
202206,43,806,803,1609,https://www.city.urasoe.lg.jp/doc/6656ca9e699259328fa9f8bc/file_contents/202206nenrei-zentai.pdf
202206,68,590,697,1287,https://www.city.urasoe.lg.jp/doc/6656ca9e699259328fa9f8bc/file_contents/202206nenrei-zentai.pdf
202206,93,48,124,172,https://www.city.urasoe.lg.jp/doc/6656ca9e699259328fa9f8bc/file_contents/202206nenrei-zentai.pdf
202206,19,661,619,1280,https://www.city.urasoe.lg.jp/doc/6656ca9e699259328fa9f8bc/file_contents/202206nenrei-zentai.pdf
202206,44,769,786,1555,https://www.city.urasoe.lg.jp/doc/6656ca9e699259328fa9f8bc/file_contents/202206nenrei-zentai.pdf
202206,69,666,679,1345,https://www.city.urasoe.lg.jp/doc/6656ca9e699259328fa9f8bc/file_contents/202206nenrei-zentai.pdf
202206,94,29,106,135,https://www.city.urasoe.lg.jp/doc/6656ca9e699259328fa9f8bc/file_contents/202206nenrei-zentai.pdf
202206,20,648,642,1290,https://www.city.urasoe.lg.jp/doc/6656ca9e699259328fa9f8bc/file_contents/202206nenrei-zentai.pdf
202206,45,815,849,1664,https://www.city.urasoe.lg.jp/doc/6656ca9e699259328fa9f8bc/file_contents/202206nenrei-zentai.pdf
202206,70,585,746,1331,https://www.city.urasoe.lg.jp/doc/6656ca9e699259328fa9f8bc/file_contents/202206nenrei-zentai.pdf
202206,95,17,90,107,https://www.city.urasoe.lg.jp/doc/6656ca9e699259328fa9f8bc/file_contents/202206nenrei-zentai.pdf
202206,21,662,657,1319,https://www.city.urasoe.lg.jp/doc/6656ca9e699259328fa9f8bc/file_contents/202206nenrei-zentai.pdf
202206,46,846,860,1706,https://www.city.urasoe.lg.jp/doc/6656ca9e699259328fa9f8bc/file_contents/202206nenrei-zentai.pdf
202206,71,663,734,1397,https://www.city.urasoe.lg.jp/doc/6656ca9e699259328fa9f8bc/file_contents/202206nenrei-zentai.pdf
202206,96,7,64,71,https://www.city.urasoe.lg.jp/doc/6656ca9e699259328fa9f8bc/file_contents/202206nenrei-zentai.pdf
202206,22,629,638,1267,https://www.city.urasoe.lg.jp/doc/6656ca9e699259328fa9f8bc/file_contents/202206nenrei-zentai.pdf
202206,47,908,953,1861,https://www.city.urasoe.lg.jp/doc/6656ca9e699259328fa9f8bc/file_contents/202206nenrei-zentai.pdf
202206,72,622,690,1312,https://www.city.urasoe.lg.jp/doc/6656ca9e699259328fa9f8bc/file_contents/202206nenrei-zentai.pdf
202206,97,9,37,46,https://www.city.urasoe.lg.jp/doc/6656ca9e699259328fa9f8bc/file_contents/202206nenrei-zentai.pdf
202206,23,669,611,1280,https://www.city.urasoe.lg.jp/doc/6656ca9e699259328fa9f8bc/file_contents/202206nenrei-zentai.pdf
202206,48,928,1007,1935,https://www.city.urasoe.lg.jp/doc/6656ca9e699259328fa9f8bc/file_contents/202206nenrei-zentai.pdf
202206,73,591,606,1197,https://www.city.urasoe.lg.jp/doc/6656ca9e699259328fa9f8bc/file_contents/202206nenrei-zentai.pdf
202206,98,13,35,48,https://www.city.urasoe.lg.jp/doc/6656ca9e699259328fa9f8bc/file_contents/202206nenrei-zentai.pdf
202206,24,661,628,1289,https://www.city.urasoe.lg.jp/doc/6656ca9e699259328fa9f8bc/file_contents/202206nenrei-zentai.pdf
202206,49,927,941,1868,https://www.city.urasoe.lg.jp/doc/6656ca9e699259328fa9f8bc/file_contents/202206nenrei-zentai.pdf
202206,74,625,674,1299,https://www.city.urasoe.lg.jp/doc/6656ca9e699259328fa9f8bc/file_contents/202206nenrei-zentai.pdf
202206,99,5,27,32,https://www.city.urasoe.lg.jp/doc/6656ca9e699259328fa9f8bc/file_contents/202206nenrei-zentai.pdf
202206,100,2,25,27,https://www.city.urasoe.lg.jp/doc/6656ca9e699259328fa9f8bc/file_contents/202206nenrei-zentai.pdf
202206,101,2,11,13,https://www.city.urasoe.lg.jp/doc/6656ca9e699259328fa9f8bc/file_contents/202206nenrei-zentai.pdf
202207,0,563,546,1109,https://www.city.urasoe.lg.jp/doc/6656ca9e699259328fa9f8bc/file_contents/202207nenrei-zentai.pdf
202207,25,614,660,1274,https://www.city.urasoe.lg.jp/doc/6656ca9e699259328fa9f8bc/file_contents/202207nenrei-zentai.pdf
202207,50,843,872,1715,https://www.city.urasoe.lg.jp/doc/6656ca9e699259328fa9f8bc/file_contents/202207nenrei-zentai.pdf
202207,75,415,488,903,https://www.city.urasoe.lg.jp/doc/6656ca9e699259328fa9f8bc/file_contents/202207nenrei-zentai.pdf
202207,1,643,565,1208,https://www.city.urasoe.lg.jp/doc/6656ca9e699259328fa9f8bc/file_contents/202207nenrei-zentai.pdf
202207,26,643,644,1287,https://www.city.urasoe.lg.jp/doc/6656ca9e699259328fa9f8bc/file_contents/202207nenrei-zentai.pdf
202207,51,802,888,1690,https://www.city.urasoe.lg.jp/doc/6656ca9e699259328fa9f8bc/file_contents/202207nenrei-zentai.pdf
202207,76,210,253,463,https://www.city.urasoe.lg.jp/doc/6656ca9e699259328fa9f8bc/file_contents/202207nenrei-zentai.pdf
202207,2,588,567,1155,https://www.city.urasoe.lg.jp/doc/6656ca9e699259328fa9f8bc/file_contents/202207nenrei-zentai.pdf
202207,27,636,639,1275,https://www.city.urasoe.lg.jp/doc/6656ca9e699259328fa9f8bc/file_contents/202207nenrei-zentai.pdf
202207,52,823,824,1647,https://www.city.urasoe.lg.jp/doc/6656ca9e699259328fa9f8bc/file_contents/202207nenrei-zentai.pdf
202207,77,243,347,590,https://www.city.urasoe.lg.jp/doc/6656ca9e699259328fa9f8bc/file_contents/202207nenrei-zentai.pdf
202207,3,601,572,1173,https://www.city.urasoe.lg.jp/doc/6656ca9e699259328fa9f8bc/file_contents/202207nenrei-zentai.pdf
202207,28,666,628,1294,https://www.city.urasoe.lg.jp/doc/6656ca9e699259328fa9f8bc/file_contents/202207nenrei-zentai.pdf
202207,53,837,862,1699,https://www.city.urasoe.lg.jp/doc/6656ca9e699259328fa9f8bc/file_contents/202207nenrei-zentai.pdf
202207,78,383,428,811,https://www.city.urasoe.lg.jp/doc/6656ca9e699259328fa9f8bc/file_contents/202207nenrei-zentai.pdf
202207,4,644,585,1229,https://www.city.urasoe.lg.jp/doc/6656ca9e699259328fa9f8bc/file_contents/202207nenrei-zentai.pdf
202207,29,616,652,1268,https://www.city.urasoe.lg.jp/doc/6656ca9e699259328fa9f8bc/file_contents/202207nenrei-zentai.pdf
202207,54,784,877,1661,https://www.city.urasoe.lg.jp/doc/6656ca9e699259328fa9f8bc/file_contents/202207nenrei-zentai.pdf
202207,79,317,443,760,https://www.city.urasoe.lg.jp/doc/6656ca9e699259328fa9f8bc/file_contents/202207nenrei-zentai.pdf
202207,5,649,633,1282,https://www.city.urasoe.lg.jp/doc/6656ca9e699259328fa9f8bc/file_contents/202207nenrei-zentai.pdf
202207,30,663,664,1327,https://www.city.urasoe.lg.jp/doc/6656ca9e699259328fa9f8bc/file_contents/202207nenrei-zentai.pdf
202207,55,751,782,1533,https://www.city.urasoe.lg.jp/doc/6656ca9e699259328fa9f8bc/file_contents/202207nenrei-zentai.pdf
202207,80,348,431,779,https://www.city.urasoe.lg.jp/doc/6656ca9e699259328fa9f8bc/file_contents/202207nenrei-zentai.pdf
202207,6,639,607,1246,https://www.city.urasoe.lg.jp/doc/6656ca9e699259328fa9f8bc/file_contents/202207nenrei-zentai.pdf
202207,31,647,638,1285,https://www.city.urasoe.lg.jp/doc/6656ca9e699259328fa9f8bc/file_contents/202207nenrei-zentai.pdf
202207,56,618,685,1303,https://www.city.urasoe.lg.jp/doc/6656ca9e699259328fa9f8bc/file_contents/202207nenrei-zentai.pdf
202207,81,350,450,800,https://www.city.urasoe.lg.jp/doc/6656ca9e699259328fa9f8bc/file_contents/202207nenrei-zentai.pdf
202207,7,647,672,1319,https://www.city.urasoe.lg.jp/doc/6656ca9e699259328fa9f8bc/file_contents/202207nenrei-zentai.pdf
202207,32,657,705,1362,https://www.city.urasoe.lg.jp/doc/6656ca9e699259328fa9f8bc/file_contents/202207nenrei-zentai.pdf
202207,57,678,718,1396,https://www.city.urasoe.lg.jp/doc/6656ca9e699259328fa9f8bc/file_contents/202207nenrei-zentai.pdf
202207,82,324,422,746,https://www.city.urasoe.lg.jp/doc/6656ca9e699259328fa9f8bc/file_contents/202207nenrei-zentai.pdf
202207,8,658,604,1262,https://www.city.urasoe.lg.jp/doc/6656ca9e699259328fa9f8bc/file_contents/202207nenrei-zentai.pdf
202207,33,663,707,1370,https://www.city.urasoe.lg.jp/doc/6656ca9e699259328fa9f8bc/file_contents/202207nenrei-zentai.pdf
202207,58,687,768,1455,https://www.city.urasoe.lg.jp/doc/6656ca9e699259328fa9f8bc/file_contents/202207nenrei-zentai.pdf
202207,83,278,370,648,https://www.city.urasoe.lg.jp/doc/6656ca9e699259328fa9f8bc/file_contents/202207nenrei-zentai.pdf
202207,9,683,646,1329,https://www.city.urasoe.lg.jp/doc/6656ca9e699259328fa9f8bc/file_contents/202207nenrei-zentai.pdf
202207,34,677,657,1334,https://www.city.urasoe.lg.jp/doc/6656ca9e699259328fa9f8bc/file_contents/202207nenrei-zentai.pdf
202207,59,655,759,1414,https://www.city.urasoe.lg.jp/doc/6656ca9e699259328fa9f8bc/file_contents/202207nenrei-zentai.pdf
202207,84,279,364,643,https://www.city.urasoe.lg.jp/doc/6656ca9e699259328fa9f8bc/file_contents/202207nenrei-zentai.pdf
202207,10,702,705,1407,https://www.city.urasoe.lg.jp/doc/6656ca9e699259328fa9f8bc/file_contents/202207nenrei-zentai.pdf
202207,35,751,728,1479,https://www.city.urasoe.lg.jp/doc/6656ca9e699259328fa9f8bc/file_contents/202207nenrei-zentai.pdf
202207,60,656,696,1352,https://www.city.urasoe.lg.jp/doc/6656ca9e699259328fa9f8bc/file_contents/202207nenrei-zentai.pdf
202207,85,218,357,575,https://www.city.urasoe.lg.jp/doc/6656ca9e699259328fa9f8bc/file_contents/202207nenrei-zentai.pdf
202207,11,661,676,1337,https://www.city.urasoe.lg.jp/doc/6656ca9e699259328fa9f8bc/file_contents/202207nenrei-zentai.pdf
202207,36,714,729,1443,https://www.city.urasoe.lg.jp/doc/6656ca9e699259328fa9f8bc/file_contents/202207nenrei-zentai.pdf
202207,61,695,697,1392,https://www.city.urasoe.lg.jp/doc/6656ca9e699259328fa9f8bc/file_contents/202207nenrei-zentai.pdf
202207,86,200,353,553,https://www.city.urasoe.lg.jp/doc/6656ca9e699259328fa9f8bc/file_contents/202207nenrei-zentai.pdf
202207,12,691,640,1331,https://www.city.urasoe.lg.jp/doc/6656ca9e699259328fa9f8bc/file_contents/202207nenrei-zentai.pdf
202207,37,739,819,1558,https://www.city.urasoe.lg.jp/doc/6656ca9e699259328fa9f8bc/file_contents/202207nenrei-zentai.pdf
202207,62,652,694,1346,https://www.city.urasoe.lg.jp/doc/6656ca9e699259328fa9f8bc/file_contents/202207nenrei-zentai.pdf
202207,87,202,323,525,https://www.city.urasoe.lg.jp/doc/6656ca9e699259328fa9f8bc/file_contents/202207nenrei-zentai.pdf
202207,13,722,703,1425,https://www.city.urasoe.lg.jp/doc/6656ca9e699259328fa9f8bc/file_contents/202207nenrei-zentai.pdf
202207,38,724,801,1525,https://www.city.urasoe.lg.jp/doc/6656ca9e699259328fa9f8bc/file_contents/202207nenrei-zentai.pdf
202207,63,681,662,1343,https://www.city.urasoe.lg.jp/doc/6656ca9e699259328fa9f8bc/file_contents/202207nenrei-zentai.pdf
202207,88,125,286,411,https://www.city.urasoe.lg.jp/doc/6656ca9e699259328fa9f8bc/file_contents/202207nenrei-zentai.pdf
202207,14,686,711,1397,https://www.city.urasoe.lg.jp/doc/6656ca9e699259328fa9f8bc/file_contents/202207nenrei-zentai.pdf
202207,39,718,719,1437,https://www.city.urasoe.lg.jp/doc/6656ca9e699259328fa9f8bc/file_contents/202207nenrei-zentai.pdf
202207,64,615,634,1249,https://www.city.urasoe.lg.jp/doc/6656ca9e699259328fa9f8bc/file_contents/202207nenrei-zentai.pdf
202207,89,130,232,362,https://www.city.urasoe.lg.jp/doc/6656ca9e699259328fa9f8bc/file_contents/202207nenrei-zentai.pdf
202207,15,737,683,1420,https://www.city.urasoe.lg.jp/doc/6656ca9e699259328fa9f8bc/file_contents/202207nenrei-zentai.pdf
202207,40,710,741,1451,https://www.city.urasoe.lg.jp/doc/6656ca9e699259328fa9f8bc/file_contents/202207nenrei-zentai.pdf
202207,65,605,635,1240,https://www.city.urasoe.lg.jp/doc/6656ca9e699259328fa9f8bc/file_contents/202207nenrei-zentai.pdf
202207,90,93,211,304,https://www.city.urasoe.lg.jp/doc/6656ca9e699259328fa9f8bc/file_contents/202207nenrei-zentai.pdf
202207,16,713,670,1383,https://www.city.urasoe.lg.jp/doc/6656ca9e699259328fa9f8bc/file_contents/202207nenrei-zentai.pdf
202207,41,724,783,1507,https://www.city.urasoe.lg.jp/doc/6656ca9e699259328fa9f8bc/file_contents/202207nenrei-zentai.pdf
202207,66,593,612,1205,https://www.city.urasoe.lg.jp/doc/6656ca9e699259328fa9f8bc/file_contents/202207nenrei-zentai.pdf
202207,91,70,156,226,https://www.city.urasoe.lg.jp/doc/6656ca9e699259328fa9f8bc/file_contents/202207nenrei-zentai.pdf
202207,17,691,614,1305,https://www.city.urasoe.lg.jp/doc/6656ca9e699259328fa9f8bc/file_contents/202207nenrei-zentai.pdf
202207,42,721,782,1503,https://www.city.urasoe.lg.jp/doc/6656ca9e699259328fa9f8bc/file_contents/202207nenrei-zentai.pdf
202207,67,621,700,1321,https://www.city.urasoe.lg.jp/doc/6656ca9e699259328fa9f8bc/file_contents/202207nenrei-zentai.pdf
202207,92,65,147,212,https://www.city.urasoe.lg.jp/doc/6656ca9e699259328fa9f8bc/file_contents/202207nenrei-zentai.pdf
202207,18,664,641,1305,https://www.city.urasoe.lg.jp/doc/6656ca9e699259328fa9f8bc/file_contents/202207nenrei-zentai.pdf
202207,43,802,786,1588,https://www.city.urasoe.lg.jp/doc/6656ca9e699259328fa9f8bc/file_contents/202207nenrei-zentai.pdf
202207,68,595,689,1284,https://www.city.urasoe.lg.jp/doc/6656ca9e699259328fa9f8bc/file_contents/202207nenrei-zentai.pdf
202207,93,45,126,171,https://www.city.urasoe.lg.jp/doc/6656ca9e699259328fa9f8bc/file_contents/202207nenrei-zentai.pdf
202207,19,660,611,1271,https://www.city.urasoe.lg.jp/doc/6656ca9e699259328fa9f8bc/file_contents/202207nenrei-zentai.pdf
202207,44,770,794,1564,https://www.city.urasoe.lg.jp/doc/6656ca9e699259328fa9f8bc/file_contents/202207nenrei-zentai.pdf
202207,69,654,697,1351,https://www.city.urasoe.lg.jp/doc/6656ca9e699259328fa9f8bc/file_contents/202207nenrei-zentai.pdf
202207,94,28,108,136,https://www.city.urasoe.lg.jp/doc/6656ca9e699259328fa9f8bc/file_contents/202207nenrei-zentai.pdf
202207,20,654,649,1303,https://www.city.urasoe.lg.jp/doc/6656ca9e699259328fa9f8bc/file_contents/202207nenrei-zentai.pdf
202207,45,811,850,1661,https://www.city.urasoe.lg.jp/doc/6656ca9e699259328fa9f8bc/file_contents/202207nenrei-zentai.pdf
202207,70,593,727,1320,https://www.city.urasoe.lg.jp/doc/6656ca9e699259328fa9f8bc/file_contents/202207nenrei-zentai.pdf
202207,95,19,93,112,https://www.city.urasoe.lg.jp/doc/6656ca9e699259328fa9f8bc/file_contents/202207nenrei-zentai.pdf
202207,21,660,657,1317,https://www.city.urasoe.lg.jp/doc/6656ca9e699259328fa9f8bc/file_contents/202207nenrei-zentai.pdf
202207,46,836,840,1676,https://www.city.urasoe.lg.jp/doc/6656ca9e699259328fa9f8bc/file_contents/202207nenrei-zentai.pdf
202207,71,651,735,1386,https://www.city.urasoe.lg.jp/doc/6656ca9e699259328fa9f8bc/file_contents/202207nenrei-zentai.pdf
202207,96,7,64,71,https://www.city.urasoe.lg.jp/doc/6656ca9e699259328fa9f8bc/file_contents/202207nenrei-zentai.pdf
202207,22,645,642,1287,https://www.city.urasoe.lg.jp/doc/6656ca9e699259328fa9f8bc/file_contents/202207nenrei-zentai.pdf
202207,47,924,951,1875,https://www.city.urasoe.lg.jp/doc/6656ca9e699259328fa9f8bc/file_contents/202207nenrei-zentai.pdf
202207,72,630,701,1331,https://www.city.urasoe.lg.jp/doc/6656ca9e699259328fa9f8bc/file_contents/202207nenrei-zentai.pdf
202207,97,8,38,46,https://www.city.urasoe.lg.jp/doc/6656ca9e699259328fa9f8bc/file_contents/202207nenrei-zentai.pdf
202207,23,649,600,1249,https://www.city.urasoe.lg.jp/doc/6656ca9e699259328fa9f8bc/file_contents/202207nenrei-zentai.pdf
202207,48,907,1008,1915,https://www.city.urasoe.lg.jp/doc/6656ca9e699259328fa9f8bc/file_contents/202207nenrei-zentai.pdf
202207,73,586,598,1184,https://www.city.urasoe.lg.jp/doc/6656ca9e699259328fa9f8bc/file_contents/202207nenrei-zentai.pdf
202207,98,13,37,50,https://www.city.urasoe.lg.jp/doc/6656ca9e699259328fa9f8bc/file_contents/202207nenrei-zentai.pdf
202207,24,669,613,1282,https://www.city.urasoe.lg.jp/doc/6656ca9e699259328fa9f8bc/file_contents/202207nenrei-zentai.pdf
202207,49,940,945,1885,https://www.city.urasoe.lg.jp/doc/6656ca9e699259328fa9f8bc/file_contents/202207nenrei-zentai.pdf
202207,74,626,660,1286,https://www.city.urasoe.lg.jp/doc/6656ca9e699259328fa9f8bc/file_contents/202207nenrei-zentai.pdf
202207,99,5,25,30,https://www.city.urasoe.lg.jp/doc/6656ca9e699259328fa9f8bc/file_contents/202207nenrei-zentai.pdf
202207,100,2,22,24,https://www.city.urasoe.lg.jp/doc/6656ca9e699259328fa9f8bc/file_contents/202207nenrei-zentai.pdf
202207,101,2,11,13,https://www.city.urasoe.lg.jp/doc/6656ca9e699259328fa9f8bc/file_contents/202207nenrei-zentai.pdf
202208,0,570,554,1124,https://www.city.urasoe.lg.jp/doc/6656ca9e699259328fa9f8bc/file_contents/202208nenrei-zentai.pdf
202208,25,604,651,1255,https://www.city.urasoe.lg.jp/doc/6656ca9e699259328fa9f8bc/file_contents/202208nenrei-zentai.pdf
202208,50,861,870,1731,https://www.city.urasoe.lg.jp/doc/6656ca9e699259328fa9f8bc/file_contents/202208nenrei-zentai.pdf
202208,75,448,512,960,https://www.city.urasoe.lg.jp/doc/6656ca9e699259328fa9f8bc/file_contents/202208nenrei-zentai.pdf
202208,1,639,560,1199,https://www.city.urasoe.lg.jp/doc/6656ca9e699259328fa9f8bc/file_contents/202208nenrei-zentai.pdf
202208,26,646,622,1268,https://www.city.urasoe.lg.jp/doc/6656ca9e699259328fa9f8bc/file_contents/202208nenrei-zentai.pdf
202208,51,802,896,1698,https://www.city.urasoe.lg.jp/doc/6656ca9e699259328fa9f8bc/file_contents/202208nenrei-zentai.pdf
202208,76,216,255,471,https://www.city.urasoe.lg.jp/doc/6656ca9e699259328fa9f8bc/file_contents/202208nenrei-zentai.pdf
202208,2,595,589,1184,https://www.city.urasoe.lg.jp/doc/6656ca9e699259328fa9f8bc/file_contents/202208nenrei-zentai.pdf
202208,27,647,667,1314,https://www.city.urasoe.lg.jp/doc/6656ca9e699259328fa9f8bc/file_contents/202208nenrei-zentai.pdf
202208,52,807,842,1649,https://www.city.urasoe.lg.jp/doc/6656ca9e699259328fa9f8bc/file_contents/202208nenrei-zentai.pdf
202208,77,236,340,576,https://www.city.urasoe.lg.jp/doc/6656ca9e699259328fa9f8bc/file_contents/202208nenrei-zentai.pdf
202208,3,602,569,1171,https://www.city.urasoe.lg.jp/doc/6656ca9e699259328fa9f8bc/file_contents/202208nenrei-zentai.pdf
202208,28,658,621,1279,https://www.city.urasoe.lg.jp/doc/6656ca9e699259328fa9f8bc/file_contents/202208nenrei-zentai.pdf
202208,53,845,853,1698,https://www.city.urasoe.lg.jp/doc/6656ca9e699259328fa9f8bc/file_contents/202208nenrei-zentai.pdf
202208,78,360,414,774,https://www.city.urasoe.lg.jp/doc/6656ca9e699259328fa9f8bc/file_contents/202208nenrei-zentai.pdf
202208,4,639,568,1207,https://www.city.urasoe.lg.jp/doc/6656ca9e699259328fa9f8bc/file_contents/202208nenrei-zentai.pdf
202208,29,620,671,1291,https://www.city.urasoe.lg.jp/doc/6656ca9e699259328fa9f8bc/file_contents/202208nenrei-zentai.pdf
202208,54,788,882,1670,https://www.city.urasoe.lg.jp/doc/6656ca9e699259328fa9f8bc/file_contents/202208nenrei-zentai.pdf
202208,79,325,448,773,https://www.city.urasoe.lg.jp/doc/6656ca9e699259328fa9f8bc/file_contents/202208nenrei-zentai.pdf
202208,5,645,626,1271,https://www.city.urasoe.lg.jp/doc/6656ca9e699259328fa9f8bc/file_contents/202208nenrei-zentai.pdf
202208,30,664,659,1323,https://www.city.urasoe.lg.jp/doc/6656ca9e699259328fa9f8bc/file_contents/202208nenrei-zentai.pdf
202208,55,771,799,1570,https://www.city.urasoe.lg.jp/doc/6656ca9e699259328fa9f8bc/file_contents/202208nenrei-zentai.pdf
202208,80,344,424,768,https://www.city.urasoe.lg.jp/doc/6656ca9e699259328fa9f8bc/file_contents/202208nenrei-zentai.pdf
202208,6,639,612,1251,https://www.city.urasoe.lg.jp/doc/6656ca9e699259328fa9f8bc/file_contents/202208nenrei-zentai.pdf
202208,31,661,645,1306,https://www.city.urasoe.lg.jp/doc/6656ca9e699259328fa9f8bc/file_contents/202208nenrei-zentai.pdf
202208,56,614,665,1279,https://www.city.urasoe.lg.jp/doc/6656ca9e699259328fa9f8bc/file_contents/202208nenrei-zentai.pdf
202208,81,354,449,803,https://www.city.urasoe.lg.jp/doc/6656ca9e699259328fa9f8bc/file_contents/202208nenrei-zentai.pdf
202208,7,634,663,1297,https://www.city.urasoe.lg.jp/doc/6656ca9e699259328fa9f8bc/file_contents/202208nenrei-zentai.pdf
202208,32,657,689,1346,https://www.city.urasoe.lg.jp/doc/6656ca9e699259328fa9f8bc/file_contents/202208nenrei-zentai.pdf
202208,57,681,727,1408,https://www.city.urasoe.lg.jp/doc/6656ca9e699259328fa9f8bc/file_contents/202208nenrei-zentai.pdf
202208,82,321,432,753,https://www.city.urasoe.lg.jp/doc/6656ca9e699259328fa9f8bc/file_contents/202208nenrei-zentai.pdf
202208,8,660,606,1266,https://www.city.urasoe.lg.jp/doc/6656ca9e699259328fa9f8bc/file_contents/202208nenrei-zentai.pdf
202208,33,655,710,1365,https://www.city.urasoe.lg.jp/doc/6656ca9e699259328fa9f8bc/file_contents/202208nenrei-zentai.pdf
202208,58,689,746,1435,https://www.city.urasoe.lg.jp/doc/6656ca9e699259328fa9f8bc/file_contents/202208nenrei-zentai.pdf
202208,83,287,374,661,https://www.city.urasoe.lg.jp/doc/6656ca9e699259328fa9f8bc/file_contents/202208nenrei-zentai.pdf
202208,9,675,645,1320,https://www.city.urasoe.lg.jp/doc/6656ca9e699259328fa9f8bc/file_contents/202208nenrei-zentai.pdf
202208,34,675,656,1331,https://www.city.urasoe.lg.jp/doc/6656ca9e699259328fa9f8bc/file_contents/202208nenrei-zentai.pdf
202208,59,660,782,1442,https://www.city.urasoe.lg.jp/doc/6656ca9e699259328fa9f8bc/file_contents/202208nenrei-zentai.pdf
202208,84,274,363,637,https://www.city.urasoe.lg.jp/doc/6656ca9e699259328fa9f8bc/file_contents/202208nenrei-zentai.pdf
202208,10,712,707,1419,https://www.city.urasoe.lg.jp/doc/6656ca9e699259328fa9f8bc/file_contents/202208nenrei-zentai.pdf
202208,35,754,729,1483,https://www.city.urasoe.lg.jp/doc/6656ca9e699259328fa9f8bc/file_contents/202208nenrei-zentai.pdf
202208,60,642,695,1337,https://www.city.urasoe.lg.jp/doc/6656ca9e699259328fa9f8bc/file_contents/202208nenrei-zentai.pdf
202208,85,214,359,573,https://www.city.urasoe.lg.jp/doc/6656ca9e699259328fa9f8bc/file_contents/202208nenrei-zentai.pdf
202208,11,663,682,1345,https://www.city.urasoe.lg.jp/doc/6656ca9e699259328fa9f8bc/file_contents/202208nenrei-zentai.pdf
202208,36,699,728,1427,https://www.city.urasoe.lg.jp/doc/6656ca9e699259328fa9f8bc/file_contents/202208nenrei-zentai.pdf
202208,61,706,701,1407,https://www.city.urasoe.lg.jp/doc/6656ca9e699259328fa9f8bc/file_contents/202208nenrei-zentai.pdf
202208,86,213,356,569,https://www.city.urasoe.lg.jp/doc/6656ca9e699259328fa9f8bc/file_contents/202208nenrei-zentai.pdf
202208,12,692,644,1336,https://www.city.urasoe.lg.jp/doc/6656ca9e699259328fa9f8bc/file_contents/202208nenrei-zentai.pdf
202208,37,748,812,1560,https://www.city.urasoe.lg.jp/doc/6656ca9e699259328fa9f8bc/file_contents/202208nenrei-zentai.pdf
202208,62,640,695,1335,https://www.city.urasoe.lg.jp/doc/6656ca9e699259328fa9f8bc/file_contents/202208nenrei-zentai.pdf
202208,87,197,309,506,https://www.city.urasoe.lg.jp/doc/6656ca9e699259328fa9f8bc/file_contents/202208nenrei-zentai.pdf
202208,13,730,690,1420,https://www.city.urasoe.lg.jp/doc/6656ca9e699259328fa9f8bc/file_contents/202208nenrei-zentai.pdf
202208,38,727,808,1535,https://www.city.urasoe.lg.jp/doc/6656ca9e699259328fa9f8bc/file_contents/202208nenrei-zentai.pdf
202208,63,686,644,1330,https://www.city.urasoe.lg.jp/doc/6656ca9e699259328fa9f8bc/file_contents/202208nenrei-zentai.pdf
202208,88,130,297,427,https://www.city.urasoe.lg.jp/doc/6656ca9e699259328fa9f8bc/file_contents/202208nenrei-zentai.pdf
202208,14,694,706,1400,https://www.city.urasoe.lg.jp/doc/6656ca9e699259328fa9f8bc/file_contents/202208nenrei-zentai.pdf
202208,39,727,714,1441,https://www.city.urasoe.lg.jp/doc/6656ca9e699259328fa9f8bc/file_contents/202208nenrei-zentai.pdf
202208,64,620,651,1271,https://www.city.urasoe.lg.jp/doc/6656ca9e699259328fa9f8bc/file_contents/202208nenrei-zentai.pdf
202208,89,130,231,361,https://www.city.urasoe.lg.jp/doc/6656ca9e699259328fa9f8bc/file_contents/202208nenrei-zentai.pdf
202208,15,733,686,1419,https://www.city.urasoe.lg.jp/doc/6656ca9e699259328fa9f8bc/file_contents/202208nenrei-zentai.pdf
202208,40,720,738,1458,https://www.city.urasoe.lg.jp/doc/6656ca9e699259328fa9f8bc/file_contents/202208nenrei-zentai.pdf
202208,65,601,634,1235,https://www.city.urasoe.lg.jp/doc/6656ca9e699259328fa9f8bc/file_contents/202208nenrei-zentai.pdf
202208,90,97,213,310,https://www.city.urasoe.lg.jp/doc/6656ca9e699259328fa9f8bc/file_contents/202208nenrei-zentai.pdf
202208,16,707,688,1395,https://www.city.urasoe.lg.jp/doc/6656ca9e699259328fa9f8bc/file_contents/202208nenrei-zentai.pdf
202208,41,708,774,1482,https://www.city.urasoe.lg.jp/doc/6656ca9e699259328fa9f8bc/file_contents/202208nenrei-zentai.pdf
202208,66,591,615,1206,https://www.city.urasoe.lg.jp/doc/6656ca9e699259328fa9f8bc/file_contents/202208nenrei-zentai.pdf
202208,91,64,167,231,https://www.city.urasoe.lg.jp/doc/6656ca9e699259328fa9f8bc/file_contents/202208nenrei-zentai.pdf
202208,17,695,595,1290,https://www.city.urasoe.lg.jp/doc/6656ca9e699259328fa9f8bc/file_contents/202208nenrei-zentai.pdf
202208,42,732,814,1546,https://www.city.urasoe.lg.jp/doc/6656ca9e699259328fa9f8bc/file_contents/202208nenrei-zentai.pdf
202208,67,614,690,1304,https://www.city.urasoe.lg.jp/doc/6656ca9e699259328fa9f8bc/file_contents/202208nenrei-zentai.pdf
202208,92,65,142,207,https://www.city.urasoe.lg.jp/doc/6656ca9e699259328fa9f8bc/file_contents/202208nenrei-zentai.pdf
202208,18,670,641,1311,https://www.city.urasoe.lg.jp/doc/6656ca9e699259328fa9f8bc/file_contents/202208nenrei-zentai.pdf
202208,43,783,771,1554,https://www.city.urasoe.lg.jp/doc/6656ca9e699259328fa9f8bc/file_contents/202208nenrei-zentai.pdf
202208,68,593,698,1291,https://www.city.urasoe.lg.jp/doc/6656ca9e699259328fa9f8bc/file_contents/202208nenrei-zentai.pdf
202208,93,49,119,168,https://www.city.urasoe.lg.jp/doc/6656ca9e699259328fa9f8bc/file_contents/202208nenrei-zentai.pdf
202208,19,667,627,1294,https://www.city.urasoe.lg.jp/doc/6656ca9e699259328fa9f8bc/file_contents/202208nenrei-zentai.pdf
202208,44,780,800,1580,https://www.city.urasoe.lg.jp/doc/6656ca9e699259328fa9f8bc/file_contents/202208nenrei-zentai.pdf
202208,69,652,685,1337,https://www.city.urasoe.lg.jp/doc/6656ca9e699259328fa9f8bc/file_contents/202208nenrei-zentai.pdf
202208,94,26,110,136,https://www.city.urasoe.lg.jp/doc/6656ca9e699259328fa9f8bc/file_contents/202208nenrei-zentai.pdf
202208,20,650,623,1273,https://www.city.urasoe.lg.jp/doc/6656ca9e699259328fa9f8bc/file_contents/202208nenrei-zentai.pdf
202208,45,797,831,1628,https://www.city.urasoe.lg.jp/doc/6656ca9e699259328fa9f8bc/file_contents/202208nenrei-zentai.pdf
202208,70,601,717,1318,https://www.city.urasoe.lg.jp/doc/6656ca9e699259328fa9f8bc/file_contents/202208nenrei-zentai.pdf
202208,95,20,92,112,https://www.city.urasoe.lg.jp/doc/6656ca9e699259328fa9f8bc/file_contents/202208nenrei-zentai.pdf
202208,21,649,663,1312,https://www.city.urasoe.lg.jp/doc/6656ca9e699259328fa9f8bc/file_contents/202208nenrei-zentai.pdf
202208,46,837,854,1691,https://www.city.urasoe.lg.jp/doc/6656ca9e699259328fa9f8bc/file_contents/202208nenrei-zentai.pdf
202208,71,640,742,1382,https://www.city.urasoe.lg.jp/doc/6656ca9e699259328fa9f8bc/file_contents/202208nenrei-zentai.pdf
202208,96,6,60,66,https://www.city.urasoe.lg.jp/doc/6656ca9e699259328fa9f8bc/file_contents/202208nenrei-zentai.pdf
202208,22,648,645,1293,https://www.city.urasoe.lg.jp/doc/6656ca9e699259328fa9f8bc/file_contents/202208nenrei-zentai.pdf
202208,47,909,928,1837,https://www.city.urasoe.lg.jp/doc/6656ca9e699259328fa9f8bc/file_contents/202208nenrei-zentai.pdf
202208,72,635,702,1337,https://www.city.urasoe.lg.jp/doc/6656ca9e699259328fa9f8bc/file_contents/202208nenrei-zentai.pdf
202208,97,9,38,47,https://www.city.urasoe.lg.jp/doc/6656ca9e699259328fa9f8bc/file_contents/202208nenrei-zentai.pdf
202208,23,665,601,1266,https://www.city.urasoe.lg.jp/doc/6656ca9e699259328fa9f8bc/file_contents/202208nenrei-zentai.pdf
202208,48,929,1023,1952,https://www.city.urasoe.lg.jp/doc/6656ca9e699259328fa9f8bc/file_contents/202208nenrei-zentai.pdf
202208,73,582,600,1182,https://www.city.urasoe.lg.jp/doc/6656ca9e699259328fa9f8bc/file_contents/202208nenrei-zentai.pdf
202208,98,12,37,49,https://www.city.urasoe.lg.jp/doc/6656ca9e699259328fa9f8bc/file_contents/202208nenrei-zentai.pdf
202208,24,673,629,1302,https://www.city.urasoe.lg.jp/doc/6656ca9e699259328fa9f8bc/file_contents/202208nenrei-zentai.pdf
202208,49,931,946,1877,https://www.city.urasoe.lg.jp/doc/6656ca9e699259328fa9f8bc/file_contents/202208nenrei-zentai.pdf
202208,74,618,664,1282,https://www.city.urasoe.lg.jp/doc/6656ca9e699259328fa9f8bc/file_contents/202208nenrei-zentai.pdf
202208,99,6,23,29,https://www.city.urasoe.lg.jp/doc/6656ca9e699259328fa9f8bc/file_contents/202208nenrei-zentai.pdf
202208,100,1,22,23,https://www.city.urasoe.lg.jp/doc/6656ca9e699259328fa9f8bc/file_contents/202208nenrei-zentai.pdf
202208,101,3,12,15,https://www.city.urasoe.lg.jp/doc/6656ca9e699259328fa9f8bc/file_contents/202208nenrei-zentai.pdf
202209,0,567,555,1122,https://www.city.urasoe.lg.jp/doc/6656ca9e699259328fa9f8bc/file_contents/202209nenrei-zentai.pdf
202209,25,606,659,1265,https://www.city.urasoe.lg.jp/doc/6656ca9e699259328fa9f8bc/file_contents/202209nenrei-zentai.pdf
202209,50,862,864,1726,https://www.city.urasoe.lg.jp/doc/6656ca9e699259328fa9f8bc/file_contents/202209nenrei-zentai.pdf
202209,75,484,542,1026,https://www.city.urasoe.lg.jp/doc/6656ca9e699259328fa9f8bc/file_contents/202209nenrei-zentai.pdf
202209,1,618,561,1179,https://www.city.urasoe.lg.jp/doc/6656ca9e699259328fa9f8bc/file_contents/202209nenrei-zentai.pdf
202209,26,633,628,1261,https://www.city.urasoe.lg.jp/doc/6656ca9e699259328fa9f8bc/file_contents/202209nenrei-zentai.pdf
202209,51,817,895,1712,https://www.city.urasoe.lg.jp/doc/6656ca9e699259328fa9f8bc/file_contents/202209nenrei-zentai.pdf
202209,76,219,257,476,https://www.city.urasoe.lg.jp/doc/6656ca9e699259328fa9f8bc/file_contents/202209nenrei-zentai.pdf
202209,2,616,597,1213,https://www.city.urasoe.lg.jp/doc/6656ca9e699259328fa9f8bc/file_contents/202209nenrei-zentai.pdf
202209,27,646,649,1295,https://www.city.urasoe.lg.jp/doc/6656ca9e699259328fa9f8bc/file_contents/202209nenrei-zentai.pdf
202209,52,815,845,1660,https://www.city.urasoe.lg.jp/doc/6656ca9e699259328fa9f8bc/file_contents/202209nenrei-zentai.pdf
202209,77,233,326,559,https://www.city.urasoe.lg.jp/doc/6656ca9e699259328fa9f8bc/file_contents/202209nenrei-zentai.pdf
202209,3,585,573,1158,https://www.city.urasoe.lg.jp/doc/6656ca9e699259328fa9f8bc/file_contents/202209nenrei-zentai.pdf
202209,28,648,595,1243,https://www.city.urasoe.lg.jp/doc/6656ca9e699259328fa9f8bc/file_contents/202209nenrei-zentai.pdf
202209,53,824,829,1653,https://www.city.urasoe.lg.jp/doc/6656ca9e699259328fa9f8bc/file_contents/202209nenrei-zentai.pdf
202209,78,346,419,765,https://www.city.urasoe.lg.jp/doc/6656ca9e699259328fa9f8bc/file_contents/202209nenrei-zentai.pdf
202209,4,640,562,1202,https://www.city.urasoe.lg.jp/doc/6656ca9e699259328fa9f8bc/file_contents/202209nenrei-zentai.pdf
202209,29,623,689,1312,https://www.city.urasoe.lg.jp/doc/6656ca9e699259328fa9f8bc/file_contents/202209nenrei-zentai.pdf
202209,54,794,882,1676,https://www.city.urasoe.lg.jp/doc/6656ca9e699259328fa9f8bc/file_contents/202209nenrei-zentai.pdf
202209,79,336,443,779,https://www.city.urasoe.lg.jp/doc/6656ca9e699259328fa9f8bc/file_contents/202209nenrei-zentai.pdf
202209,5,655,617,1272,https://www.city.urasoe.lg.jp/doc/6656ca9e699259328fa9f8bc/file_contents/202209nenrei-zentai.pdf
202209,30,662,659,1321,https://www.city.urasoe.lg.jp/doc/6656ca9e699259328fa9f8bc/file_contents/202209nenrei-zentai.pdf
202209,55,790,832,1622,https://www.city.urasoe.lg.jp/doc/6656ca9e699259328fa9f8bc/file_contents/202209nenrei-zentai.pdf
202209,80,339,429,768,https://www.city.urasoe.lg.jp/doc/6656ca9e699259328fa9f8bc/file_contents/202209nenrei-zentai.pdf
202209,6,626,621,1247,https://www.city.urasoe.lg.jp/doc/6656ca9e699259328fa9f8bc/file_contents/202209nenrei-zentai.pdf
202209,31,664,656,1320,https://www.city.urasoe.lg.jp/doc/6656ca9e699259328fa9f8bc/file_contents/202209nenrei-zentai.pdf
202209,56,611,662,1273,https://www.city.urasoe.lg.jp/doc/6656ca9e699259328fa9f8bc/file_contents/202209nenrei-zentai.pdf
202209,81,344,457,801,https://www.city.urasoe.lg.jp/doc/6656ca9e699259328fa9f8bc/file_contents/202209nenrei-zentai.pdf
202209,7,650,653,1303,https://www.city.urasoe.lg.jp/doc/6656ca9e699259328fa9f8bc/file_contents/202209nenrei-zentai.pdf
202209,32,637,686,1323,https://www.city.urasoe.lg.jp/doc/6656ca9e699259328fa9f8bc/file_contents/202209nenrei-zentai.pdf
202209,57,689,726,1415,https://www.city.urasoe.lg.jp/doc/6656ca9e699259328fa9f8bc/file_contents/202209nenrei-zentai.pdf
202209,82,323,425,748,https://www.city.urasoe.lg.jp/doc/6656ca9e699259328fa9f8bc/file_contents/202209nenrei-zentai.pdf
202209,8,652,601,1253,https://www.city.urasoe.lg.jp/doc/6656ca9e699259328fa9f8bc/file_contents/202209nenrei-zentai.pdf
202209,33,666,709,1375,https://www.city.urasoe.lg.jp/doc/6656ca9e699259328fa9f8bc/file_contents/202209nenrei-zentai.pdf
202209,58,672,740,1412,https://www.city.urasoe.lg.jp/doc/6656ca9e699259328fa9f8bc/file_contents/202209nenrei-zentai.pdf
202209,83,296,375,671,https://www.city.urasoe.lg.jp/doc/6656ca9e699259328fa9f8bc/file_contents/202209nenrei-zentai.pdf
202209,9,659,648,1307,https://www.city.urasoe.lg.jp/doc/6656ca9e699259328fa9f8bc/file_contents/202209nenrei-zentai.pdf
202209,34,678,665,1343,https://www.city.urasoe.lg.jp/doc/6656ca9e699259328fa9f8bc/file_contents/202209nenrei-zentai.pdf
202209,59,673,786,1459,https://www.city.urasoe.lg.jp/doc/6656ca9e699259328fa9f8bc/file_contents/202209nenrei-zentai.pdf
202209,84,274,364,638,https://www.city.urasoe.lg.jp/doc/6656ca9e699259328fa9f8bc/file_contents/202209nenrei-zentai.pdf
202209,10,710,702,1412,https://www.city.urasoe.lg.jp/doc/6656ca9e699259328fa9f8bc/file_contents/202209nenrei-zentai.pdf
202209,35,743,706,1449,https://www.city.urasoe.lg.jp/doc/6656ca9e699259328fa9f8bc/file_contents/202209nenrei-zentai.pdf
202209,60,627,685,1312,https://www.city.urasoe.lg.jp/doc/6656ca9e699259328fa9f8bc/file_contents/202209nenrei-zentai.pdf
202209,85,214,355,569,https://www.city.urasoe.lg.jp/doc/6656ca9e699259328fa9f8bc/file_contents/202209nenrei-zentai.pdf
202209,11,675,684,1359,https://www.city.urasoe.lg.jp/doc/6656ca9e699259328fa9f8bc/file_contents/202209nenrei-zentai.pdf
202209,36,718,742,1460,https://www.city.urasoe.lg.jp/doc/6656ca9e699259328fa9f8bc/file_contents/202209nenrei-zentai.pdf
202209,61,706,725,1431,https://www.city.urasoe.lg.jp/doc/6656ca9e699259328fa9f8bc/file_contents/202209nenrei-zentai.pdf
202209,86,212,353,565,https://www.city.urasoe.lg.jp/doc/6656ca9e699259328fa9f8bc/file_contents/202209nenrei-zentai.pdf
202209,12,691,654,1345,https://www.city.urasoe.lg.jp/doc/6656ca9e699259328fa9f8bc/file_contents/202209nenrei-zentai.pdf
202209,37,727,805,1532,https://www.city.urasoe.lg.jp/doc/6656ca9e699259328fa9f8bc/file_contents/202209nenrei-zentai.pdf
202209,62,656,680,1336,https://www.city.urasoe.lg.jp/doc/6656ca9e699259328fa9f8bc/file_contents/202209nenrei-zentai.pdf
202209,87,195,298,493,https://www.city.urasoe.lg.jp/doc/6656ca9e699259328fa9f8bc/file_contents/202209nenrei-zentai.pdf
202209,13,736,676,1412,https://www.city.urasoe.lg.jp/doc/6656ca9e699259328fa9f8bc/file_contents/202209nenrei-zentai.pdf
202209,38,732,790,1522,https://www.city.urasoe.lg.jp/doc/6656ca9e699259328fa9f8bc/file_contents/202209nenrei-zentai.pdf
202209,63,672,656,1328,https://www.city.urasoe.lg.jp/doc/6656ca9e699259328fa9f8bc/file_contents/202209nenrei-zentai.pdf
202209,88,128,313,441,https://www.city.urasoe.lg.jp/doc/6656ca9e699259328fa9f8bc/file_contents/202209nenrei-zentai.pdf
202209,14,682,713,1395,https://www.city.urasoe.lg.jp/doc/6656ca9e699259328fa9f8bc/file_contents/202209nenrei-zentai.pdf
202209,39,741,726,1467,https://www.city.urasoe.lg.jp/doc/6656ca9e699259328fa9f8bc/file_contents/202209nenrei-zentai.pdf
202209,64,626,656,1282,https://www.city.urasoe.lg.jp/doc/6656ca9e699259328fa9f8bc/file_contents/202209nenrei-zentai.pdf
202209,89,132,228,360,https://www.city.urasoe.lg.jp/doc/6656ca9e699259328fa9f8bc/file_contents/202209nenrei-zentai.pdf
202209,15,734,689,1423,https://www.city.urasoe.lg.jp/doc/6656ca9e699259328fa9f8bc/file_contents/202209nenrei-zentai.pdf
202209,40,699,740,1439,https://www.city.urasoe.lg.jp/doc/6656ca9e699259328fa9f8bc/file_contents/202209nenrei-zentai.pdf
202209,65,602,638,1240,https://www.city.urasoe.lg.jp/doc/6656ca9e699259328fa9f8bc/file_contents/202209nenrei-zentai.pdf
202209,90,97,215,312,https://www.city.urasoe.lg.jp/doc/6656ca9e699259328fa9f8bc/file_contents/202209nenrei-zentai.pdf
202209,16,727,687,1414,https://www.city.urasoe.lg.jp/doc/6656ca9e699259328fa9f8bc/file_contents/202209nenrei-zentai.pdf
202209,41,730,779,1509,https://www.city.urasoe.lg.jp/doc/6656ca9e699259328fa9f8bc/file_contents/202209nenrei-zentai.pdf
202209,66,586,617,1203,https://www.city.urasoe.lg.jp/doc/6656ca9e699259328fa9f8bc/file_contents/202209nenrei-zentai.pdf
202209,91,66,169,235,https://www.city.urasoe.lg.jp/doc/6656ca9e699259328fa9f8bc/file_contents/202209nenrei-zentai.pdf
202209,17,678,598,1276,https://www.city.urasoe.lg.jp/doc/6656ca9e699259328fa9f8bc/file_contents/202209nenrei-zentai.pdf
202209,42,720,793,1513,https://www.city.urasoe.lg.jp/doc/6656ca9e699259328fa9f8bc/file_contents/202209nenrei-zentai.pdf
202209,67,612,669,1281,https://www.city.urasoe.lg.jp/doc/6656ca9e699259328fa9f8bc/file_contents/202209nenrei-zentai.pdf
202209,92,68,140,208,https://www.city.urasoe.lg.jp/doc/6656ca9e699259328fa9f8bc/file_contents/202209nenrei-zentai.pdf
202209,18,688,645,1333,https://www.city.urasoe.lg.jp/doc/6656ca9e699259328fa9f8bc/file_contents/202209nenrei-zentai.pdf
202209,43,780,787,1567,https://www.city.urasoe.lg.jp/doc/6656ca9e699259328fa9f8bc/file_contents/202209nenrei-zentai.pdf
202209,68,604,711,1315,https://www.city.urasoe.lg.jp/doc/6656ca9e699259328fa9f8bc/file_contents/202209nenrei-zentai.pdf
202209,93,47,118,165,https://www.city.urasoe.lg.jp/doc/6656ca9e699259328fa9f8bc/file_contents/202209nenrei-zentai.pdf
202209,19,661,610,1271,https://www.city.urasoe.lg.jp/doc/6656ca9e699259328fa9f8bc/file_contents/202209nenrei-zentai.pdf
202209,44,793,793,1586,https://www.city.urasoe.lg.jp/doc/6656ca9e699259328fa9f8bc/file_contents/202209nenrei-zentai.pdf
202209,69,635,668,1303,https://www.city.urasoe.lg.jp/doc/6656ca9e699259328fa9f8bc/file_contents/202209nenrei-zentai.pdf
202209,94,25,110,135,https://www.city.urasoe.lg.jp/doc/6656ca9e699259328fa9f8bc/file_contents/202209nenrei-zentai.pdf
202209,20,633,618,1251,https://www.city.urasoe.lg.jp/doc/6656ca9e699259328fa9f8bc/file_contents/202209nenrei-zentai.pdf
202209,45,785,833,1618,https://www.city.urasoe.lg.jp/doc/6656ca9e699259328fa9f8bc/file_contents/202209nenrei-zentai.pdf
202209,70,616,728,1344,https://www.city.urasoe.lg.jp/doc/6656ca9e699259328fa9f8bc/file_contents/202209nenrei-zentai.pdf
202209,95,22,86,108,https://www.city.urasoe.lg.jp/doc/6656ca9e699259328fa9f8bc/file_contents/202209nenrei-zentai.pdf
202209,21,659,679,1338,https://www.city.urasoe.lg.jp/doc/6656ca9e699259328fa9f8bc/file_contents/202209nenrei-zentai.pdf
202209,46,824,864,1688,https://www.city.urasoe.lg.jp/doc/6656ca9e699259328fa9f8bc/file_contents/202209nenrei-zentai.pdf
202209,71,613,741,1354,https://www.city.urasoe.lg.jp/doc/6656ca9e699259328fa9f8bc/file_contents/202209nenrei-zentai.pdf
202209,96,6,66,72,https://www.city.urasoe.lg.jp/doc/6656ca9e699259328fa9f8bc/file_contents/202209nenrei-zentai.pdf
202209,22,643,628,1271,https://www.city.urasoe.lg.jp/doc/6656ca9e699259328fa9f8bc/file_contents/202209nenrei-zentai.pdf
202209,47,911,919,1830,https://www.city.urasoe.lg.jp/doc/6656ca9e699259328fa9f8bc/file_contents/202209nenrei-zentai.pdf
202209,72,644,695,1339,https://www.city.urasoe.lg.jp/doc/6656ca9e699259328fa9f8bc/file_contents/202209nenrei-zentai.pdf
202209,97,7,40,47,https://www.city.urasoe.lg.jp/doc/6656ca9e699259328fa9f8bc/file_contents/202209nenrei-zentai.pdf
202209,23,665,617,1282,https://www.city.urasoe.lg.jp/doc/6656ca9e699259328fa9f8bc/file_contents/202209nenrei-zentai.pdf
202209,48,939,1010,1949,https://www.city.urasoe.lg.jp/doc/6656ca9e699259328fa9f8bc/file_contents/202209nenrei-zentai.pdf
202209,73,591,609,1200,https://www.city.urasoe.lg.jp/doc/6656ca9e699259328fa9f8bc/file_contents/202209nenrei-zentai.pdf
202209,98,12,35,47,https://www.city.urasoe.lg.jp/doc/6656ca9e699259328fa9f8bc/file_contents/202209nenrei-zentai.pdf
202209,24,665,626,1291,https://www.city.urasoe.lg.jp/doc/6656ca9e699259328fa9f8bc/file_contents/202209nenrei-zentai.pdf
202209,49,920,966,1886,https://www.city.urasoe.lg.jp/doc/6656ca9e699259328fa9f8bc/file_contents/202209nenrei-zentai.pdf
202209,74,607,663,1270,https://www.city.urasoe.lg.jp/doc/6656ca9e699259328fa9f8bc/file_contents/202209nenrei-zentai.pdf
202209,99,7,21,28,https://www.city.urasoe.lg.jp/doc/6656ca9e699259328fa9f8bc/file_contents/202209nenrei-zentai.pdf
202209,100,1,20,21,https://www.city.urasoe.lg.jp/doc/6656ca9e699259328fa9f8bc/file_contents/202209nenrei-zentai.pdf
202209,101,3,13,16,https://www.city.urasoe.lg.jp/doc/6656ca9e699259328fa9f8bc/file_contents/202209nenrei-zentai.pdf
202210,0,572,563,1135,https://www.city.urasoe.lg.jp/doc/6656ca9e699259328fa9f8bc/file_contents/202210nenrei-zentai.pdf
202210,25,595,653,1248,https://www.city.urasoe.lg.jp/doc/6656ca9e699259328fa9f8bc/file_contents/202210nenrei-zentai.pdf
202210,50,878,872,1750,https://www.city.urasoe.lg.jp/doc/6656ca9e699259328fa9f8bc/file_contents/202210nenrei-zentai.pdf
202210,75,506,569,1075,https://www.city.urasoe.lg.jp/doc/6656ca9e699259328fa9f8bc/file_contents/202210nenrei-zentai.pdf
202210,1,623,547,1170,https://www.city.urasoe.lg.jp/doc/6656ca9e699259328fa9f8bc/file_contents/202210nenrei-zentai.pdf
202210,26,659,641,1300,https://www.city.urasoe.lg.jp/doc/6656ca9e699259328fa9f8bc/file_contents/202210nenrei-zentai.pdf
202210,51,825,893,1718,https://www.city.urasoe.lg.jp/doc/6656ca9e699259328fa9f8bc/file_contents/202210nenrei-zentai.pdf
202210,76,229,269,498,https://www.city.urasoe.lg.jp/doc/6656ca9e699259328fa9f8bc/file_contents/202210nenrei-zentai.pdf
202210,2,611,603,1214,https://www.city.urasoe.lg.jp/doc/6656ca9e699259328fa9f8bc/file_contents/202210nenrei-zentai.pdf
202210,27,639,639,1278,https://www.city.urasoe.lg.jp/doc/6656ca9e699259328fa9f8bc/file_contents/202210nenrei-zentai.pdf
202210,52,811,858,1669,https://www.city.urasoe.lg.jp/doc/6656ca9e699259328fa9f8bc/file_contents/202210nenrei-zentai.pdf
202210,77,233,311,544,https://www.city.urasoe.lg.jp/doc/6656ca9e699259328fa9f8bc/file_contents/202210nenrei-zentai.pdf
202210,3,595,564,1159,https://www.city.urasoe.lg.jp/doc/6656ca9e699259328fa9f8bc/file_contents/202210nenrei-zentai.pdf
202210,28,649,609,1258,https://www.city.urasoe.lg.jp/doc/6656ca9e699259328fa9f8bc/file_contents/202210nenrei-zentai.pdf
202210,53,834,815,1649,https://www.city.urasoe.lg.jp/doc/6656ca9e699259328fa9f8bc/file_contents/202210nenrei-zentai.pdf
202210,78,326,426,752,https://www.city.urasoe.lg.jp/doc/6656ca9e699259328fa9f8bc/file_contents/202210nenrei-zentai.pdf
202210,4,627,573,1200,https://www.city.urasoe.lg.jp/doc/6656ca9e699259328fa9f8bc/file_contents/202210nenrei-zentai.pdf
202210,29,605,689,1294,https://www.city.urasoe.lg.jp/doc/6656ca9e699259328fa9f8bc/file_contents/202210nenrei-zentai.pdf
202210,54,779,892,1671,https://www.city.urasoe.lg.jp/doc/6656ca9e699259328fa9f8bc/file_contents/202210nenrei-zentai.pdf
202210,79,351,437,788,https://www.city.urasoe.lg.jp/doc/6656ca9e699259328fa9f8bc/file_contents/202210nenrei-zentai.pdf
202210,5,646,610,1256,https://www.city.urasoe.lg.jp/doc/6656ca9e699259328fa9f8bc/file_contents/202210nenrei-zentai.pdf
202210,30,659,655,1314,https://www.city.urasoe.lg.jp/doc/6656ca9e699259328fa9f8bc/file_contents/202210nenrei-zentai.pdf
202210,55,819,828,1647,https://www.city.urasoe.lg.jp/doc/6656ca9e699259328fa9f8bc/file_contents/202210nenrei-zentai.pdf
202210,80,332,424,756,https://www.city.urasoe.lg.jp/doc/6656ca9e699259328fa9f8bc/file_contents/202210nenrei-zentai.pdf
202210,6,628,614,1242,https://www.city.urasoe.lg.jp/doc/6656ca9e699259328fa9f8bc/file_contents/202210nenrei-zentai.pdf
202210,31,682,676,1358,https://www.city.urasoe.lg.jp/doc/6656ca9e699259328fa9f8bc/file_contents/202210nenrei-zentai.pdf
202210,56,615,666,1281,https://www.city.urasoe.lg.jp/doc/6656ca9e699259328fa9f8bc/file_contents/202210nenrei-zentai.pdf
202210,81,342,461,803,https://www.city.urasoe.lg.jp/doc/6656ca9e699259328fa9f8bc/file_contents/202210nenrei-zentai.pdf
202210,7,646,665,1311,https://www.city.urasoe.lg.jp/doc/6656ca9e699259328fa9f8bc/file_contents/202210nenrei-zentai.pdf
202210,32,625,668,1293,https://www.city.urasoe.lg.jp/doc/6656ca9e699259328fa9f8bc/file_contents/202210nenrei-zentai.pdf
202210,57,663,726,1389,https://www.city.urasoe.lg.jp/doc/6656ca9e699259328fa9f8bc/file_contents/202210nenrei-zentai.pdf
202210,82,320,418,738,https://www.city.urasoe.lg.jp/doc/6656ca9e699259328fa9f8bc/file_contents/202210nenrei-zentai.pdf
202210,8,647,592,1239,https://www.city.urasoe.lg.jp/doc/6656ca9e699259328fa9f8bc/file_contents/202210nenrei-zentai.pdf
202210,33,679,699,1378,https://www.city.urasoe.lg.jp/doc/6656ca9e699259328fa9f8bc/file_contents/202210nenrei-zentai.pdf
202210,58,684,727,1411,https://www.city.urasoe.lg.jp/doc/6656ca9e699259328fa9f8bc/file_contents/202210nenrei-zentai.pdf
202210,83,301,389,690,https://www.city.urasoe.lg.jp/doc/6656ca9e699259328fa9f8bc/file_contents/202210nenrei-zentai.pdf
202210,9,675,642,1317,https://www.city.urasoe.lg.jp/doc/6656ca9e699259328fa9f8bc/file_contents/202210nenrei-zentai.pdf
202210,34,673,686,1359,https://www.city.urasoe.lg.jp/doc/6656ca9e699259328fa9f8bc/file_contents/202210nenrei-zentai.pdf
202210,59,679,782,1461,https://www.city.urasoe.lg.jp/doc/6656ca9e699259328fa9f8bc/file_contents/202210nenrei-zentai.pdf
202210,84,274,350,624,https://www.city.urasoe.lg.jp/doc/6656ca9e699259328fa9f8bc/file_contents/202210nenrei-zentai.pdf
202210,10,702,707,1409,https://www.city.urasoe.lg.jp/doc/6656ca9e699259328fa9f8bc/file_contents/202210nenrei-zentai.pdf
202210,35,713,685,1398,https://www.city.urasoe.lg.jp/doc/6656ca9e699259328fa9f8bc/file_contents/202210nenrei-zentai.pdf
202210,60,623,695,1318,https://www.city.urasoe.lg.jp/doc/6656ca9e699259328fa9f8bc/file_contents/202210nenrei-zentai.pdf
202210,85,213,364,577,https://www.city.urasoe.lg.jp/doc/6656ca9e699259328fa9f8bc/file_contents/202210nenrei-zentai.pdf
202210,11,679,687,1366,https://www.city.urasoe.lg.jp/doc/6656ca9e699259328fa9f8bc/file_contents/202210nenrei-zentai.pdf
202210,36,744,751,1495,https://www.city.urasoe.lg.jp/doc/6656ca9e699259328fa9f8bc/file_contents/202210nenrei-zentai.pdf
202210,61,691,718,1409,https://www.city.urasoe.lg.jp/doc/6656ca9e699259328fa9f8bc/file_contents/202210nenrei-zentai.pdf
202210,86,216,343,559,https://www.city.urasoe.lg.jp/doc/6656ca9e699259328fa9f8bc/file_contents/202210nenrei-zentai.pdf
202210,12,685,659,1344,https://www.city.urasoe.lg.jp/doc/6656ca9e699259328fa9f8bc/file_contents/202210nenrei-zentai.pdf
202210,37,720,801,1521,https://www.city.urasoe.lg.jp/doc/6656ca9e699259328fa9f8bc/file_contents/202210nenrei-zentai.pdf
202210,62,668,692,1360,https://www.city.urasoe.lg.jp/doc/6656ca9e699259328fa9f8bc/file_contents/202210nenrei-zentai.pdf
202210,87,189,308,497,https://www.city.urasoe.lg.jp/doc/6656ca9e699259328fa9f8bc/file_contents/202210nenrei-zentai.pdf
202210,13,735,651,1386,https://www.city.urasoe.lg.jp/doc/6656ca9e699259328fa9f8bc/file_contents/202210nenrei-zentai.pdf
202210,38,736,796,1532,https://www.city.urasoe.lg.jp/doc/6656ca9e699259328fa9f8bc/file_contents/202210nenrei-zentai.pdf
202210,63,665,642,1307,https://www.city.urasoe.lg.jp/doc/6656ca9e699259328fa9f8bc/file_contents/202210nenrei-zentai.pdf
202210,88,142,312,454,https://www.city.urasoe.lg.jp/doc/6656ca9e699259328fa9f8bc/file_contents/202210nenrei-zentai.pdf
202210,14,684,709,1393,https://www.city.urasoe.lg.jp/doc/6656ca9e699259328fa9f8bc/file_contents/202210nenrei-zentai.pdf
202210,39,744,736,1480,https://www.city.urasoe.lg.jp/doc/6656ca9e699259328fa9f8bc/file_contents/202210nenrei-zentai.pdf
202210,64,624,677,1301,https://www.city.urasoe.lg.jp/doc/6656ca9e699259328fa9f8bc/file_contents/202210nenrei-zentai.pdf
202210,89,130,223,353,https://www.city.urasoe.lg.jp/doc/6656ca9e699259328fa9f8bc/file_contents/202210nenrei-zentai.pdf
202210,15,733,700,1433,https://www.city.urasoe.lg.jp/doc/6656ca9e699259328fa9f8bc/file_contents/202210nenrei-zentai.pdf
202210,40,707,724,1431,https://www.city.urasoe.lg.jp/doc/6656ca9e699259328fa9f8bc/file_contents/202210nenrei-zentai.pdf
202210,65,615,623,1238,https://www.city.urasoe.lg.jp/doc/6656ca9e699259328fa9f8bc/file_contents/202210nenrei-zentai.pdf
202210,90,95,219,314,https://www.city.urasoe.lg.jp/doc/6656ca9e699259328fa9f8bc/file_contents/202210nenrei-zentai.pdf
202210,16,730,683,1413,https://www.city.urasoe.lg.jp/doc/6656ca9e699259328fa9f8bc/file_contents/202210nenrei-zentai.pdf
202210,41,721,781,1502,https://www.city.urasoe.lg.jp/doc/6656ca9e699259328fa9f8bc/file_contents/202210nenrei-zentai.pdf
202210,66,580,623,1203,https://www.city.urasoe.lg.jp/doc/6656ca9e699259328fa9f8bc/file_contents/202210nenrei-zentai.pdf
202210,91,65,170,235,https://www.city.urasoe.lg.jp/doc/6656ca9e699259328fa9f8bc/file_contents/202210nenrei-zentai.pdf
202210,17,666,603,1269,https://www.city.urasoe.lg.jp/doc/6656ca9e699259328fa9f8bc/file_contents/202210nenrei-zentai.pdf
202210,42,719,797,1516,https://www.city.urasoe.lg.jp/doc/6656ca9e699259328fa9f8bc/file_contents/202210nenrei-zentai.pdf
202210,67,613,669,1282,https://www.city.urasoe.lg.jp/doc/6656ca9e699259328fa9f8bc/file_contents/202210nenrei-zentai.pdf
202210,92,65,139,204,https://www.city.urasoe.lg.jp/doc/6656ca9e699259328fa9f8bc/file_contents/202210nenrei-zentai.pdf
202210,18,703,658,1361,https://www.city.urasoe.lg.jp/doc/6656ca9e699259328fa9f8bc/file_contents/202210nenrei-zentai.pdf
202210,43,758,769,1527,https://www.city.urasoe.lg.jp/doc/6656ca9e699259328fa9f8bc/file_contents/202210nenrei-zentai.pdf
202210,68,609,707,1316,https://www.city.urasoe.lg.jp/doc/6656ca9e699259328fa9f8bc/file_contents/202210nenrei-zentai.pdf
202210,93,51,123,174,https://www.city.urasoe.lg.jp/doc/6656ca9e699259328fa9f8bc/file_contents/202210nenrei-zentai.pdf
202210,19,654,608,1262,https://www.city.urasoe.lg.jp/doc/6656ca9e699259328fa9f8bc/file_contents/202210nenrei-zentai.pdf
202210,44,808,817,1625,https://www.city.urasoe.lg.jp/doc/6656ca9e699259328fa9f8bc/file_contents/202210nenrei-zentai.pdf
202210,69,632,661,1293,https://www.city.urasoe.lg.jp/doc/6656ca9e699259328fa9f8bc/file_contents/202210nenrei-zentai.pdf
202210,94,30,108,138,https://www.city.urasoe.lg.jp/doc/6656ca9e699259328fa9f8bc/file_contents/202210nenrei-zentai.pdf
202210,20,641,608,1249,https://www.city.urasoe.lg.jp/doc/6656ca9e699259328fa9f8bc/file_contents/202210nenrei-zentai.pdf
202210,45,787,832,1619,https://www.city.urasoe.lg.jp/doc/6656ca9e699259328fa9f8bc/file_contents/202210nenrei-zentai.pdf
202210,70,614,734,1348,https://www.city.urasoe.lg.jp/doc/6656ca9e699259328fa9f8bc/file_contents/202210nenrei-zentai.pdf
202210,95,21,91,112,https://www.city.urasoe.lg.jp/doc/6656ca9e699259328fa9f8bc/file_contents/202210nenrei-zentai.pdf
202210,21,672,682,1354,https://www.city.urasoe.lg.jp/doc/6656ca9e699259328fa9f8bc/file_contents/202210nenrei-zentai.pdf
202210,46,832,846,1678,https://www.city.urasoe.lg.jp/doc/6656ca9e699259328fa9f8bc/file_contents/202210nenrei-zentai.pdf
202210,71,601,745,1346,https://www.city.urasoe.lg.jp/doc/6656ca9e699259328fa9f8bc/file_contents/202210nenrei-zentai.pdf
202210,96,7,62,69,https://www.city.urasoe.lg.jp/doc/6656ca9e699259328fa9f8bc/file_contents/202210nenrei-zentai.pdf
202210,22,618,657,1275,https://www.city.urasoe.lg.jp/doc/6656ca9e699259328fa9f8bc/file_contents/202210nenrei-zentai.pdf
202210,47,885,905,1790,https://www.city.urasoe.lg.jp/doc/6656ca9e699259328fa9f8bc/file_contents/202210nenrei-zentai.pdf
202210,72,649,691,1340,https://www.city.urasoe.lg.jp/doc/6656ca9e699259328fa9f8bc/file_contents/202210nenrei-zentai.pdf
202210,97,3,43,46,https://www.city.urasoe.lg.jp/doc/6656ca9e699259328fa9f8bc/file_contents/202210nenrei-zentai.pdf
202210,23,672,573,1245,https://www.city.urasoe.lg.jp/doc/6656ca9e699259328fa9f8bc/file_contents/202210nenrei-zentai.pdf
202210,48,944,1029,1973,https://www.city.urasoe.lg.jp/doc/6656ca9e699259328fa9f8bc/file_contents/202210nenrei-zentai.pdf
202210,73,602,617,1219,https://www.city.urasoe.lg.jp/doc/6656ca9e699259328fa9f8bc/file_contents/202210nenrei-zentai.pdf
202210,98,12,36,48,https://www.city.urasoe.lg.jp/doc/6656ca9e699259328fa9f8bc/file_contents/202210nenrei-zentai.pdf
202210,24,665,642,1307,https://www.city.urasoe.lg.jp/doc/6656ca9e699259328fa9f8bc/file_contents/202210nenrei-zentai.pdf
202210,49,910,953,1863,https://www.city.urasoe.lg.jp/doc/6656ca9e699259328fa9f8bc/file_contents/202210nenrei-zentai.pdf
202210,74,604,660,1264,https://www.city.urasoe.lg.jp/doc/6656ca9e699259328fa9f8bc/file_contents/202210nenrei-zentai.pdf
202210,99,10,22,32,https://www.city.urasoe.lg.jp/doc/6656ca9e699259328fa9f8bc/file_contents/202210nenrei-zentai.pdf
202210,100,1,19,20,https://www.city.urasoe.lg.jp/doc/6656ca9e699259328fa9f8bc/file_contents/202210nenrei-zentai.pdf
202210,101,2,13,15,https://www.city.urasoe.lg.jp/doc/6656ca9e699259328fa9f8bc/file_contents/202210nenrei-zentai.pdf
202211,0,568,551,1119,https://www.city.urasoe.lg.jp/doc/6656ca9e699259328fa9f8bc/file_contents/202211nenrei-zentai.pdf
202211,25,615,664,1279,https://www.city.urasoe.lg.jp/doc/6656ca9e699259328fa9f8bc/file_contents/202211nenrei-zentai.pdf
202211,50,888,876,1764,https://www.city.urasoe.lg.jp/doc/6656ca9e699259328fa9f8bc/file_contents/202211nenrei-zentai.pdf
202211,75,524,592,1116,https://www.city.urasoe.lg.jp/doc/6656ca9e699259328fa9f8bc/file_contents/202211nenrei-zentai.pdf
202211,1,623,557,1180,https://www.city.urasoe.lg.jp/doc/6656ca9e699259328fa9f8bc/file_contents/202211nenrei-zentai.pdf
202211,26,652,633,1285,https://www.city.urasoe.lg.jp/doc/6656ca9e699259328fa9f8bc/file_contents/202211nenrei-zentai.pdf
202211,51,835,893,1728,https://www.city.urasoe.lg.jp/doc/6656ca9e699259328fa9f8bc/file_contents/202211nenrei-zentai.pdf
202211,76,249,289,538,https://www.city.urasoe.lg.jp/doc/6656ca9e699259328fa9f8bc/file_contents/202211nenrei-zentai.pdf
202211,2,617,587,1204,https://www.city.urasoe.lg.jp/doc/6656ca9e699259328fa9f8bc/file_contents/202211nenrei-zentai.pdf
202211,27,640,650,1290,https://www.city.urasoe.lg.jp/doc/6656ca9e699259328fa9f8bc/file_contents/202211nenrei-zentai.pdf
202211,52,789,862,1651,https://www.city.urasoe.lg.jp/doc/6656ca9e699259328fa9f8bc/file_contents/202211nenrei-zentai.pdf
202211,77,225,295,520,https://www.city.urasoe.lg.jp/doc/6656ca9e699259328fa9f8bc/file_contents/202211nenrei-zentai.pdf
202211,3,599,556,1155,https://www.city.urasoe.lg.jp/doc/6656ca9e699259328fa9f8bc/file_contents/202211nenrei-zentai.pdf
202211,28,648,624,1272,https://www.city.urasoe.lg.jp/doc/6656ca9e699259328fa9f8bc/file_contents/202211nenrei-zentai.pdf
202211,53,831,811,1642,https://www.city.urasoe.lg.jp/doc/6656ca9e699259328fa9f8bc/file_contents/202211nenrei-zentai.pdf
202211,78,310,416,726,https://www.city.urasoe.lg.jp/doc/6656ca9e699259328fa9f8bc/file_contents/202211nenrei-zentai.pdf
202211,4,616,575,1191,https://www.city.urasoe.lg.jp/doc/6656ca9e699259328fa9f8bc/file_contents/202211nenrei-zentai.pdf
202211,29,610,673,1283,https://www.city.urasoe.lg.jp/doc/6656ca9e699259328fa9f8bc/file_contents/202211nenrei-zentai.pdf
202211,54,794,877,1671,https://www.city.urasoe.lg.jp/doc/6656ca9e699259328fa9f8bc/file_contents/202211nenrei-zentai.pdf
202211,79,357,435,792,https://www.city.urasoe.lg.jp/doc/6656ca9e699259328fa9f8bc/file_contents/202211nenrei-zentai.pdf
202211,5,627,604,1231,https://www.city.urasoe.lg.jp/doc/6656ca9e699259328fa9f8bc/file_contents/202211nenrei-zentai.pdf
202211,30,654,638,1292,https://www.city.urasoe.lg.jp/doc/6656ca9e699259328fa9f8bc/file_contents/202211nenrei-zentai.pdf
202211,55,809,864,1673,https://www.city.urasoe.lg.jp/doc/6656ca9e699259328fa9f8bc/file_contents/202211nenrei-zentai.pdf
202211,80,323,417,740,https://www.city.urasoe.lg.jp/doc/6656ca9e699259328fa9f8bc/file_contents/202211nenrei-zentai.pdf
202211,6,639,620,1259,https://www.city.urasoe.lg.jp/doc/6656ca9e699259328fa9f8bc/file_contents/202211nenrei-zentai.pdf
202211,31,673,686,1359,https://www.city.urasoe.lg.jp/doc/6656ca9e699259328fa9f8bc/file_contents/202211nenrei-zentai.pdf
202211,56,617,667,1284,https://www.city.urasoe.lg.jp/doc/6656ca9e699259328fa9f8bc/file_contents/202211nenrei-zentai.pdf
202211,81,349,472,821,https://www.city.urasoe.lg.jp/doc/6656ca9e699259328fa9f8bc/file_contents/202211nenrei-zentai.pdf
202211,7,643,664,1307,https://www.city.urasoe.lg.jp/doc/6656ca9e699259328fa9f8bc/file_contents/202211nenrei-zentai.pdf
202211,32,636,671,1307,https://www.city.urasoe.lg.jp/doc/6656ca9e699259328fa9f8bc/file_contents/202211nenrei-zentai.pdf
202211,57,671,721,1392,https://www.city.urasoe.lg.jp/doc/6656ca9e699259328fa9f8bc/file_contents/202211nenrei-zentai.pdf
202211,82,322,422,744,https://www.city.urasoe.lg.jp/doc/6656ca9e699259328fa9f8bc/file_contents/202211nenrei-zentai.pdf
202211,8,656,598,1254,https://www.city.urasoe.lg.jp/doc/6656ca9e699259328fa9f8bc/file_contents/202211nenrei-zentai.pdf
202211,33,659,694,1353,https://www.city.urasoe.lg.jp/doc/6656ca9e699259328fa9f8bc/file_contents/202211nenrei-zentai.pdf
202211,58,688,719,1407,https://www.city.urasoe.lg.jp/doc/6656ca9e699259328fa9f8bc/file_contents/202211nenrei-zentai.pdf
202211,83,310,396,706,https://www.city.urasoe.lg.jp/doc/6656ca9e699259328fa9f8bc/file_contents/202211nenrei-zentai.pdf
202211,9,659,622,1281,https://www.city.urasoe.lg.jp/doc/6656ca9e699259328fa9f8bc/file_contents/202211nenrei-zentai.pdf
202211,34,674,682,1356,https://www.city.urasoe.lg.jp/doc/6656ca9e699259328fa9f8bc/file_contents/202211nenrei-zentai.pdf
202211,59,670,785,1455,https://www.city.urasoe.lg.jp/doc/6656ca9e699259328fa9f8bc/file_contents/202211nenrei-zentai.pdf
202211,84,271,336,607,https://www.city.urasoe.lg.jp/doc/6656ca9e699259328fa9f8bc/file_contents/202211nenrei-zentai.pdf
202211,10,701,712,1413,https://www.city.urasoe.lg.jp/doc/6656ca9e699259328fa9f8bc/file_contents/202211nenrei-zentai.pdf
202211,35,703,676,1379,https://www.city.urasoe.lg.jp/doc/6656ca9e699259328fa9f8bc/file_contents/202211nenrei-zentai.pdf
202211,60,625,686,1311,https://www.city.urasoe.lg.jp/doc/6656ca9e699259328fa9f8bc/file_contents/202211nenrei-zentai.pdf
202211,85,210,367,577,https://www.city.urasoe.lg.jp/doc/6656ca9e699259328fa9f8bc/file_contents/202211nenrei-zentai.pdf
202211,11,684,691,1375,https://www.city.urasoe.lg.jp/doc/6656ca9e699259328fa9f8bc/file_contents/202211nenrei-zentai.pdf
202211,36,754,756,1510,https://www.city.urasoe.lg.jp/doc/6656ca9e699259328fa9f8bc/file_contents/202211nenrei-zentai.pdf
202211,61,691,729,1420,https://www.city.urasoe.lg.jp/doc/6656ca9e699259328fa9f8bc/file_contents/202211nenrei-zentai.pdf
202211,86,219,351,570,https://www.city.urasoe.lg.jp/doc/6656ca9e699259328fa9f8bc/file_contents/202211nenrei-zentai.pdf
202211,12,685,660,1345,https://www.city.urasoe.lg.jp/doc/6656ca9e699259328fa9f8bc/file_contents/202211nenrei-zentai.pdf
202211,37,717,799,1516,https://www.city.urasoe.lg.jp/doc/6656ca9e699259328fa9f8bc/file_contents/202211nenrei-zentai.pdf
202211,62,684,680,1364,https://www.city.urasoe.lg.jp/doc/6656ca9e699259328fa9f8bc/file_contents/202211nenrei-zentai.pdf
202211,87,192,310,502,https://www.city.urasoe.lg.jp/doc/6656ca9e699259328fa9f8bc/file_contents/202211nenrei-zentai.pdf
202211,13,727,648,1375,https://www.city.urasoe.lg.jp/doc/6656ca9e699259328fa9f8bc/file_contents/202211nenrei-zentai.pdf
202211,38,751,780,1531,https://www.city.urasoe.lg.jp/doc/6656ca9e699259328fa9f8bc/file_contents/202211nenrei-zentai.pdf
202211,63,653,660,1313,https://www.city.urasoe.lg.jp/doc/6656ca9e699259328fa9f8bc/file_contents/202211nenrei-zentai.pdf
202211,88,144,318,462,https://www.city.urasoe.lg.jp/doc/6656ca9e699259328fa9f8bc/file_contents/202211nenrei-zentai.pdf
202211,14,698,705,1403,https://www.city.urasoe.lg.jp/doc/6656ca9e699259328fa9f8bc/file_contents/202211nenrei-zentai.pdf
202211,39,735,760,1495,https://www.city.urasoe.lg.jp/doc/6656ca9e699259328fa9f8bc/file_contents/202211nenrei-zentai.pdf
202211,64,636,665,1301,https://www.city.urasoe.lg.jp/doc/6656ca9e699259328fa9f8bc/file_contents/202211nenrei-zentai.pdf
202211,89,127,221,348,https://www.city.urasoe.lg.jp/doc/6656ca9e699259328fa9f8bc/file_contents/202211nenrei-zentai.pdf
202211,15,734,700,1434,https://www.city.urasoe.lg.jp/doc/6656ca9e699259328fa9f8bc/file_contents/202211nenrei-zentai.pdf
202211,40,707,710,1417,https://www.city.urasoe.lg.jp/doc/6656ca9e699259328fa9f8bc/file_contents/202211nenrei-zentai.pdf
202211,65,601,611,1212,https://www.city.urasoe.lg.jp/doc/6656ca9e699259328fa9f8bc/file_contents/202211nenrei-zentai.pdf
202211,90,97,226,323,https://www.city.urasoe.lg.jp/doc/6656ca9e699259328fa9f8bc/file_contents/202211nenrei-zentai.pdf
202211,16,716,682,1398,https://www.city.urasoe.lg.jp/doc/6656ca9e699259328fa9f8bc/file_contents/202211nenrei-zentai.pdf
202211,41,701,774,1475,https://www.city.urasoe.lg.jp/doc/6656ca9e699259328fa9f8bc/file_contents/202211nenrei-zentai.pdf
202211,66,580,629,1209,https://www.city.urasoe.lg.jp/doc/6656ca9e699259328fa9f8bc/file_contents/202211nenrei-zentai.pdf
202211,91,69,173,242,https://www.city.urasoe.lg.jp/doc/6656ca9e699259328fa9f8bc/file_contents/202211nenrei-zentai.pdf
202211,17,674,609,1283,https://www.city.urasoe.lg.jp/doc/6656ca9e699259328fa9f8bc/file_contents/202211nenrei-zentai.pdf
202211,42,723,795,1518,https://www.city.urasoe.lg.jp/doc/6656ca9e699259328fa9f8bc/file_contents/202211nenrei-zentai.pdf
202211,67,605,661,1266,https://www.city.urasoe.lg.jp/doc/6656ca9e699259328fa9f8bc/file_contents/202211nenrei-zentai.pdf
202211,92,62,134,196,https://www.city.urasoe.lg.jp/doc/6656ca9e699259328fa9f8bc/file_contents/202211nenrei-zentai.pdf
202211,18,714,668,1382,https://www.city.urasoe.lg.jp/doc/6656ca9e699259328fa9f8bc/file_contents/202211nenrei-zentai.pdf
202211,43,759,769,1528,https://www.city.urasoe.lg.jp/doc/6656ca9e699259328fa9f8bc/file_contents/202211nenrei-zentai.pdf
202211,68,604,695,1299,https://www.city.urasoe.lg.jp/doc/6656ca9e699259328fa9f8bc/file_contents/202211nenrei-zentai.pdf
202211,93,49,130,179,https://www.city.urasoe.lg.jp/doc/6656ca9e699259328fa9f8bc/file_contents/202211nenrei-zentai.pdf
202211,19,664,613,1277,https://www.city.urasoe.lg.jp/doc/6656ca9e699259328fa9f8bc/file_contents/202211nenrei-zentai.pdf
202211,44,814,836,1650,https://www.city.urasoe.lg.jp/doc/6656ca9e699259328fa9f8bc/file_contents/202211nenrei-zentai.pdf
202211,69,621,669,1290,https://www.city.urasoe.lg.jp/doc/6656ca9e699259328fa9f8bc/file_contents/202211nenrei-zentai.pdf
202211,94,40,104,144,https://www.city.urasoe.lg.jp/doc/6656ca9e699259328fa9f8bc/file_contents/202211nenrei-zentai.pdf
202211,20,652,630,1282,https://www.city.urasoe.lg.jp/doc/6656ca9e699259328fa9f8bc/file_contents/202211nenrei-zentai.pdf
202211,45,769,815,1584,https://www.city.urasoe.lg.jp/doc/6656ca9e699259328fa9f8bc/file_contents/202211nenrei-zentai.pdf
202211,70,619,723,1342,https://www.city.urasoe.lg.jp/doc/6656ca9e699259328fa9f8bc/file_contents/202211nenrei-zentai.pdf
202211,95,19,94,113,https://www.city.urasoe.lg.jp/doc/6656ca9e699259328fa9f8bc/file_contents/202211nenrei-zentai.pdf
202211,21,673,675,1348,https://www.city.urasoe.lg.jp/doc/6656ca9e699259328fa9f8bc/file_contents/202211nenrei-zentai.pdf
202211,46,831,841,1672,https://www.city.urasoe.lg.jp/doc/6656ca9e699259328fa9f8bc/file_contents/202211nenrei-zentai.pdf
202211,71,609,769,1378,https://www.city.urasoe.lg.jp/doc/6656ca9e699259328fa9f8bc/file_contents/202211nenrei-zentai.pdf
202211,96,10,65,75,https://www.city.urasoe.lg.jp/doc/6656ca9e699259328fa9f8bc/file_contents/202211nenrei-zentai.pdf
202211,22,631,638,1269,https://www.city.urasoe.lg.jp/doc/6656ca9e699259328fa9f8bc/file_contents/202211nenrei-zentai.pdf
202211,47,892,900,1792,https://www.city.urasoe.lg.jp/doc/6656ca9e699259328fa9f8bc/file_contents/202211nenrei-zentai.pdf
202211,72,656,679,1335,https://www.city.urasoe.lg.jp/doc/6656ca9e699259328fa9f8bc/file_contents/202211nenrei-zentai.pdf
202211,97,2,45,47,https://www.city.urasoe.lg.jp/doc/6656ca9e699259328fa9f8bc/file_contents/202211nenrei-zentai.pdf
202211,23,674,605,1279,https://www.city.urasoe.lg.jp/doc/6656ca9e699259328fa9f8bc/file_contents/202211nenrei-zentai.pdf
202211,48,945,1002,1947,https://www.city.urasoe.lg.jp/doc/6656ca9e699259328fa9f8bc/file_contents/202211nenrei-zentai.pdf
202211,73,586,634,1220,https://www.city.urasoe.lg.jp/doc/6656ca9e699259328fa9f8bc/file_contents/202211nenrei-zentai.pdf
202211,98,10,32,42,https://www.city.urasoe.lg.jp/doc/6656ca9e699259328fa9f8bc/file_contents/202211nenrei-zentai.pdf
202211,24,673,629,1302,https://www.city.urasoe.lg.jp/doc/6656ca9e699259328fa9f8bc/file_contents/202211nenrei-zentai.pdf
202211,49,896,970,1866,https://www.city.urasoe.lg.jp/doc/6656ca9e699259328fa9f8bc/file_contents/202211nenrei-zentai.pdf
202211,74,615,649,1264,https://www.city.urasoe.lg.jp/doc/6656ca9e699259328fa9f8bc/file_contents/202211nenrei-zentai.pdf
202211,99,9,25,34,https://www.city.urasoe.lg.jp/doc/6656ca9e699259328fa9f8bc/file_contents/202211nenrei-zentai.pdf
202211,100,3,19,22,https://www.city.urasoe.lg.jp/doc/6656ca9e699259328fa9f8bc/file_contents/202211nenrei-zentai.pdf
202211,101,2,15,17,https://www.city.urasoe.lg.jp/doc/6656ca9e699259328fa9f8bc/file_contents/202211nenrei-zentai.pdf
202212,0,560,551,1111,https://www.city.urasoe.lg.jp/doc/6656ca9e699259328fa9f8bc/file_contents/202212nenrei-zentai.pdf
202212,25,624,669,1293,https://www.city.urasoe.lg.jp/doc/6656ca9e699259328fa9f8bc/file_contents/202212nenrei-zentai.pdf
202212,50,904,871,1775,https://www.city.urasoe.lg.jp/doc/6656ca9e699259328fa9f8bc/file_contents/202212nenrei-zentai.pdf
202212,75,560,621,1181,https://www.city.urasoe.lg.jp/doc/6656ca9e699259328fa9f8bc/file_contents/202212nenrei-zentai.pdf
202212,1,616,555,1171,https://www.city.urasoe.lg.jp/doc/6656ca9e699259328fa9f8bc/file_contents/202212nenrei-zentai.pdf
202212,26,657,622,1279,https://www.city.urasoe.lg.jp/doc/6656ca9e699259328fa9f8bc/file_contents/202212nenrei-zentai.pdf
202212,51,830,897,1727,https://www.city.urasoe.lg.jp/doc/6656ca9e699259328fa9f8bc/file_contents/202212nenrei-zentai.pdf
202212,76,255,299,554,https://www.city.urasoe.lg.jp/doc/6656ca9e699259328fa9f8bc/file_contents/202212nenrei-zentai.pdf
202212,2,611,597,1208,https://www.city.urasoe.lg.jp/doc/6656ca9e699259328fa9f8bc/file_contents/202212nenrei-zentai.pdf
202212,27,629,653,1282,https://www.city.urasoe.lg.jp/doc/6656ca9e699259328fa9f8bc/file_contents/202212nenrei-zentai.pdf
202212,52,786,866,1652,https://www.city.urasoe.lg.jp/doc/6656ca9e699259328fa9f8bc/file_contents/202212nenrei-zentai.pdf
202212,77,216,285,501,https://www.city.urasoe.lg.jp/doc/6656ca9e699259328fa9f8bc/file_contents/202212nenrei-zentai.pdf
202212,3,609,551,1160,https://www.city.urasoe.lg.jp/doc/6656ca9e699259328fa9f8bc/file_contents/202212nenrei-zentai.pdf
202212,28,640,610,1250,https://www.city.urasoe.lg.jp/doc/6656ca9e699259328fa9f8bc/file_contents/202212nenrei-zentai.pdf
202212,53,827,811,1638,https://www.city.urasoe.lg.jp/doc/6656ca9e699259328fa9f8bc/file_contents/202212nenrei-zentai.pdf
202212,78,315,400,715,https://www.city.urasoe.lg.jp/doc/6656ca9e699259328fa9f8bc/file_contents/202212nenrei-zentai.pdf
202212,4,617,570,1187,https://www.city.urasoe.lg.jp/doc/6656ca9e699259328fa9f8bc/file_contents/202212nenrei-zentai.pdf
202212,29,626,684,1310,https://www.city.urasoe.lg.jp/doc/6656ca9e699259328fa9f8bc/file_contents/202212nenrei-zentai.pdf
202212,54,806,882,1688,https://www.city.urasoe.lg.jp/doc/6656ca9e699259328fa9f8bc/file_contents/202212nenrei-zentai.pdf
202212,79,354,437,791,https://www.city.urasoe.lg.jp/doc/6656ca9e699259328fa9f8bc/file_contents/202212nenrei-zentai.pdf
202212,5,624,594,1218,https://www.city.urasoe.lg.jp/doc/6656ca9e699259328fa9f8bc/file_contents/202212nenrei-zentai.pdf
202212,30,646,635,1281,https://www.city.urasoe.lg.jp/doc/6656ca9e699259328fa9f8bc/file_contents/202212nenrei-zentai.pdf
202212,55,812,864,1676,https://www.city.urasoe.lg.jp/doc/6656ca9e699259328fa9f8bc/file_contents/202212nenrei-zentai.pdf
202212,80,317,410,727,https://www.city.urasoe.lg.jp/doc/6656ca9e699259328fa9f8bc/file_contents/202212nenrei-zentai.pdf
202212,6,620,625,1245,https://www.city.urasoe.lg.jp/doc/6656ca9e699259328fa9f8bc/file_contents/202212nenrei-zentai.pdf
202212,31,665,677,1342,https://www.city.urasoe.lg.jp/doc/6656ca9e699259328fa9f8bc/file_contents/202212nenrei-zentai.pdf
202212,56,627,670,1297,https://www.city.urasoe.lg.jp/doc/6656ca9e699259328fa9f8bc/file_contents/202212nenrei-zentai.pdf
202212,81,343,477,820,https://www.city.urasoe.lg.jp/doc/6656ca9e699259328fa9f8bc/file_contents/202212nenrei-zentai.pdf
202212,7,649,662,1311,https://www.city.urasoe.lg.jp/doc/6656ca9e699259328fa9f8bc/file_contents/202212nenrei-zentai.pdf
202212,32,629,680,1309,https://www.city.urasoe.lg.jp/doc/6656ca9e699259328fa9f8bc/file_contents/202212nenrei-zentai.pdf
202212,57,661,727,1388,https://www.city.urasoe.lg.jp/doc/6656ca9e699259328fa9f8bc/file_contents/202212nenrei-zentai.pdf
202212,82,332,426,758,https://www.city.urasoe.lg.jp/doc/6656ca9e699259328fa9f8bc/file_contents/202212nenrei-zentai.pdf
202212,8,649,606,1255,https://www.city.urasoe.lg.jp/doc/6656ca9e699259328fa9f8bc/file_contents/202212nenrei-zentai.pdf
202212,33,659,676,1335,https://www.city.urasoe.lg.jp/doc/6656ca9e699259328fa9f8bc/file_contents/202212nenrei-zentai.pdf
202212,58,693,713,1406,https://www.city.urasoe.lg.jp/doc/6656ca9e699259328fa9f8bc/file_contents/202212nenrei-zentai.pdf
202212,83,305,401,706,https://www.city.urasoe.lg.jp/doc/6656ca9e699259328fa9f8bc/file_contents/202212nenrei-zentai.pdf
202212,9,675,623,1298,https://www.city.urasoe.lg.jp/doc/6656ca9e699259328fa9f8bc/file_contents/202212nenrei-zentai.pdf
202212,34,672,696,1368,https://www.city.urasoe.lg.jp/doc/6656ca9e699259328fa9f8bc/file_contents/202212nenrei-zentai.pdf
202212,59,657,781,1438,https://www.city.urasoe.lg.jp/doc/6656ca9e699259328fa9f8bc/file_contents/202212nenrei-zentai.pdf
202212,84,277,340,617,https://www.city.urasoe.lg.jp/doc/6656ca9e699259328fa9f8bc/file_contents/202212nenrei-zentai.pdf
202212,10,688,702,1390,https://www.city.urasoe.lg.jp/doc/6656ca9e699259328fa9f8bc/file_contents/202212nenrei-zentai.pdf
202212,35,685,678,1363,https://www.city.urasoe.lg.jp/doc/6656ca9e699259328fa9f8bc/file_contents/202212nenrei-zentai.pdf
202212,60,634,694,1328,https://www.city.urasoe.lg.jp/doc/6656ca9e699259328fa9f8bc/file_contents/202212nenrei-zentai.pdf
202212,85,215,357,572,https://www.city.urasoe.lg.jp/doc/6656ca9e699259328fa9f8bc/file_contents/202212nenrei-zentai.pdf
202212,11,700,693,1393,https://www.city.urasoe.lg.jp/doc/6656ca9e699259328fa9f8bc/file_contents/202212nenrei-zentai.pdf
202212,36,773,749,1522,https://www.city.urasoe.lg.jp/doc/6656ca9e699259328fa9f8bc/file_contents/202212nenrei-zentai.pdf
202212,61,695,729,1424,https://www.city.urasoe.lg.jp/doc/6656ca9e699259328fa9f8bc/file_contents/202212nenrei-zentai.pdf
202212,86,217,356,573,https://www.city.urasoe.lg.jp/doc/6656ca9e699259328fa9f8bc/file_contents/202212nenrei-zentai.pdf
202212,12,673,660,1333,https://www.city.urasoe.lg.jp/doc/6656ca9e699259328fa9f8bc/file_contents/202212nenrei-zentai.pdf
202212,37,723,798,1521,https://www.city.urasoe.lg.jp/doc/6656ca9e699259328fa9f8bc/file_contents/202212nenrei-zentai.pdf
202212,62,684,677,1361,https://www.city.urasoe.lg.jp/doc/6656ca9e699259328fa9f8bc/file_contents/202212nenrei-zentai.pdf
202212,87,189,311,500,https://www.city.urasoe.lg.jp/doc/6656ca9e699259328fa9f8bc/file_contents/202212nenrei-zentai.pdf
202212,13,731,650,1381,https://www.city.urasoe.lg.jp/doc/6656ca9e699259328fa9f8bc/file_contents/202212nenrei-zentai.pdf
202212,38,745,777,1522,https://www.city.urasoe.lg.jp/doc/6656ca9e699259328fa9f8bc/file_contents/202212nenrei-zentai.pdf
202212,63,638,662,1300,https://www.city.urasoe.lg.jp/doc/6656ca9e699259328fa9f8bc/file_contents/202212nenrei-zentai.pdf
202212,88,147,314,461,https://www.city.urasoe.lg.jp/doc/6656ca9e699259328fa9f8bc/file_contents/202212nenrei-zentai.pdf
202212,14,692,700,1392,https://www.city.urasoe.lg.jp/doc/6656ca9e699259328fa9f8bc/file_contents/202212nenrei-zentai.pdf
202212,39,726,760,1486,https://www.city.urasoe.lg.jp/doc/6656ca9e699259328fa9f8bc/file_contents/202212nenrei-zentai.pdf
202212,64,650,660,1310,https://www.city.urasoe.lg.jp/doc/6656ca9e699259328fa9f8bc/file_contents/202212nenrei-zentai.pdf
202212,89,128,229,357,https://www.city.urasoe.lg.jp/doc/6656ca9e699259328fa9f8bc/file_contents/202212nenrei-zentai.pdf
202212,15,731,686,1417,https://www.city.urasoe.lg.jp/doc/6656ca9e699259328fa9f8bc/file_contents/202212nenrei-zentai.pdf
202212,40,718,713,1431,https://www.city.urasoe.lg.jp/doc/6656ca9e699259328fa9f8bc/file_contents/202212nenrei-zentai.pdf
202212,65,594,602,1196,https://www.city.urasoe.lg.jp/doc/6656ca9e699259328fa9f8bc/file_contents/202212nenrei-zentai.pdf
202212,90,96,227,323,https://www.city.urasoe.lg.jp/doc/6656ca9e699259328fa9f8bc/file_contents/202212nenrei-zentai.pdf
202212,16,715,695,1410,https://www.city.urasoe.lg.jp/doc/6656ca9e699259328fa9f8bc/file_contents/202212nenrei-zentai.pdf
202212,41,702,770,1472,https://www.city.urasoe.lg.jp/doc/6656ca9e699259328fa9f8bc/file_contents/202212nenrei-zentai.pdf
202212,66,586,638,1224,https://www.city.urasoe.lg.jp/doc/6656ca9e699259328fa9f8bc/file_contents/202212nenrei-zentai.pdf
202212,91,73,172,245,https://www.city.urasoe.lg.jp/doc/6656ca9e699259328fa9f8bc/file_contents/202212nenrei-zentai.pdf
202212,17,676,634,1310,https://www.city.urasoe.lg.jp/doc/6656ca9e699259328fa9f8bc/file_contents/202212nenrei-zentai.pdf
202212,42,718,790,1508,https://www.city.urasoe.lg.jp/doc/6656ca9e699259328fa9f8bc/file_contents/202212nenrei-zentai.pdf
202212,67,600,647,1247,https://www.city.urasoe.lg.jp/doc/6656ca9e699259328fa9f8bc/file_contents/202212nenrei-zentai.pdf
202212,92,63,138,201,https://www.city.urasoe.lg.jp/doc/6656ca9e699259328fa9f8bc/file_contents/202212nenrei-zentai.pdf
202212,18,707,654,1361,https://www.city.urasoe.lg.jp/doc/6656ca9e699259328fa9f8bc/file_contents/202212nenrei-zentai.pdf
202212,43,755,780,1535,https://www.city.urasoe.lg.jp/doc/6656ca9e699259328fa9f8bc/file_contents/202212nenrei-zentai.pdf
202212,68,598,702,1300,https://www.city.urasoe.lg.jp/doc/6656ca9e699259328fa9f8bc/file_contents/202212nenrei-zentai.pdf
202212,93,46,132,178,https://www.city.urasoe.lg.jp/doc/6656ca9e699259328fa9f8bc/file_contents/202212nenrei-zentai.pdf
202212,19,671,617,1288,https://www.city.urasoe.lg.jp/doc/6656ca9e699259328fa9f8bc/file_contents/202212nenrei-zentai.pdf
202212,44,813,822,1635,https://www.city.urasoe.lg.jp/doc/6656ca9e699259328fa9f8bc/file_contents/202212nenrei-zentai.pdf
202212,69,614,690,1304,https://www.city.urasoe.lg.jp/doc/6656ca9e699259328fa9f8bc/file_contents/202212nenrei-zentai.pdf
202212,94,42,107,149,https://www.city.urasoe.lg.jp/doc/6656ca9e699259328fa9f8bc/file_contents/202212nenrei-zentai.pdf
202212,20,664,617,1281,https://www.city.urasoe.lg.jp/doc/6656ca9e699259328fa9f8bc/file_contents/202212nenrei-zentai.pdf
202212,45,764,808,1572,https://www.city.urasoe.lg.jp/doc/6656ca9e699259328fa9f8bc/file_contents/202212nenrei-zentai.pdf
202212,70,630,699,1329,https://www.city.urasoe.lg.jp/doc/6656ca9e699259328fa9f8bc/file_contents/202212nenrei-zentai.pdf
202212,95,18,89,107,https://www.city.urasoe.lg.jp/doc/6656ca9e699259328fa9f8bc/file_contents/202212nenrei-zentai.pdf
202212,21,669,673,1342,https://www.city.urasoe.lg.jp/doc/6656ca9e699259328fa9f8bc/file_contents/202212nenrei-zentai.pdf
202212,46,833,845,1678,https://www.city.urasoe.lg.jp/doc/6656ca9e699259328fa9f8bc/file_contents/202212nenrei-zentai.pdf
202212,71,608,779,1387,https://www.city.urasoe.lg.jp/doc/6656ca9e699259328fa9f8bc/file_contents/202212nenrei-zentai.pdf
202212,96,11,67,78,https://www.city.urasoe.lg.jp/doc/6656ca9e699259328fa9f8bc/file_contents/202212nenrei-zentai.pdf
202212,22,644,641,1285,https://www.city.urasoe.lg.jp/doc/6656ca9e699259328fa9f8bc/file_contents/202212nenrei-zentai.pdf
202212,47,892,896,1788,https://www.city.urasoe.lg.jp/doc/6656ca9e699259328fa9f8bc/file_contents/202212nenrei-zentai.pdf
202212,72,652,685,1337,https://www.city.urasoe.lg.jp/doc/6656ca9e699259328fa9f8bc/file_contents/202212nenrei-zentai.pdf
202212,97,2,47,49,https://www.city.urasoe.lg.jp/doc/6656ca9e699259328fa9f8bc/file_contents/202212nenrei-zentai.pdf
202212,23,654,603,1257,https://www.city.urasoe.lg.jp/doc/6656ca9e699259328fa9f8bc/file_contents/202212nenrei-zentai.pdf
202212,48,930,982,1912,https://www.city.urasoe.lg.jp/doc/6656ca9e699259328fa9f8bc/file_contents/202212nenrei-zentai.pdf
202212,73,595,642,1237,https://www.city.urasoe.lg.jp/doc/6656ca9e699259328fa9f8bc/file_contents/202212nenrei-zentai.pdf
202212,98,9,30,39,https://www.city.urasoe.lg.jp/doc/6656ca9e699259328fa9f8bc/file_contents/202212nenrei-zentai.pdf
202212,24,671,638,1309,https://www.city.urasoe.lg.jp/doc/6656ca9e699259328fa9f8bc/file_contents/202212nenrei-zentai.pdf
202212,49,901,991,1892,https://www.city.urasoe.lg.jp/doc/6656ca9e699259328fa9f8bc/file_contents/202212nenrei-zentai.pdf
202212,74,595,636,1231,https://www.city.urasoe.lg.jp/doc/6656ca9e699259328fa9f8bc/file_contents/202212nenrei-zentai.pdf
202212,99,10,22,32,https://www.city.urasoe.lg.jp/doc/6656ca9e699259328fa9f8bc/file_contents/202212nenrei-zentai.pdf
202212,100,3,22,25,https://www.city.urasoe.lg.jp/doc/6656ca9e699259328fa9f8bc/file_contents/202212nenrei-zentai.pdf
202212,101,2,15,17,https://www.city.urasoe.lg.jp/doc/6656ca9e699259328fa9f8bc/file_contents/202212nenrei-zentai.pdf
202601,0,475,470,945,https://cms.city.urasoe.lg.jp/doc/2024061900039/file_contents/202601nenrei-zentai.pdf
202601,25,626,626,1252,https://cms.city.urasoe.lg.jp/doc/2024061900039/file_contents/202601nenrei-zentai.pdf
202601,50,865,862,1727,https://cms.city.urasoe.lg.jp/doc/2024061900039/file_contents/202601nenrei-zentai.pdf
202601,75,599,683,1282,https://cms.city.urasoe.lg.jp/doc/2024061900039/file_contents/202601nenrei-zentai.pdf
202601,1,498,499,997,https://cms.city.urasoe.lg.jp/doc/2024061900039/file_contents/202601nenrei-zentai.pdf
202601,26,665,623,1288,https://cms.city.urasoe.lg.jp/doc/2024061900039/file_contents/202601nenrei-zentai.pdf
202601,51,922,935,1857,https://cms.city.urasoe.lg.jp/doc/2024061900039/file_contents/202601nenrei-zentai.pdf
202601,76,516,617,1133,https://cms.city.urasoe.lg.jp/doc/2024061900039/file_contents/202601nenrei-zentai.pdf
202601,2,520,482,1002,https://cms.city.urasoe.lg.jp/doc/2024061900039/file_contents/202601nenrei-zentai.pdf
202601,27,654,660,1314,https://cms.city.urasoe.lg.jp/doc/2024061900039/file_contents/202601nenrei-zentai.pdf
202601,52,895,998,1893,https://cms.city.urasoe.lg.jp/doc/2024061900039/file_contents/202601nenrei-zentai.pdf
202601,77,539,605,1144,https://cms.city.urasoe.lg.jp/doc/2024061900039/file_contents/202601nenrei-zentai.pdf
202601,3,567,513,1080,https://cms.city.urasoe.lg.jp/doc/2024061900039/file_contents/202601nenrei-zentai.pdf
202601,28,648,661,1309,https://cms.city.urasoe.lg.jp/doc/2024061900039/file_contents/202601nenrei-zentai.pdf
202601,53,897,887,1784,https://cms.city.urasoe.lg.jp/doc/2024061900039/file_contents/202601nenrei-zentai.pdf
202601,78,522,608,1130,https://cms.city.urasoe.lg.jp/doc/2024061900039/file_contents/202601nenrei-zentai.pdf
202601,4,611,559,1170,https://cms.city.urasoe.lg.jp/doc/2024061900039/file_contents/202601nenrei-zentai.pdf
202601,29,727,666,1393,https://cms.city.urasoe.lg.jp/doc/2024061900039/file_contents/202601nenrei-zentai.pdf
202601,54,842,877,1719,https://cms.city.urasoe.lg.jp/doc/2024061900039/file_contents/202601nenrei-zentai.pdf
202601,79,267,316,583,https://cms.city.urasoe.lg.jp/doc/2024061900039/file_contents/202601nenrei-zentai.pdf
202601,5,616,578,1194,https://cms.city.urasoe.lg.jp/doc/2024061900039/file_contents/202601nenrei-zentai.pdf
202601,30,629,660,1289,https://cms.city.urasoe.lg.jp/doc/2024061900039/file_contents/202601nenrei-zentai.pdf
202601,55,767,858,1625,https://cms.city.urasoe.lg.jp/doc/2024061900039/file_contents/202601nenrei-zentai.pdf
202601,80,171,249,420,https://cms.city.urasoe.lg.jp/doc/2024061900039/file_contents/202601nenrei-zentai.pdf
202601,6,598,542,1140,https://cms.city.urasoe.lg.jp/doc/2024061900039/file_contents/202601nenrei-zentai.pdf
202601,31,633,677,1310,https://cms.city.urasoe.lg.jp/doc/2024061900039/file_contents/202601nenrei-zentai.pdf
202601,56,787,781,1568,https://cms.city.urasoe.lg.jp/doc/2024061900039/file_contents/202601nenrei-zentai.pdf
202601,81,276,380,656,https://cms.city.urasoe.lg.jp/doc/2024061900039/file_contents/202601nenrei-zentai.pdf
202601,7,585,552,1137,https://cms.city.urasoe.lg.jp/doc/2024061900039/file_contents/202601nenrei-zentai.pdf
202601,32,645,680,1325,https://cms.city.urasoe.lg.jp/doc/2024061900039/file_contents/202601nenrei-zentai.pdf
202601,57,830,868,1698,https://cms.city.urasoe.lg.jp/doc/2024061900039/file_contents/202601nenrei-zentai.pdf
202601,82,294,409,703,https://cms.city.urasoe.lg.jp/doc/2024061900039/file_contents/202601nenrei-zentai.pdf
202601,8,636,611,1247,https://cms.city.urasoe.lg.jp/doc/2024061900039/file_contents/202601nenrei-zentai.pdf
202601,33,626,638,1264,https://cms.city.urasoe.lg.jp/doc/2024061900039/file_contents/202601nenrei-zentai.pdf
202601,58,813,878,1691,https://cms.city.urasoe.lg.jp/doc/2024061900039/file_contents/202601nenrei-zentai.pdf
202601,83,279,388,667,https://cms.city.urasoe.lg.jp/doc/2024061900039/file_contents/202601nenrei-zentai.pdf
202601,9,610,644,1254,https://cms.city.urasoe.lg.jp/doc/2024061900039/file_contents/202601nenrei-zentai.pdf
202601,34,662,680,1342,https://cms.city.urasoe.lg.jp/doc/2024061900039/file_contents/202601nenrei-zentai.pdf
202601,59,641,661,1302,https://cms.city.urasoe.lg.jp/doc/2024061900039/file_contents/202601nenrei-zentai.pdf
202601,84,281,424,705,https://cms.city.urasoe.lg.jp/doc/2024061900039/file_contents/202601nenrei-zentai.pdf
202601,10,637,654,1291,https://cms.city.urasoe.lg.jp/doc/2024061900039/file_contents/202601nenrei-zentai.pdf
202601,35,656,705,1361,https://cms.city.urasoe.lg.jp/doc/2024061900039/file_contents/202601nenrei-zentai.pdf
202601,60,652,723,1375,https://cms.city.urasoe.lg.jp/doc/2024061900039/file_contents/202601nenrei-zentai.pdf
202601,85,257,388,645,https://cms.city.urasoe.lg.jp/doc/2024061900039/file_contents/202601nenrei-zentai.pdf
202601,11,641,597,1238,https://cms.city.urasoe.lg.jp/doc/2024061900039/file_contents/202601nenrei-zentai.pdf
202601,36,676,655,1331,https://cms.city.urasoe.lg.jp/doc/2024061900039/file_contents/202601nenrei-zentai.pdf
202601,61,655,709,1364,https://cms.city.urasoe.lg.jp/doc/2024061900039/file_contents/202601nenrei-zentai.pdf
202601,86,244,354,598,https://cms.city.urasoe.lg.jp/doc/2024061900039/file_contents/202601nenrei-zentai.pdf
202601,12,673,625,1298,https://cms.city.urasoe.lg.jp/doc/2024061900039/file_contents/202601nenrei-zentai.pdf
202601,37,652,742,1394,https://cms.city.urasoe.lg.jp/doc/2024061900039/file_contents/202601nenrei-zentai.pdf
202601,62,655,769,1424,https://cms.city.urasoe.lg.jp/doc/2024061900039/file_contents/202601nenrei-zentai.pdf
202601,87,237,298,535,https://cms.city.urasoe.lg.jp/doc/2024061900039/file_contents/202601nenrei-zentai.pdf
202601,13,698,691,1389,https://cms.city.urasoe.lg.jp/doc/2024061900039/file_contents/202601nenrei-zentai.pdf
202601,38,691,645,1336,https://cms.city.urasoe.lg.jp/doc/2024061900039/file_contents/202601nenrei-zentai.pdf
202601,63,627,700,1327,https://cms.city.urasoe.lg.jp/doc/2024061900039/file_contents/202601nenrei-zentai.pdf
202601,88,177,306,483,https://cms.city.urasoe.lg.jp/doc/2024061900039/file_contents/202601nenrei-zentai.pdf
202601,14,709,691,1400,https://cms.city.urasoe.lg.jp/doc/2024061900039/file_contents/202601nenrei-zentai.pdf
202601,39,753,739,1492,https://cms.city.urasoe.lg.jp/doc/2024061900039/file_contents/202601nenrei-zentai.pdf
202601,64,681,703,1384,https://cms.city.urasoe.lg.jp/doc/2024061900039/file_contents/202601nenrei-zentai.pdf
202601,89,146,284,430,https://cms.city.urasoe.lg.jp/doc/2024061900039/file_contents/202601nenrei-zentai.pdf
202601,15,661,681,1342,https://cms.city.urasoe.lg.jp/doc/2024061900039/file_contents/202601nenrei-zentai.pdf
202601,40,730,774,1504,https://cms.city.urasoe.lg.jp/doc/2024061900039/file_contents/202601nenrei-zentai.pdf
202601,65,644,655,1299,https://cms.city.urasoe.lg.jp/doc/2024061900039/file_contents/202601nenrei-zentai.pdf
202601,90,128,257,385,https://cms.city.urasoe.lg.jp/doc/2024061900039/file_contents/202601nenrei-zentai.pdf
202601,16,720,641,1361,https://cms.city.urasoe.lg.jp/doc/2024061900039/file_contents/202601nenrei-zentai.pdf
202601,41,744,793,1537,https://cms.city.urasoe.lg.jp/doc/2024061900039/file_contents/202601nenrei-zentai.pdf
202601,66,625,658,1283,https://cms.city.urasoe.lg.jp/doc/2024061900039/file_contents/202601nenrei-zentai.pdf
202601,91,101,223,324,https://cms.city.urasoe.lg.jp/doc/2024061900039/file_contents/202601nenrei-zentai.pdf
202601,17,699,700,1399,https://cms.city.urasoe.lg.jp/doc/2024061900039/file_contents/202601nenrei-zentai.pdf
202601,42,749,766,1515,https://cms.city.urasoe.lg.jp/doc/2024061900039/file_contents/202601nenrei-zentai.pdf
202601,67,641,646,1287,https://cms.city.urasoe.lg.jp/doc/2024061900039/file_contents/202601nenrei-zentai.pdf
202601,92,80,194,274,https://cms.city.urasoe.lg.jp/doc/2024061900039/file_contents/202601nenrei-zentai.pdf
202601,18,707,648,1355,https://cms.city.urasoe.lg.jp/doc/2024061900039/file_contents/202601nenrei-zentai.pdf
202601,43,715,706,1421,https://cms.city.urasoe.lg.jp/doc/2024061900039/file_contents/202601nenrei-zentai.pdf
202601,68,560,593,1153,https://cms.city.urasoe.lg.jp/doc/2024061900039/file_contents/202601nenrei-zentai.pdf
202601,93,56,148,204,https://cms.city.urasoe.lg.jp/doc/2024061900039/file_contents/202601nenrei-zentai.pdf
202601,19,703,659,1362,https://cms.city.urasoe.lg.jp/doc/2024061900039/file_contents/202601nenrei-zentai.pdf
202601,44,686,758,1444,https://cms.city.urasoe.lg.jp/doc/2024061900039/file_contents/202601nenrei-zentai.pdf
202601,69,556,622,1178,https://cms.city.urasoe.lg.jp/doc/2024061900039/file_contents/202601nenrei-zentai.pdf
202601,94,43,115,158,https://cms.city.urasoe.lg.jp/doc/2024061900039/file_contents/202601nenrei-zentai.pdf
202601,20,620,597,1217,https://cms.city.urasoe.lg.jp/doc/2024061900039/file_contents/202601nenrei-zentai.pdf
202601,45,727,759,1486,https://cms.city.urasoe.lg.jp/doc/2024061900039/file_contents/202601nenrei-zentai.pdf
202601,70,559,634,1193,https://cms.city.urasoe.lg.jp/doc/2024061900039/file_contents/202601nenrei-zentai.pdf
202601,95,33,92,125,https://cms.city.urasoe.lg.jp/doc/2024061900039/file_contents/202601nenrei-zentai.pdf
202601,21,668,628,1296,https://cms.city.urasoe.lg.jp/doc/2024061900039/file_contents/202601nenrei-zentai.pdf
202601,46,762,771,1533,https://cms.city.urasoe.lg.jp/doc/2024061900039/file_contents/202601nenrei-zentai.pdf
202601,71,567,675,1242,https://cms.city.urasoe.lg.jp/doc/2024061900039/file_contents/202601nenrei-zentai.pdf
202601,96,22,84,106,https://cms.city.urasoe.lg.jp/doc/2024061900039/file_contents/202601nenrei-zentai.pdf
202601,22,659,653,1312,https://cms.city.urasoe.lg.jp/doc/2024061900039/file_contents/202601nenrei-zentai.pdf
202601,47,809,799,1608,https://cms.city.urasoe.lg.jp/doc/2024061900039/file_contents/202601nenrei-zentai.pdf
202601,72,577,674,1251,https://cms.city.urasoe.lg.jp/doc/2024061900039/file_contents/202601nenrei-zentai.pdf
202601,97,21,57,78,https://cms.city.urasoe.lg.jp/doc/2024061900039/file_contents/202601nenrei-zentai.pdf
202601,23,666,617,1283,https://cms.city.urasoe.lg.jp/doc/2024061900039/file_contents/202601nenrei-zentai.pdf
202601,48,757,791,1548,https://cms.city.urasoe.lg.jp/doc/2024061900039/file_contents/202601nenrei-zentai.pdf
202601,73,600,710,1310,https://cms.city.urasoe.lg.jp/doc/2024061900039/file_contents/202601nenrei-zentai.pdf
202601,98,9,51,60,https://cms.city.urasoe.lg.jp/doc/2024061900039/file_contents/202601nenrei-zentai.pdf
202601,24,653,649,1302,https://cms.city.urasoe.lg.jp/doc/2024061900039/file_contents/202601nenrei-zentai.pdf
202601,49,824,879,1703,https://cms.city.urasoe.lg.jp/doc/2024061900039/file_contents/202601nenrei-zentai.pdf
202601,74,567,746,1313,https://cms.city.urasoe.lg.jp/doc/2024061900039/file_contents/202601nenrei-zentai.pdf
202601,99,2,27,29,https://cms.city.urasoe.lg.jp/doc/2024061900039/file_contents/202601nenrei-zentai.pdf
202601,100,0,23,23,https://cms.city.urasoe.lg.jp/doc/2024061900039/file_contents/202601nenrei-zentai.pdf
202601,101,1,12,13,https://cms.city.urasoe.lg.jp/doc/2024061900039/file_contents/202601nenrei-zentai.pdf
202602,0,486,479,965,https://cms.city.urasoe.lg.jp/doc/2024061900039/file_contents/202602nenrei-zentai.pdf
202602,25,645,639,1284,https://cms.city.urasoe.lg.jp/doc/2024061900039/file_contents/202602nenrei-zentai.pdf
202602,50,864,867,1731,https://cms.city.urasoe.lg.jp/doc/2024061900039/file_contents/202602nenrei-zentai.pdf
202602,75,597,698,1295,https://cms.city.urasoe.lg.jp/doc/2024061900039/file_contents/202602nenrei-zentai.pdf
202602,1,491,488,979,https://cms.city.urasoe.lg.jp/doc/2024061900039/file_contents/202602nenrei-zentai.pdf
202602,26,648,620,1268,https://cms.city.urasoe.lg.jp/doc/2024061900039/file_contents/202602nenrei-zentai.pdf
202602,51,921,946,1867,https://cms.city.urasoe.lg.jp/doc/2024061900039/file_contents/202602nenrei-zentai.pdf
202602,76,519,608,1127,https://cms.city.urasoe.lg.jp/doc/2024061900039/file_contents/202602nenrei-zentai.pdf
202602,2,518,478,996,https://cms.city.urasoe.lg.jp/doc/2024061900039/file_contents/202602nenrei-zentai.pdf
202602,27,670,647,1317,https://cms.city.urasoe.lg.jp/doc/2024061900039/file_contents/202602nenrei-zentai.pdf
202602,52,924,995,1919,https://cms.city.urasoe.lg.jp/doc/2024061900039/file_contents/202602nenrei-zentai.pdf
202602,77,524,608,1132,https://cms.city.urasoe.lg.jp/doc/2024061900039/file_contents/202602nenrei-zentai.pdf
202602,3,562,517,1079,https://cms.city.urasoe.lg.jp/doc/2024061900039/file_contents/202602nenrei-zentai.pdf
202602,28,647,674,1321,https://cms.city.urasoe.lg.jp/doc/2024061900039/file_contents/202602nenrei-zentai.pdf
202602,53,869,898,1767,https://cms.city.urasoe.lg.jp/doc/2024061900039/file_contents/202602nenrei-zentai.pdf
202602,78,534,616,1150,https://cms.city.urasoe.lg.jp/doc/2024061900039/file_contents/202602nenrei-zentai.pdf
202602,4,610,561,1171,https://cms.city.urasoe.lg.jp/doc/2024061900039/file_contents/202602nenrei-zentai.pdf
202602,29,706,648,1354,https://cms.city.urasoe.lg.jp/doc/2024061900039/file_contents/202602nenrei-zentai.pdf
202602,54,848,868,1716,https://cms.city.urasoe.lg.jp/doc/2024061900039/file_contents/202602nenrei-zentai.pdf
202602,79,287,335,622,https://cms.city.urasoe.lg.jp/doc/2024061900039/file_contents/202602nenrei-zentai.pdf
202602,5,618,572,1190,https://cms.city.urasoe.lg.jp/doc/2024061900039/file_contents/202602nenrei-zentai.pdf
202602,30,644,679,1323,https://cms.city.urasoe.lg.jp/doc/2024061900039/file_contents/202602nenrei-zentai.pdf
202602,55,791,857,1648,https://cms.city.urasoe.lg.jp/doc/2024061900039/file_contents/202602nenrei-zentai.pdf
202602,80,171,245,416,https://cms.city.urasoe.lg.jp/doc/2024061900039/file_contents/202602nenrei-zentai.pdf
202602,6,595,538,1133,https://cms.city.urasoe.lg.jp/doc/2024061900039/file_contents/202602nenrei-zentai.pdf
202602,31,629,677,1306,https://cms.city.urasoe.lg.jp/doc/2024061900039/file_contents/202602nenrei-zentai.pdf
202602,56,773,774,1547,https://cms.city.urasoe.lg.jp/doc/2024061900039/file_contents/202602nenrei-zentai.pdf
202602,81,254,369,623,https://cms.city.urasoe.lg.jp/doc/2024061900039/file_contents/202602nenrei-zentai.pdf
202602,7,582,558,1140,https://cms.city.urasoe.lg.jp/doc/2024061900039/file_contents/202602nenrei-zentai.pdf
202602,32,640,667,1307,https://cms.city.urasoe.lg.jp/doc/2024061900039/file_contents/202602nenrei-zentai.pdf
202602,57,834,877,1711,https://cms.city.urasoe.lg.jp/doc/2024061900039/file_contents/202602nenrei-zentai.pdf
202602,82,306,408,714,https://cms.city.urasoe.lg.jp/doc/2024061900039/file_contents/202602nenrei-zentai.pdf
202602,8,622,594,1216,https://cms.city.urasoe.lg.jp/doc/2024061900039/file_contents/202602nenrei-zentai.pdf
202602,33,643,651,1294,https://cms.city.urasoe.lg.jp/doc/2024061900039/file_contents/202602nenrei-zentai.pdf
202602,58,812,867,1679,https://cms.city.urasoe.lg.jp/doc/2024061900039/file_contents/202602nenrei-zentai.pdf
202602,83,273,399,672,https://cms.city.urasoe.lg.jp/doc/2024061900039/file_contents/202602nenrei-zentai.pdf
202602,9,619,661,1280,https://cms.city.urasoe.lg.jp/doc/2024061900039/file_contents/202602nenrei-zentai.pdf
202602,34,658,669,1327,https://cms.city.urasoe.lg.jp/doc/2024061900039/file_contents/202602nenrei-zentai.pdf
202602,59,645,686,1331,https://cms.city.urasoe.lg.jp/doc/2024061900039/file_contents/202602nenrei-zentai.pdf
202602,84,270,420,690,https://cms.city.urasoe.lg.jp/doc/2024061900039/file_contents/202602nenrei-zentai.pdf
202602,10,635,636,1271,https://cms.city.urasoe.lg.jp/doc/2024061900039/file_contents/202602nenrei-zentai.pdf
202602,35,656,723,1379,https://cms.city.urasoe.lg.jp/doc/2024061900039/file_contents/202602nenrei-zentai.pdf
202602,60,660,720,1380,https://cms.city.urasoe.lg.jp/doc/2024061900039/file_contents/202602nenrei-zentai.pdf
202602,85,272,380,652,https://cms.city.urasoe.lg.jp/doc/2024061900039/file_contents/202602nenrei-zentai.pdf
202602,11,638,612,1250,https://cms.city.urasoe.lg.jp/doc/2024061900039/file_contents/202602nenrei-zentai.pdf
202602,36,675,650,1325,https://cms.city.urasoe.lg.jp/doc/2024061900039/file_contents/202602nenrei-zentai.pdf
202602,61,641,700,1341,https://cms.city.urasoe.lg.jp/doc/2024061900039/file_contents/202602nenrei-zentai.pdf
202602,86,240,363,603,https://cms.city.urasoe.lg.jp/doc/2024061900039/file_contents/202602nenrei-zentai.pdf
202602,12,686,621,1307,https://cms.city.urasoe.lg.jp/doc/2024061900039/file_contents/202602nenrei-zentai.pdf
202602,37,654,728,1382,https://cms.city.urasoe.lg.jp/doc/2024061900039/file_contents/202602nenrei-zentai.pdf
202602,62,661,764,1425,https://cms.city.urasoe.lg.jp/doc/2024061900039/file_contents/202602nenrei-zentai.pdf
202602,87,236,289,525,https://cms.city.urasoe.lg.jp/doc/2024061900039/file_contents/202602nenrei-zentai.pdf
202602,13,680,673,1353,https://cms.city.urasoe.lg.jp/doc/2024061900039/file_contents/202602nenrei-zentai.pdf
202602,38,678,653,1331,https://cms.city.urasoe.lg.jp/doc/2024061900039/file_contents/202602nenrei-zentai.pdf
202602,63,610,720,1330,https://cms.city.urasoe.lg.jp/doc/2024061900039/file_contents/202602nenrei-zentai.pdf
202602,88,184,304,488,https://cms.city.urasoe.lg.jp/doc/2024061900039/file_contents/202602nenrei-zentai.pdf
202602,14,704,700,1404,https://cms.city.urasoe.lg.jp/doc/2024061900039/file_contents/202602nenrei-zentai.pdf
202602,39,756,736,1492,https://cms.city.urasoe.lg.jp/doc/2024061900039/file_contents/202602nenrei-zentai.pdf
202602,64,685,690,1375,https://cms.city.urasoe.lg.jp/doc/2024061900039/file_contents/202602nenrei-zentai.pdf
202602,89,136,274,410,https://cms.city.urasoe.lg.jp/doc/2024061900039/file_contents/202602nenrei-zentai.pdf
202602,15,674,683,1357,https://cms.city.urasoe.lg.jp/doc/2024061900039/file_contents/202602nenrei-zentai.pdf
202602,40,724,751,1475,https://cms.city.urasoe.lg.jp/doc/2024061900039/file_contents/202602nenrei-zentai.pdf
202602,65,649,667,1316,https://cms.city.urasoe.lg.jp/doc/2024061900039/file_contents/202602nenrei-zentai.pdf
202602,90,133,256,389,https://cms.city.urasoe.lg.jp/doc/2024061900039/file_contents/202602nenrei-zentai.pdf
202602,16,719,641,1360,https://cms.city.urasoe.lg.jp/doc/2024061900039/file_contents/202602nenrei-zentai.pdf
202602,41,731,812,1543,https://cms.city.urasoe.lg.jp/doc/2024061900039/file_contents/202602nenrei-zentai.pdf
202602,66,626,664,1290,https://cms.city.urasoe.lg.jp/doc/2024061900039/file_contents/202602nenrei-zentai.pdf
202602,91,105,231,336,https://cms.city.urasoe.lg.jp/doc/2024061900039/file_contents/202602nenrei-zentai.pdf
202602,17,701,686,1387,https://cms.city.urasoe.lg.jp/doc/2024061900039/file_contents/202602nenrei-zentai.pdf
202602,42,771,762,1533,https://cms.city.urasoe.lg.jp/doc/2024061900039/file_contents/202602nenrei-zentai.pdf
202602,67,648,647,1295,https://cms.city.urasoe.lg.jp/doc/2024061900039/file_contents/202602nenrei-zentai.pdf
202602,92,75,199,274,https://cms.city.urasoe.lg.jp/doc/2024061900039/file_contents/202602nenrei-zentai.pdf
202602,18,697,657,1354,https://cms.city.urasoe.lg.jp/doc/2024061900039/file_contents/202602nenrei-zentai.pdf
202602,43,707,707,1414,https://cms.city.urasoe.lg.jp/doc/2024061900039/file_contents/202602nenrei-zentai.pdf
202602,68,534,585,1119,https://cms.city.urasoe.lg.jp/doc/2024061900039/file_contents/202602nenrei-zentai.pdf
202602,93,61,149,210,https://cms.city.urasoe.lg.jp/doc/2024061900039/file_contents/202602nenrei-zentai.pdf
202602,19,697,663,1360,https://cms.city.urasoe.lg.jp/doc/2024061900039/file_contents/202602nenrei-zentai.pdf
202602,44,687,763,1450,https://cms.city.urasoe.lg.jp/doc/2024061900039/file_contents/202602nenrei-zentai.pdf
202602,69,587,625,1212,https://cms.city.urasoe.lg.jp/doc/2024061900039/file_contents/202602nenrei-zentai.pdf
202602,94,44,116,160,https://cms.city.urasoe.lg.jp/doc/2024061900039/file_contents/202602nenrei-zentai.pdf
202602,20,634,610,1244,https://cms.city.urasoe.lg.jp/doc/2024061900039/file_contents/202602nenrei-zentai.pdf
202602,45,742,749,1491,https://cms.city.urasoe.lg.jp/doc/2024061900039/file_contents/202602nenrei-zentai.pdf
202602,70,529,620,1149,https://cms.city.urasoe.lg.jp/doc/2024061900039/file_contents/202602nenrei-zentai.pdf
202602,95,32,94,126,https://cms.city.urasoe.lg.jp/doc/2024061900039/file_contents/202602nenrei-zentai.pdf
202602,21,659,617,1276,https://cms.city.urasoe.lg.jp/doc/2024061900039/file_contents/202602nenrei-zentai.pdf
202602,46,754,765,1519,https://cms.city.urasoe.lg.jp/doc/2024061900039/file_contents/202602nenrei-zentai.pdf
202602,71,575,681,1256,https://cms.city.urasoe.lg.jp/doc/2024061900039/file_contents/202602nenrei-zentai.pdf
202602,96,22,80,102,https://cms.city.urasoe.lg.jp/doc/2024061900039/file_contents/202602nenrei-zentai.pdf
202602,22,671,639,1310,https://cms.city.urasoe.lg.jp/doc/2024061900039/file_contents/202602nenrei-zentai.pdf
202602,47,795,795,1590,https://cms.city.urasoe.lg.jp/doc/2024061900039/file_contents/202602nenrei-zentai.pdf
202602,72,570,679,1249,https://cms.city.urasoe.lg.jp/doc/2024061900039/file_contents/202602nenrei-zentai.pdf
202602,97,21,55,76,https://cms.city.urasoe.lg.jp/doc/2024061900039/file_contents/202602nenrei-zentai.pdf
202602,23,670,644,1314,https://cms.city.urasoe.lg.jp/doc/2024061900039/file_contents/202602nenrei-zentai.pdf
202602,48,772,780,1552,https://cms.city.urasoe.lg.jp/doc/2024061900039/file_contents/202602nenrei-zentai.pdf
202602,73,609,703,1312,https://cms.city.urasoe.lg.jp/doc/2024061900039/file_contents/202602nenrei-zentai.pdf
202602,98,9,52,61,https://cms.city.urasoe.lg.jp/doc/2024061900039/file_contents/202602nenrei-zentai.pdf
202602,24,650,623,1273,https://cms.city.urasoe.lg.jp/doc/2024061900039/file_contents/202602nenrei-zentai.pdf
202602,49,807,876,1683,https://cms.city.urasoe.lg.jp/doc/2024061900039/file_contents/202602nenrei-zentai.pdf
202602,74,578,735,1313,https://cms.city.urasoe.lg.jp/doc/2024061900039/file_contents/202602nenrei-zentai.pdf
202602,99,2,28,30,https://cms.city.urasoe.lg.jp/doc/2024061900039/file_contents/202602nenrei-zentai.pdf
202602,100,0,18,18,https://cms.city.urasoe.lg.jp/doc/2024061900039/file_contents/202602nenrei-zentai.pdf
202602,101,0,17,17,https://cms.city.urasoe.lg.jp/doc/2024061900039/file_contents/202602nenrei-zentai.pdf
202603,0,483,488,971,https://cms.city.urasoe.lg.jp/doc/2024061900039/file_contents/202603nenrei-zentai.pdf
202603,25,634,628,1262,https://cms.city.urasoe.lg.jp/doc/2024061900039/file_contents/202603nenrei-zentai.pdf
202603,50,864,879,1743,https://cms.city.urasoe.lg.jp/doc/2024061900039/file_contents/202603nenrei-zentai.pdf
202603,75,617,721,1338,https://cms.city.urasoe.lg.jp/doc/2024061900039/file_contents/202603nenrei-zentai.pdf
202603,1,483,471,954,https://cms.city.urasoe.lg.jp/doc/2024061900039/file_contents/202603nenrei-zentai.pdf
202603,26,624,604,1228,https://cms.city.urasoe.lg.jp/doc/2024061900039/file_contents/202603nenrei-zentai.pdf
202603,51,896,932,1828,https://cms.city.urasoe.lg.jp/doc/2024061900039/file_contents/202603nenrei-zentai.pdf
202603,76,514,615,1129,https://cms.city.urasoe.lg.jp/doc/2024061900039/file_contents/202603nenrei-zentai.pdf
202603,2,517,476,993,https://cms.city.urasoe.lg.jp/doc/2024061900039/file_contents/202603nenrei-zentai.pdf
202603,27,665,642,1307,https://cms.city.urasoe.lg.jp/doc/2024061900039/file_contents/202603nenrei-zentai.pdf
202603,52,936,998,1934,https://cms.city.urasoe.lg.jp/doc/2024061900039/file_contents/202603nenrei-zentai.pdf
202603,77,516,597,1113,https://cms.city.urasoe.lg.jp/doc/2024061900039/file_contents/202603nenrei-zentai.pdf
202603,3,558,505,1063,https://cms.city.urasoe.lg.jp/doc/2024061900039/file_contents/202603nenrei-zentai.pdf
202603,28,658,668,1326,https://cms.city.urasoe.lg.jp/doc/2024061900039/file_contents/202603nenrei-zentai.pdf
202603,53,896,914,1810,https://cms.city.urasoe.lg.jp/doc/2024061900039/file_contents/202603nenrei-zentai.pdf
202603,78,548,619,1167,https://cms.city.urasoe.lg.jp/doc/2024061900039/file_contents/202603nenrei-zentai.pdf
202603,4,605,566,1171,https://cms.city.urasoe.lg.jp/doc/2024061900039/file_contents/202603nenrei-zentai.pdf
202603,29,695,652,1347,https://cms.city.urasoe.lg.jp/doc/2024061900039/file_contents/202603nenrei-zentai.pdf
202603,54,836,846,1682,https://cms.city.urasoe.lg.jp/doc/2024061900039/file_contents/202603nenrei-zentai.pdf
202603,79,306,360,666,https://cms.city.urasoe.lg.jp/doc/2024061900039/file_contents/202603nenrei-zentai.pdf
202603,5,622,566,1188,https://cms.city.urasoe.lg.jp/doc/2024061900039/file_contents/202603nenrei-zentai.pdf
202603,30,635,677,1312,https://cms.city.urasoe.lg.jp/doc/2024061900039/file_contents/202603nenrei-zentai.pdf
202603,55,776,865,1641,https://cms.city.urasoe.lg.jp/doc/2024061900039/file_contents/202603nenrei-zentai.pdf
202603,80,168,240,408,https://cms.city.urasoe.lg.jp/doc/2024061900039/file_contents/202603nenrei-zentai.pdf
202603,6,580,544,1124,https://cms.city.urasoe.lg.jp/doc/2024061900039/file_contents/202603nenrei-zentai.pdf
202603,31,624,673,1297,https://cms.city.urasoe.lg.jp/doc/2024061900039/file_contents/202603nenrei-zentai.pdf
202603,56,777,771,1548,https://cms.city.urasoe.lg.jp/doc/2024061900039/file_contents/202603nenrei-zentai.pdf
202603,81,240,350,590,https://cms.city.urasoe.lg.jp/doc/2024061900039/file_contents/202603nenrei-zentai.pdf
202603,7,575,551,1126,https://cms.city.urasoe.lg.jp/doc/2024061900039/file_contents/202603nenrei-zentai.pdf
202603,32,627,663,1290,https://cms.city.urasoe.lg.jp/doc/2024061900039/file_contents/202603nenrei-zentai.pdf
202603,57,831,877,1708,https://cms.city.urasoe.lg.jp/doc/2024061900039/file_contents/202603nenrei-zentai.pdf
202603,82,315,428,743,https://cms.city.urasoe.lg.jp/doc/2024061900039/file_contents/202603nenrei-zentai.pdf
202603,8,621,594,1215,https://cms.city.urasoe.lg.jp/doc/2024061900039/file_contents/202603nenrei-zentai.pdf
202603,33,663,652,1315,https://cms.city.urasoe.lg.jp/doc/2024061900039/file_contents/202603nenrei-zentai.pdf
202603,58,821,877,1698,https://cms.city.urasoe.lg.jp/doc/2024061900039/file_contents/202603nenrei-zentai.pdf
202603,83,271,397,668,https://cms.city.urasoe.lg.jp/doc/2024061900039/file_contents/202603nenrei-zentai.pdf
202603,9,622,664,1286,https://cms.city.urasoe.lg.jp/doc/2024061900039/file_contents/202603nenrei-zentai.pdf
202603,34,649,666,1315,https://cms.city.urasoe.lg.jp/doc/2024061900039/file_contents/202603nenrei-zentai.pdf
202603,59,669,696,1365,https://cms.city.urasoe.lg.jp/doc/2024061900039/file_contents/202603nenrei-zentai.pdf
202603,84,270,408,678,https://cms.city.urasoe.lg.jp/doc/2024061900039/file_contents/202603nenrei-zentai.pdf
202603,10,640,623,1263,https://cms.city.urasoe.lg.jp/doc/2024061900039/file_contents/202603nenrei-zentai.pdf
202603,35,659,710,1369,https://cms.city.urasoe.lg.jp/doc/2024061900039/file_contents/202603nenrei-zentai.pdf
202603,60,645,703,1348,https://cms.city.urasoe.lg.jp/doc/2024061900039/file_contents/202603nenrei-zentai.pdf
202603,85,278,362,640,https://cms.city.urasoe.lg.jp/doc/2024061900039/file_contents/202603nenrei-zentai.pdf
202603,11,645,627,1272,https://cms.city.urasoe.lg.jp/doc/2024061900039/file_contents/202603nenrei-zentai.pdf
202603,36,640,656,1296,https://cms.city.urasoe.lg.jp/doc/2024061900039/file_contents/202603nenrei-zentai.pdf
202603,61,636,698,1334,https://cms.city.urasoe.lg.jp/doc/2024061900039/file_contents/202603nenrei-zentai.pdf
202603,86,243,380,623,https://cms.city.urasoe.lg.jp/doc/2024061900039/file_contents/202603nenrei-zentai.pdf
202603,12,670,618,1288,https://cms.city.urasoe.lg.jp/doc/2024061900039/file_contents/202603nenrei-zentai.pdf
202603,37,681,717,1398,https://cms.city.urasoe.lg.jp/doc/2024061900039/file_contents/202603nenrei-zentai.pdf
202603,62,654,759,1413,https://cms.city.urasoe.lg.jp/doc/2024061900039/file_contents/202603nenrei-zentai.pdf
202603,87,224,293,517,https://cms.city.urasoe.lg.jp/doc/2024061900039/file_contents/202603nenrei-zentai.pdf
202603,13,700,671,1371,https://cms.city.urasoe.lg.jp/doc/2024061900039/file_contents/202603nenrei-zentai.pdf
202603,38,676,647,1323,https://cms.city.urasoe.lg.jp/doc/2024061900039/file_contents/202603nenrei-zentai.pdf
202603,63,625,741,1366,https://cms.city.urasoe.lg.jp/doc/2024061900039/file_contents/202603nenrei-zentai.pdf
202603,88,190,298,488,https://cms.city.urasoe.lg.jp/doc/2024061900039/file_contents/202603nenrei-zentai.pdf
202603,14,688,688,1376,https://cms.city.urasoe.lg.jp/doc/2024061900039/file_contents/202603nenrei-zentai.pdf
202603,39,751,742,1493,https://cms.city.urasoe.lg.jp/doc/2024061900039/file_contents/202603nenrei-zentai.pdf
202603,64,661,676,1337,https://cms.city.urasoe.lg.jp/doc/2024061900039/file_contents/202603nenrei-zentai.pdf
202603,89,130,272,402,https://cms.city.urasoe.lg.jp/doc/2024061900039/file_contents/202603nenrei-zentai.pdf
202603,15,674,684,1358,https://cms.city.urasoe.lg.jp/doc/2024061900039/file_contents/202603nenrei-zentai.pdf
202603,40,715,742,1457,https://cms.city.urasoe.lg.jp/doc/2024061900039/file_contents/202603nenrei-zentai.pdf
202603,65,651,674,1325,https://cms.city.urasoe.lg.jp/doc/2024061900039/file_contents/202603nenrei-zentai.pdf
202603,90,134,271,405,https://cms.city.urasoe.lg.jp/doc/2024061900039/file_contents/202603nenrei-zentai.pdf
202603,16,723,649,1372,https://cms.city.urasoe.lg.jp/doc/2024061900039/file_contents/202603nenrei-zentai.pdf
202603,41,730,801,1531,https://cms.city.urasoe.lg.jp/doc/2024061900039/file_contents/202603nenrei-zentai.pdf
202603,66,630,659,1289,https://cms.city.urasoe.lg.jp/doc/2024061900039/file_contents/202603nenrei-zentai.pdf
202603,91,113,227,340,https://cms.city.urasoe.lg.jp/doc/2024061900039/file_contents/202603nenrei-zentai.pdf
202603,17,707,692,1399,https://cms.city.urasoe.lg.jp/doc/2024061900039/file_contents/202603nenrei-zentai.pdf
202603,42,775,774,1549,https://cms.city.urasoe.lg.jp/doc/2024061900039/file_contents/202603nenrei-zentai.pdf
202603,67,645,649,1294,https://cms.city.urasoe.lg.jp/doc/2024061900039/file_contents/202603nenrei-zentai.pdf
202603,92,71,200,271,https://cms.city.urasoe.lg.jp/doc/2024061900039/file_contents/202603nenrei-zentai.pdf
202603,18,652,594,1246,https://cms.city.urasoe.lg.jp/doc/2024061900039/file_contents/202603nenrei-zentai.pdf
202603,43,701,717,1418,https://cms.city.urasoe.lg.jp/doc/2024061900039/file_contents/202603nenrei-zentai.pdf
202603,68,547,587,1134,https://cms.city.urasoe.lg.jp/doc/2024061900039/file_contents/202603nenrei-zentai.pdf
202603,93,67,140,207,https://cms.city.urasoe.lg.jp/doc/2024061900039/file_contents/202603nenrei-zentai.pdf
202603,19,685,653,1338,https://cms.city.urasoe.lg.jp/doc/2024061900039/file_contents/202603nenrei-zentai.pdf
202603,44,677,761,1438,https://cms.city.urasoe.lg.jp/doc/2024061900039/file_contents/202603nenrei-zentai.pdf
202603,69,582,619,1201,https://cms.city.urasoe.lg.jp/doc/2024061900039/file_contents/202603nenrei-zentai.pdf
202603,94,44,119,163,https://cms.city.urasoe.lg.jp/doc/2024061900039/file_contents/202603nenrei-zentai.pdf
202603,20,598,584,1182,https://cms.city.urasoe.lg.jp/doc/2024061900039/file_contents/202603nenrei-zentai.pdf
202603,45,742,740,1482,https://cms.city.urasoe.lg.jp/doc/2024061900039/file_contents/202603nenrei-zentai.pdf
202603,70,528,621,1149,https://cms.city.urasoe.lg.jp/doc/2024061900039/file_contents/202603nenrei-zentai.pdf
202603,95,31,97,128,https://cms.city.urasoe.lg.jp/doc/2024061900039/file_contents/202603nenrei-zentai.pdf
202603,21,622,573,1195,https://cms.city.urasoe.lg.jp/doc/2024061900039/file_contents/202603nenrei-zentai.pdf
202603,46,744,768,1512,https://cms.city.urasoe.lg.jp/doc/2024061900039/file_contents/202603nenrei-zentai.pdf
202603,71,570,678,1248,https://cms.city.urasoe.lg.jp/doc/2024061900039/file_contents/202603nenrei-zentai.pdf
202603,96,21,77,98,https://cms.city.urasoe.lg.jp/doc/2024061900039/file_contents/202603nenrei-zentai.pdf
202603,22,626,610,1236,https://cms.city.urasoe.lg.jp/doc/2024061900039/file_contents/202603nenrei-zentai.pdf
202603,47,792,792,1584,https://cms.city.urasoe.lg.jp/doc/2024061900039/file_contents/202603nenrei-zentai.pdf
202603,72,576,673,1249,https://cms.city.urasoe.lg.jp/doc/2024061900039/file_contents/202603nenrei-zentai.pdf
202603,97,23,62,85,https://cms.city.urasoe.lg.jp/doc/2024061900039/file_contents/202603nenrei-zentai.pdf
202603,23,667,619,1286,https://cms.city.urasoe.lg.jp/doc/2024061900039/file_contents/202603nenrei-zentai.pdf
202603,48,777,786,1563,https://cms.city.urasoe.lg.jp/doc/2024061900039/file_contents/202603nenrei-zentai.pdf
202603,73,601,714,1315,https://cms.city.urasoe.lg.jp/doc/2024061900039/file_contents/202603nenrei-zentai.pdf
202603,98,10,49,59,https://cms.city.urasoe.lg.jp/doc/2024061900039/file_contents/202603nenrei-zentai.pdf
202603,24,646,607,1253,https://cms.city.urasoe.lg.jp/doc/2024061900039/file_contents/202603nenrei-zentai.pdf
202603,49,809,852,1661,https://cms.city.urasoe.lg.jp/doc/2024061900039/file_contents/202603nenrei-zentai.pdf
202603,74,560,709,1269,https://cms.city.urasoe.lg.jp/doc/2024061900039/file_contents/202603nenrei-zentai.pdf
202603,99,2,28,30,https://cms.city.urasoe.lg.jp/doc/2024061900039/file_contents/202603nenrei-zentai.pdf
202603,100,0,21,21,https://cms.city.urasoe.lg.jp/doc/2024061900039/file_contents/202603nenrei-zentai.pdf
202603,101,0,15,15,https://cms.city.urasoe.lg.jp/doc/2024061900039/file_contents/202603nenrei-zentai.pdf
202604,0,498,490,988,https://cms.city.urasoe.lg.jp/doc/2024061900039/file_contents/202604nenrei-zentai.pdf
202604,25,646,625,1271,https://cms.city.urasoe.lg.jp/doc/2024061900039/file_contents/202604nenrei-zentai.pdf
202604,50,855,871,1726,https://cms.city.urasoe.lg.jp/doc/2024061900039/file_contents/202604nenrei-zentai.pdf
202604,75,615,711,1326,https://cms.city.urasoe.lg.jp/doc/2024061900039/file_contents/202604nenrei-zentai.pdf
202604,1,467,468,935,https://cms.city.urasoe.lg.jp/doc/2024061900039/file_contents/202604nenrei-zentai.pdf
202604,26,621,620,1241,https://cms.city.urasoe.lg.jp/doc/2024061900039/file_contents/202604nenrei-zentai.pdf
202604,51,890,935,1825,https://cms.city.urasoe.lg.jp/doc/2024061900039/file_contents/202604nenrei-zentai.pdf
202604,76,523,625,1148,https://cms.city.urasoe.lg.jp/doc/2024061900039/file_contents/202604nenrei-zentai.pdf
202604,2,530,458,988,https://cms.city.urasoe.lg.jp/doc/2024061900039/file_contents/202604nenrei-zentai.pdf
202604,27,666,635,1301,https://cms.city.urasoe.lg.jp/doc/2024061900039/file_contents/202604nenrei-zentai.pdf
202604,52,947,995,1942,https://cms.city.urasoe.lg.jp/doc/2024061900039/file_contents/202604nenrei-zentai.pdf
202604,77,508,597,1105,https://cms.city.urasoe.lg.jp/doc/2024061900039/file_contents/202604nenrei-zentai.pdf
202604,3,537,513,1050,https://cms.city.urasoe.lg.jp/doc/2024061900039/file_contents/202604nenrei-zentai.pdf
202604,28,673,659,1332,https://cms.city.urasoe.lg.jp/doc/2024061900039/file_contents/202604nenrei-zentai.pdf
202604,53,887,921,1808,https://cms.city.urasoe.lg.jp/doc/2024061900039/file_contents/202604nenrei-zentai.pdf
202604,78,546,625,1171,https://cms.city.urasoe.lg.jp/doc/2024061900039/file_contents/202604nenrei-zentai.pdf
202604,4,604,565,1169,https://cms.city.urasoe.lg.jp/doc/2024061900039/file_contents/202604nenrei-zentai.pdf
202604,29,706,659,1365,https://cms.city.urasoe.lg.jp/doc/2024061900039/file_contents/202604nenrei-zentai.pdf
202604,54,846,858,1704,https://cms.city.urasoe.lg.jp/doc/2024061900039/file_contents/202604nenrei-zentai.pdf
202604,79,332,385,717,https://cms.city.urasoe.lg.jp/doc/2024061900039/file_contents/202604nenrei-zentai.pdf
202604,5,611,548,1159,https://cms.city.urasoe.lg.jp/doc/2024061900039/file_contents/202604nenrei-zentai.pdf
202604,30,641,694,1335,https://cms.city.urasoe.lg.jp/doc/2024061900039/file_contents/202604nenrei-zentai.pdf
202604,55,785,857,1642,https://cms.city.urasoe.lg.jp/doc/2024061900039/file_contents/202604nenrei-zentai.pdf
202604,80,169,236,405,https://cms.city.urasoe.lg.jp/doc/2024061900039/file_contents/202604nenrei-zentai.pdf
202604,6,583,550,1133,https://cms.city.urasoe.lg.jp/doc/2024061900039/file_contents/202604nenrei-zentai.pdf
202604,31,613,665,1278,https://cms.city.urasoe.lg.jp/doc/2024061900039/file_contents/202604nenrei-zentai.pdf
202604,56,796,772,1568,https://cms.city.urasoe.lg.jp/doc/2024061900039/file_contents/202604nenrei-zentai.pdf
202604,81,233,347,580,https://cms.city.urasoe.lg.jp/doc/2024061900039/file_contents/202604nenrei-zentai.pdf
202604,7,599,580,1179,https://cms.city.urasoe.lg.jp/doc/2024061900039/file_contents/202604nenrei-zentai.pdf
202604,32,640,668,1308,https://cms.city.urasoe.lg.jp/doc/2024061900039/file_contents/202604nenrei-zentai.pdf
202604,57,829,878,1707,https://cms.city.urasoe.lg.jp/doc/2024061900039/file_contents/202604nenrei-zentai.pdf
202604,82,322,415,737,https://cms.city.urasoe.lg.jp/doc/2024061900039/file_contents/202604nenrei-zentai.pdf
202604,8,610,577,1187,https://cms.city.urasoe.lg.jp/doc/2024061900039/file_contents/202604nenrei-zentai.pdf
202604,33,645,653,1298,https://cms.city.urasoe.lg.jp/doc/2024061900039/file_contents/202604nenrei-zentai.pdf
202604,58,823,877,1700,https://cms.city.urasoe.lg.jp/doc/2024061900039/file_contents/202604nenrei-zentai.pdf
202604,83,267,406,673,https://cms.city.urasoe.lg.jp/doc/2024061900039/file_contents/202604nenrei-zentai.pdf
202604,9,619,661,1280,https://cms.city.urasoe.lg.jp/doc/2024061900039/file_contents/202604nenrei-zentai.pdf
202604,34,656,670,1326,https://cms.city.urasoe.lg.jp/doc/2024061900039/file_contents/202604nenrei-zentai.pdf
202604,59,662,703,1365,https://cms.city.urasoe.lg.jp/doc/2024061900039/file_contents/202604nenrei-zentai.pdf
202604,84,270,398,668,https://cms.city.urasoe.lg.jp/doc/2024061900039/file_contents/202604nenrei-zentai.pdf
202604,10,646,625,1271,https://cms.city.urasoe.lg.jp/doc/2024061900039/file_contents/202604nenrei-zentai.pdf
202604,35,651,697,1348,https://cms.city.urasoe.lg.jp/doc/2024061900039/file_contents/202604nenrei-zentai.pdf
202604,60,641,688,1329,https://cms.city.urasoe.lg.jp/doc/2024061900039/file_contents/202604nenrei-zentai.pdf
202604,85,278,371,649,https://cms.city.urasoe.lg.jp/doc/2024061900039/file_contents/202604nenrei-zentai.pdf
202604,11,649,628,1277,https://cms.city.urasoe.lg.jp/doc/2024061900039/file_contents/202604nenrei-zentai.pdf
202604,36,649,667,1316,https://cms.city.urasoe.lg.jp/doc/2024061900039/file_contents/202604nenrei-zentai.pdf
202604,61,641,706,1347,https://cms.city.urasoe.lg.jp/doc/2024061900039/file_contents/202604nenrei-zentai.pdf
202604,86,242,377,619,https://cms.city.urasoe.lg.jp/doc/2024061900039/file_contents/202604nenrei-zentai.pdf
202604,12,662,611,1273,https://cms.city.urasoe.lg.jp/doc/2024061900039/file_contents/202604nenrei-zentai.pdf
202604,37,667,712,1379,https://cms.city.urasoe.lg.jp/doc/2024061900039/file_contents/202604nenrei-zentai.pdf
202604,62,648,750,1398,https://cms.city.urasoe.lg.jp/doc/2024061900039/file_contents/202604nenrei-zentai.pdf
202604,87,220,288,508,https://cms.city.urasoe.lg.jp/doc/2024061900039/file_contents/202604nenrei-zentai.pdf
202604,13,706,670,1376,https://cms.city.urasoe.lg.jp/doc/2024061900039/file_contents/202604nenrei-zentai.pdf
202604,38,683,652,1335,https://cms.city.urasoe.lg.jp/doc/2024061900039/file_contents/202604nenrei-zentai.pdf
202604,63,644,742,1386,https://cms.city.urasoe.lg.jp/doc/2024061900039/file_contents/202604nenrei-zentai.pdf
202604,88,196,302,498,https://cms.city.urasoe.lg.jp/doc/2024061900039/file_contents/202604nenrei-zentai.pdf
202604,14,695,698,1393,https://cms.city.urasoe.lg.jp/doc/2024061900039/file_contents/202604nenrei-zentai.pdf
202604,39,763,745,1508,https://cms.city.urasoe.lg.jp/doc/2024061900039/file_contents/202604nenrei-zentai.pdf
202604,64,637,680,1317,https://cms.city.urasoe.lg.jp/doc/2024061900039/file_contents/202604nenrei-zentai.pdf
202604,89,126,278,404,https://cms.city.urasoe.lg.jp/doc/2024061900039/file_contents/202604nenrei-zentai.pdf
202604,15,651,679,1330,https://cms.city.urasoe.lg.jp/doc/2024061900039/file_contents/202604nenrei-zentai.pdf
202604,40,703,721,1424,https://cms.city.urasoe.lg.jp/doc/2024061900039/file_contents/202604nenrei-zentai.pdf
202604,65,664,674,1338,https://cms.city.urasoe.lg.jp/doc/2024061900039/file_contents/202604nenrei-zentai.pdf
202604,90,135,276,411,https://cms.city.urasoe.lg.jp/doc/2024061900039/file_contents/202604nenrei-zentai.pdf
202604,16,728,649,1377,https://cms.city.urasoe.lg.jp/doc/2024061900039/file_contents/202604nenrei-zentai.pdf
202604,41,742,815,1557,https://cms.city.urasoe.lg.jp/doc/2024061900039/file_contents/202604nenrei-zentai.pdf
202604,66,617,664,1281,https://cms.city.urasoe.lg.jp/doc/2024061900039/file_contents/202604nenrei-zentai.pdf
202604,91,110,224,334,https://cms.city.urasoe.lg.jp/doc/2024061900039/file_contents/202604nenrei-zentai.pdf
202604,17,701,700,1401,https://cms.city.urasoe.lg.jp/doc/2024061900039/file_contents/202604nenrei-zentai.pdf
202604,42,776,761,1537,https://cms.city.urasoe.lg.jp/doc/2024061900039/file_contents/202604nenrei-zentai.pdf
202604,67,661,657,1318,https://cms.city.urasoe.lg.jp/doc/2024061900039/file_contents/202604nenrei-zentai.pdf
202604,92,72,198,270,https://cms.city.urasoe.lg.jp/doc/2024061900039/file_contents/202604nenrei-zentai.pdf
202604,18,652,590,1242,https://cms.city.urasoe.lg.jp/doc/2024061900039/file_contents/202604nenrei-zentai.pdf
202604,43,703,733,1436,https://cms.city.urasoe.lg.jp/doc/2024061900039/file_contents/202604nenrei-zentai.pdf
202604,68,564,597,1161,https://cms.city.urasoe.lg.jp/doc/2024061900039/file_contents/202604nenrei-zentai.pdf
202604,93,71,147,218,https://cms.city.urasoe.lg.jp/doc/2024061900039/file_contents/202604nenrei-zentai.pdf
202604,19,687,645,1332,https://cms.city.urasoe.lg.jp/doc/2024061900039/file_contents/202604nenrei-zentai.pdf
202604,44,678,750,1428,https://cms.city.urasoe.lg.jp/doc/2024061900039/file_contents/202604nenrei-zentai.pdf
202604,69,564,612,1176,https://cms.city.urasoe.lg.jp/doc/2024061900039/file_contents/202604nenrei-zentai.pdf
202604,94,43,119,162,https://cms.city.urasoe.lg.jp/doc/2024061900039/file_contents/202604nenrei-zentai.pdf
202604,20,601,583,1184,https://cms.city.urasoe.lg.jp/doc/2024061900039/file_contents/202604nenrei-zentai.pdf
202604,45,750,735,1485,https://cms.city.urasoe.lg.jp/doc/2024061900039/file_contents/202604nenrei-zentai.pdf
202604,70,540,623,1163,https://cms.city.urasoe.lg.jp/doc/2024061900039/file_contents/202604nenrei-zentai.pdf
202604,95,33,97,130,https://cms.city.urasoe.lg.jp/doc/2024061900039/file_contents/202604nenrei-zentai.pdf
202604,21,632,573,1205,https://cms.city.urasoe.lg.jp/doc/2024061900039/file_contents/202604nenrei-zentai.pdf
202604,46,733,772,1505,https://cms.city.urasoe.lg.jp/doc/2024061900039/file_contents/202604nenrei-zentai.pdf
202604,71,578,678,1256,https://cms.city.urasoe.lg.jp/doc/2024061900039/file_contents/202604nenrei-zentai.pdf
202604,96,21,78,99,https://cms.city.urasoe.lg.jp/doc/2024061900039/file_contents/202604nenrei-zentai.pdf
202604,22,657,616,1273,https://cms.city.urasoe.lg.jp/doc/2024061900039/file_contents/202604nenrei-zentai.pdf
202604,47,802,790,1592,https://cms.city.urasoe.lg.jp/doc/2024061900039/file_contents/202604nenrei-zentai.pdf
202604,72,563,670,1233,https://cms.city.urasoe.lg.jp/doc/2024061900039/file_contents/202604nenrei-zentai.pdf
202604,97,24,57,81,https://cms.city.urasoe.lg.jp/doc/2024061900039/file_contents/202604nenrei-zentai.pdf
202604,23,663,624,1287,https://cms.city.urasoe.lg.jp/doc/2024061900039/file_contents/202604nenrei-zentai.pdf
202604,48,779,780,1559,https://cms.city.urasoe.lg.jp/doc/2024061900039/file_contents/202604nenrei-zentai.pdf
202604,73,601,685,1286,https://cms.city.urasoe.lg.jp/doc/2024061900039/file_contents/202604nenrei-zentai.pdf
202604,98,10,53,63,https://cms.city.urasoe.lg.jp/doc/2024061900039/file_contents/202604nenrei-zentai.pdf
202604,24,663,596,1259,https://cms.city.urasoe.lg.jp/doc/2024061900039/file_contents/202604nenrei-zentai.pdf
202604,49,803,843,1646,https://cms.city.urasoe.lg.jp/doc/2024061900039/file_contents/202604nenrei-zentai.pdf
202604,74,557,735,1292,https://cms.city.urasoe.lg.jp/doc/2024061900039/file_contents/202604nenrei-zentai.pdf
202604,99,2,30,32,https://cms.city.urasoe.lg.jp/doc/2024061900039/file_contents/202604nenrei-zentai.pdf
202604,100,0,19,19,https://cms.city.urasoe.lg.jp/doc/2024061900039/file_contents/202604nenrei-zentai.pdf
202604,101,0,14,14,https://cms.city.urasoe.lg.jp/doc/2024061900039/file_contents/202604nenrei-zentai.pdf
202605,0,490,481,971,https://cms.city.urasoe.lg.jp/doc/2024061900039/file_contents/202605nenrei-zentai.pdf
202605,25,652,634,1286,https://cms.city.urasoe.lg.jp/doc/2024061900039/file_contents/202605nenrei-zentai.pdf
202605,50,837,851,1688,https://cms.city.urasoe.lg.jp/doc/2024061900039/file_contents/202605nenrei-zentai.pdf
202605,75,604,700,1304,https://cms.city.urasoe.lg.jp/doc/2024061900039/file_contents/202605nenrei-zentai.pdf
202605,1,475,464,939,https://cms.city.urasoe.lg.jp/doc/2024061900039/file_contents/202605nenrei-zentai.pdf
202605,26,604,605,1209,https://cms.city.urasoe.lg.jp/doc/2024061900039/file_contents/202605nenrei-zentai.pdf
202605,51,902,950,1852,https://cms.city.urasoe.lg.jp/doc/2024061900039/file_contents/202605nenrei-zentai.pdf
202605,76,528,637,1165,https://cms.city.urasoe.lg.jp/doc/2024061900039/file_contents/202605nenrei-zentai.pdf
202605,2,518,467,985,https://cms.city.urasoe.lg.jp/doc/2024061900039/file_contents/202605nenrei-zentai.pdf
202605,27,671,624,1295,https://cms.city.urasoe.lg.jp/doc/2024061900039/file_contents/202605nenrei-zentai.pdf
202605,52,933,979,1912,https://cms.city.urasoe.lg.jp/doc/2024061900039/file_contents/202605nenrei-zentai.pdf
202605,77,519,595,1114,https://cms.city.urasoe.lg.jp/doc/2024061900039/file_contents/202605nenrei-zentai.pdf
202605,3,534,511,1045,https://cms.city.urasoe.lg.jp/doc/2024061900039/file_contents/202605nenrei-zentai.pdf
202605,28,676,662,1338,https://cms.city.urasoe.lg.jp/doc/2024061900039/file_contents/202605nenrei-zentai.pdf
202605,53,904,943,1847,https://cms.city.urasoe.lg.jp/doc/2024061900039/file_contents/202605nenrei-zentai.pdf
202605,78,550,643,1193,https://cms.city.urasoe.lg.jp/doc/2024061900039/file_contents/202605nenrei-zentai.pdf
202605,4,602,553,1155,https://cms.city.urasoe.lg.jp/doc/2024061900039/file_contents/202605nenrei-zentai.pdf
202605,29,686,658,1344,https://cms.city.urasoe.lg.jp/doc/2024061900039/file_contents/202605nenrei-zentai.pdf
202605,54,849,855,1704,https://cms.city.urasoe.lg.jp/doc/2024061900039/file_contents/202605nenrei-zentai.pdf
202605,79,347,398,745,https://cms.city.urasoe.lg.jp/doc/2024061900039/file_contents/202605nenrei-zentai.pdf
202605,5,622,543,1165,https://cms.city.urasoe.lg.jp/doc/2024061900039/file_contents/202605nenrei-zentai.pdf
202605,30,647,693,1340,https://cms.city.urasoe.lg.jp/doc/2024061900039/file_contents/202605nenrei-zentai.pdf
202605,55,782,852,1634,https://cms.city.urasoe.lg.jp/doc/2024061900039/file_contents/202605nenrei-zentai.pdf
202605,80,169,230,399,https://cms.city.urasoe.lg.jp/doc/2024061900039/file_contents/202605nenrei-zentai.pdf
202605,6,575,558,1133,https://cms.city.urasoe.lg.jp/doc/2024061900039/file_contents/202605nenrei-zentai.pdf
202605,31,632,668,1300,https://cms.city.urasoe.lg.jp/doc/2024061900039/file_contents/202605nenrei-zentai.pdf
202605,56,799,783,1582,https://cms.city.urasoe.lg.jp/doc/2024061900039/file_contents/202605nenrei-zentai.pdf
202605,81,226,342,568,https://cms.city.urasoe.lg.jp/doc/2024061900039/file_contents/202605nenrei-zentai.pdf
202605,7,586,586,1172,https://cms.city.urasoe.lg.jp/doc/2024061900039/file_contents/202605nenrei-zentai.pdf
202605,32,640,649,1289,https://cms.city.urasoe.lg.jp/doc/2024061900039/file_contents/202605nenrei-zentai.pdf
202605,57,830,875,1705,https://cms.city.urasoe.lg.jp/doc/2024061900039/file_contents/202605nenrei-zentai.pdf
202605,82,314,416,730,https://cms.city.urasoe.lg.jp/doc/2024061900039/file_contents/202605nenrei-zentai.pdf
202605,8,623,573,1196,https://cms.city.urasoe.lg.jp/doc/2024061900039/file_contents/202605nenrei-zentai.pdf
202605,33,629,650,1279,https://cms.city.urasoe.lg.jp/doc/2024061900039/file_contents/202605nenrei-zentai.pdf
202605,58,791,869,1660,https://cms.city.urasoe.lg.jp/doc/2024061900039/file_contents/202605nenrei-zentai.pdf
202605,83,269,404,673,https://cms.city.urasoe.lg.jp/doc/2024061900039/file_contents/202605nenrei-zentai.pdf
202605,9,620,650,1270,https://cms.city.urasoe.lg.jp/doc/2024061900039/file_contents/202605nenrei-zentai.pdf
202605,34,674,676,1350,https://cms.city.urasoe.lg.jp/doc/2024061900039/file_contents/202605nenrei-zentai.pdf
202605,59,699,733,1432,https://cms.city.urasoe.lg.jp/doc/2024061900039/file_contents/202605nenrei-zentai.pdf
202605,84,275,395,670,https://cms.city.urasoe.lg.jp/doc/2024061900039/file_contents/202605nenrei-zentai.pdf
202605,10,634,621,1255,https://cms.city.urasoe.lg.jp/doc/2024061900039/file_contents/202605nenrei-zentai.pdf
202605,35,643,682,1325,https://cms.city.urasoe.lg.jp/doc/2024061900039/file_contents/202605nenrei-zentai.pdf
202605,60,629,665,1294,https://cms.city.urasoe.lg.jp/doc/2024061900039/file_contents/202605nenrei-zentai.pdf
202605,85,279,367,646,https://cms.city.urasoe.lg.jp/doc/2024061900039/file_contents/202605nenrei-zentai.pdf
202605,11,648,639,1287,https://cms.city.urasoe.lg.jp/doc/2024061900039/file_contents/202605nenrei-zentai.pdf
202605,36,640,689,1329,https://cms.city.urasoe.lg.jp/doc/2024061900039/file_contents/202605nenrei-zentai.pdf
202605,61,654,719,1373,https://cms.city.urasoe.lg.jp/doc/2024061900039/file_contents/202605nenrei-zentai.pdf
202605,86,234,384,618,https://cms.city.urasoe.lg.jp/doc/2024061900039/file_contents/202605nenrei-zentai.pdf
202605,12,666,597,1263,https://cms.city.urasoe.lg.jp/doc/2024061900039/file_contents/202605nenrei-zentai.pdf
202605,37,688,704,1392,https://cms.city.urasoe.lg.jp/doc/2024061900039/file_contents/202605nenrei-zentai.pdf
202605,62,637,750,1387,https://cms.city.urasoe.lg.jp/doc/2024061900039/file_contents/202605nenrei-zentai.pdf
202605,87,227,299,526,https://cms.city.urasoe.lg.jp/doc/2024061900039/file_contents/202605nenrei-zentai.pdf
202605,13,696,681,1377,https://cms.city.urasoe.lg.jp/doc/2024061900039/file_contents/202605nenrei-zentai.pdf
202605,38,668,662,1330,https://cms.city.urasoe.lg.jp/doc/2024061900039/file_contents/202605nenrei-zentai.pdf
202605,63,666,737,1403,https://cms.city.urasoe.lg.jp/doc/2024061900039/file_contents/202605nenrei-zentai.pdf
202605,88,191,293,484,https://cms.city.urasoe.lg.jp/doc/2024061900039/file_contents/202605nenrei-zentai.pdf
202605,14,689,693,1382,https://cms.city.urasoe.lg.jp/doc/2024061900039/file_contents/202605nenrei-zentai.pdf
202605,39,751,732,1483,https://cms.city.urasoe.lg.jp/doc/2024061900039/file_contents/202605nenrei-zentai.pdf
202605,64,623,682,1305,https://cms.city.urasoe.lg.jp/doc/2024061900039/file_contents/202605nenrei-zentai.pdf
202605,89,137,278,415,https://cms.city.urasoe.lg.jp/doc/2024061900039/file_contents/202605nenrei-zentai.pdf
202605,15,654,680,1334,https://cms.city.urasoe.lg.jp/doc/2024061900039/file_contents/202605nenrei-zentai.pdf
202605,40,719,721,1440,https://cms.city.urasoe.lg.jp/doc/2024061900039/file_contents/202605nenrei-zentai.pdf
202605,65,664,671,1335,https://cms.city.urasoe.lg.jp/doc/2024061900039/file_contents/202605nenrei-zentai.pdf
202605,90,131,276,407,https://cms.city.urasoe.lg.jp/doc/2024061900039/file_contents/202605nenrei-zentai.pdf
202605,16,726,641,1367,https://cms.city.urasoe.lg.jp/doc/2024061900039/file_contents/202605nenrei-zentai.pdf
202605,41,740,820,1560,https://cms.city.urasoe.lg.jp/doc/2024061900039/file_contents/202605nenrei-zentai.pdf
202605,66,609,682,1291,https://cms.city.urasoe.lg.jp/doc/2024061900039/file_contents/202605nenrei-zentai.pdf
202605,91,114,223,337,https://cms.city.urasoe.lg.jp/doc/2024061900039/file_contents/202605nenrei-zentai.pdf
202605,17,717,712,1429,https://cms.city.urasoe.lg.jp/doc/2024061900039/file_contents/202605nenrei-zentai.pdf
202605,42,771,759,1530,https://cms.city.urasoe.lg.jp/doc/2024061900039/file_contents/202605nenrei-zentai.pdf
202605,67,664,656,1320,https://cms.city.urasoe.lg.jp/doc/2024061900039/file_contents/202605nenrei-zentai.pdf
202605,92,73,193,266,https://cms.city.urasoe.lg.jp/doc/2024061900039/file_contents/202605nenrei-zentai.pdf
202605,18,638,591,1229,https://cms.city.urasoe.lg.jp/doc/2024061900039/file_contents/202605nenrei-zentai.pdf
202605,43,702,747,1449,https://cms.city.urasoe.lg.jp/doc/2024061900039/file_contents/202605nenrei-zentai.pdf
202605,68,588,593,1181,https://cms.city.urasoe.lg.jp/doc/2024061900039/file_contents/202605nenrei-zentai.pdf
202605,93,71,154,225,https://cms.city.urasoe.lg.jp/doc/2024061900039/file_contents/202605nenrei-zentai.pdf
202605,19,678,634,1312,https://cms.city.urasoe.lg.jp/doc/2024061900039/file_contents/202605nenrei-zentai.pdf
202605,44,689,718,1407,https://cms.city.urasoe.lg.jp/doc/2024061900039/file_contents/202605nenrei-zentai.pdf
202605,69,552,605,1157,https://cms.city.urasoe.lg.jp/doc/2024061900039/file_contents/202605nenrei-zentai.pdf
202605,94,42,120,162,https://cms.city.urasoe.lg.jp/doc/2024061900039/file_contents/202605nenrei-zentai.pdf
202605,20,614,595,1209,https://cms.city.urasoe.lg.jp/doc/2024061900039/file_contents/202605nenrei-zentai.pdf
202605,45,738,751,1489,https://cms.city.urasoe.lg.jp/doc/2024061900039/file_contents/202605nenrei-zentai.pdf
202605,70,549,616,1165,https://cms.city.urasoe.lg.jp/doc/2024061900039/file_contents/202605nenrei-zentai.pdf
202605,95,36,95,131,https://cms.city.urasoe.lg.jp/doc/2024061900039/file_contents/202605nenrei-zentai.pdf
202605,21,623,571,1194,https://cms.city.urasoe.lg.jp/doc/2024061900039/file_contents/202605nenrei-zentai.pdf
202605,46,738,764,1502,https://cms.city.urasoe.lg.jp/doc/2024061900039/file_contents/202605nenrei-zentai.pdf
202605,71,569,684,1253,https://cms.city.urasoe.lg.jp/doc/2024061900039/file_contents/202605nenrei-zentai.pdf
202605,96,20,81,101,https://cms.city.urasoe.lg.jp/doc/2024061900039/file_contents/202605nenrei-zentai.pdf
202605,22,638,606,1244,https://cms.city.urasoe.lg.jp/doc/2024061900039/file_contents/202605nenrei-zentai.pdf
202605,47,800,791,1591,https://cms.city.urasoe.lg.jp/doc/2024061900039/file_contents/202605nenrei-zentai.pdf
202605,72,571,680,1251,https://cms.city.urasoe.lg.jp/doc/2024061900039/file_contents/202605nenrei-zentai.pdf
202605,97,23,54,77,https://cms.city.urasoe.lg.jp/doc/2024061900039/file_contents/202605nenrei-zentai.pdf
202605,23,667,621,1288,https://cms.city.urasoe.lg.jp/doc/2024061900039/file_contents/202605nenrei-zentai.pdf
202605,48,768,788,1556,https://cms.city.urasoe.lg.jp/doc/2024061900039/file_contents/202605nenrei-zentai.pdf
202605,73,598,678,1276,https://cms.city.urasoe.lg.jp/doc/2024061900039/file_contents/202605nenrei-zentai.pdf
202605,98,8,57,65,https://cms.city.urasoe.lg.jp/doc/2024061900039/file_contents/202605nenrei-zentai.pdf
202605,24,679,598,1277,https://cms.city.urasoe.lg.jp/doc/2024061900039/file_contents/202605nenrei-zentai.pdf
202605,49,817,847,1664,https://cms.city.urasoe.lg.jp/doc/2024061900039/file_contents/202605nenrei-zentai.pdf
202605,74,547,728,1275,https://cms.city.urasoe.lg.jp/doc/2024061900039/file_contents/202605nenrei-zentai.pdf
202605,99,5,28,33,https://cms.city.urasoe.lg.jp/doc/2024061900039/file_contents/202605nenrei-zentai.pdf
202605,100,0,22,22,https://cms.city.urasoe.lg.jp/doc/2024061900039/file_contents/202605nenrei-zentai.pdf
202605,101,0,12,12,https://cms.city.urasoe.lg.jp/doc/2024061900039/file_contents/202605nenrei-zentai.pdf
202606,0,477,484,961,https://cms.city.urasoe.lg.jp/doc/2024061900039/file_contents/202606nenrei-zentai.pdf
202606,25,659,639,1298,https://cms.city.urasoe.lg.jp/doc/2024061900039/file_contents/202606nenrei-zentai.pdf
202606,50,840,855,1695,https://cms.city.urasoe.lg.jp/doc/2024061900039/file_contents/202606nenrei-zentai.pdf
202606,75,598,710,1308,https://cms.city.urasoe.lg.jp/doc/2024061900039/file_contents/202606nenrei-zentai.pdf
202606,1,488,465,953,https://cms.city.urasoe.lg.jp/doc/2024061900039/file_contents/202606nenrei-zentai.pdf
202606,26,607,608,1215,https://cms.city.urasoe.lg.jp/doc/2024061900039/file_contents/202606nenrei-zentai.pdf
202606,51,893,934,1827,https://cms.city.urasoe.lg.jp/doc/2024061900039/file_contents/202606nenrei-zentai.pdf
202606,76,545,659,1204,https://cms.city.urasoe.lg.jp/doc/2024061900039/file_contents/202606nenrei-zentai.pdf
202606,2,502,463,965,https://cms.city.urasoe.lg.jp/doc/2024061900039/file_contents/202606nenrei-zentai.pdf
202606,27,647,643,1290,https://cms.city.urasoe.lg.jp/doc/2024061900039/file_contents/202606nenrei-zentai.pdf
202606,52,933,969,1902,https://cms.city.urasoe.lg.jp/doc/2024061900039/file_contents/202606nenrei-zentai.pdf
202606,77,521,576,1097,https://cms.city.urasoe.lg.jp/doc/2024061900039/file_contents/202606nenrei-zentai.pdf
202606,3,538,518,1056,https://cms.city.urasoe.lg.jp/doc/2024061900039/file_contents/202606nenrei-zentai.pdf
202606,28,677,642,1319,https://cms.city.urasoe.lg.jp/doc/2024061900039/file_contents/202606nenrei-zentai.pdf
202606,53,908,948,1856,https://cms.city.urasoe.lg.jp/doc/2024061900039/file_contents/202606nenrei-zentai.pdf
202606,78,537,638,1175,https://cms.city.urasoe.lg.jp/doc/2024061900039/file_contents/202606nenrei-zentai.pdf
202606,4,592,535,1127,https://cms.city.urasoe.lg.jp/doc/2024061900039/file_contents/202606nenrei-zentai.pdf
202606,29,682,672,1354,https://cms.city.urasoe.lg.jp/doc/2024061900039/file_contents/202606nenrei-zentai.pdf
202606,54,853,847,1700,https://cms.city.urasoe.lg.jp/doc/2024061900039/file_contents/202606nenrei-zentai.pdf
202606,79,362,414,776,https://cms.city.urasoe.lg.jp/doc/2024061900039/file_contents/202606nenrei-zentai.pdf
202606,5,628,544,1172,https://cms.city.urasoe.lg.jp/doc/2024061900039/file_contents/202606nenrei-zentai.pdf
202606,30,652,678,1330,https://cms.city.urasoe.lg.jp/doc/2024061900039/file_contents/202606nenrei-zentai.pdf
202606,55,778,871,1649,https://cms.city.urasoe.lg.jp/doc/2024061900039/file_contents/202606nenrei-zentai.pdf
202606,80,174,240,414,https://cms.city.urasoe.lg.jp/doc/2024061900039/file_contents/202606nenrei-zentai.pdf
202606,6,558,554,1112,https://cms.city.urasoe.lg.jp/doc/2024061900039/file_contents/202606nenrei-zentai.pdf
202606,31,623,681,1304,https://cms.city.urasoe.lg.jp/doc/2024061900039/file_contents/202606nenrei-zentai.pdf
202606,56,805,791,1596,https://cms.city.urasoe.lg.jp/doc/2024061900039/file_contents/202606nenrei-zentai.pdf
202606,81,218,329,547,https://cms.city.urasoe.lg.jp/doc/2024061900039/file_contents/202606nenrei-zentai.pdf
202606,7,592,583,1175,https://cms.city.urasoe.lg.jp/doc/2024061900039/file_contents/202606nenrei-zentai.pdf
202606,32,648,646,1294,https://cms.city.urasoe.lg.jp/doc/2024061900039/file_contents/202606nenrei-zentai.pdf
202606,57,822,865,1687,https://cms.city.urasoe.lg.jp/doc/2024061900039/file_contents/202606nenrei-zentai.pdf
202606,82,313,407,720,https://cms.city.urasoe.lg.jp/doc/2024061900039/file_contents/202606nenrei-zentai.pdf
202606,8,621,567,1188,https://cms.city.urasoe.lg.jp/doc/2024061900039/file_contents/202606nenrei-zentai.pdf
202606,33,633,652,1285,https://cms.city.urasoe.lg.jp/doc/2024061900039/file_contents/202606nenrei-zentai.pdf
202606,58,784,857,1641,https://cms.city.urasoe.lg.jp/doc/2024061900039/file_contents/202606nenrei-zentai.pdf
202606,83,266,411,677,https://cms.city.urasoe.lg.jp/doc/2024061900039/file_contents/202606nenrei-zentai.pdf
202606,9,637,657,1294,https://cms.city.urasoe.lg.jp/doc/2024061900039/file_contents/202606nenrei-zentai.pdf
202606,34,667,675,1342,https://cms.city.urasoe.lg.jp/doc/2024061900039/file_contents/202606nenrei-zentai.pdf
202606,59,729,767,1496,https://cms.city.urasoe.lg.jp/doc/2024061900039/file_contents/202606nenrei-zentai.pdf
202606,84,275,387,662,https://cms.city.urasoe.lg.jp/doc/2024061900039/file_contents/202606nenrei-zentai.pdf
202606,10,622,615,1237,https://cms.city.urasoe.lg.jp/doc/2024061900039/file_contents/202606nenrei-zentai.pdf
202606,35,657,686,1343,https://cms.city.urasoe.lg.jp/doc/2024061900039/file_contents/202606nenrei-zentai.pdf
202606,60,619,646,1265,https://cms.city.urasoe.lg.jp/doc/2024061900039/file_contents/202606nenrei-zentai.pdf
202606,85,282,382,664,https://cms.city.urasoe.lg.jp/doc/2024061900039/file_contents/202606nenrei-zentai.pdf
202606,11,649,660,1309,https://cms.city.urasoe.lg.jp/doc/2024061900039/file_contents/202606nenrei-zentai.pdf
202606,36,642,682,1324,https://cms.city.urasoe.lg.jp/doc/2024061900039/file_contents/202606nenrei-zentai.pdf
202606,61,663,730,1393,https://cms.city.urasoe.lg.jp/doc/2024061900039/file_contents/202606nenrei-zentai.pdf
202606,86,236,368,604,https://cms.city.urasoe.lg.jp/doc/2024061900039/file_contents/202606nenrei-zentai.pdf
202606,12,667,586,1253,https://cms.city.urasoe.lg.jp/doc/2024061900039/file_contents/202606nenrei-zentai.pdf
202606,37,671,695,1366,https://cms.city.urasoe.lg.jp/doc/2024061900039/file_contents/202606nenrei-zentai.pdf
202606,62,647,744,1391,https://cms.city.urasoe.lg.jp/doc/2024061900039/file_contents/202606nenrei-zentai.pdf
202606,87,222,304,526,https://cms.city.urasoe.lg.jp/doc/2024061900039/file_contents/202606nenrei-zentai.pdf
202606,13,697,675,1372,https://cms.city.urasoe.lg.jp/doc/2024061900039/file_contents/202606nenrei-zentai.pdf
202606,38,674,677,1351,https://cms.city.urasoe.lg.jp/doc/2024061900039/file_contents/202606nenrei-zentai.pdf
202606,63,651,743,1394,https://cms.city.urasoe.lg.jp/doc/2024061900039/file_contents/202606nenrei-zentai.pdf
202606,88,192,284,476,https://cms.city.urasoe.lg.jp/doc/2024061900039/file_contents/202606nenrei-zentai.pdf
202606,14,699,700,1399,https://cms.city.urasoe.lg.jp/doc/2024061900039/file_contents/202606nenrei-zentai.pdf
202606,39,741,714,1455,https://cms.city.urasoe.lg.jp/doc/2024061900039/file_contents/202606nenrei-zentai.pdf
202606,64,624,686,1310,https://cms.city.urasoe.lg.jp/doc/2024061900039/file_contents/202606nenrei-zentai.pdf
202606,89,136,283,419,https://cms.city.urasoe.lg.jp/doc/2024061900039/file_contents/202606nenrei-zentai.pdf
202606,15,648,664,1312,https://cms.city.urasoe.lg.jp/doc/2024061900039/file_contents/202606nenrei-zentai.pdf
202606,40,714,721,1435,https://cms.city.urasoe.lg.jp/doc/2024061900039/file_contents/202606nenrei-zentai.pdf
202606,65,673,668,1341,https://cms.city.urasoe.lg.jp/doc/2024061900039/file_contents/202606nenrei-zentai.pdf
202606,90,130,276,406,https://cms.city.urasoe.lg.jp/doc/2024061900039/file_contents/202606nenrei-zentai.pdf
202606,16,709,659,1368,https://cms.city.urasoe.lg.jp/doc/2024061900039/file_contents/202606nenrei-zentai.pdf
202606,41,742,821,1563,https://cms.city.urasoe.lg.jp/doc/2024061900039/file_contents/202606nenrei-zentai.pdf
202606,66,614,688,1302,https://cms.city.urasoe.lg.jp/doc/2024061900039/file_contents/202606nenrei-zentai.pdf
202606,91,118,223,341,https://cms.city.urasoe.lg.jp/doc/2024061900039/file_contents/202606nenrei-zentai.pdf
202606,17,713,689,1402,https://cms.city.urasoe.lg.jp/doc/2024061900039/file_contents/202606nenrei-zentai.pdf
202606,42,769,778,1547,https://cms.city.urasoe.lg.jp/doc/2024061900039/file_contents/202606nenrei-zentai.pdf
202606,67,656,656,1312,https://cms.city.urasoe.lg.jp/doc/2024061900039/file_contents/202606nenrei-zentai.pdf
202606,92,73,190,263,https://cms.city.urasoe.lg.jp/doc/2024061900039/file_contents/202606nenrei-zentai.pdf
202606,18,651,617,1268,https://cms.city.urasoe.lg.jp/doc/2024061900039/file_contents/202606nenrei-zentai.pdf
202606,43,714,726,1440,https://cms.city.urasoe.lg.jp/doc/2024061900039/file_contents/202606nenrei-zentai.pdf
202606,68,593,590,1183,https://cms.city.urasoe.lg.jp/doc/2024061900039/file_contents/202606nenrei-zentai.pdf
202606,93,74,158,232,https://cms.city.urasoe.lg.jp/doc/2024061900039/file_contents/202606nenrei-zentai.pdf
202606,19,677,619,1296,https://cms.city.urasoe.lg.jp/doc/2024061900039/file_contents/202606nenrei-zentai.pdf
202606,44,696,737,1433,https://cms.city.urasoe.lg.jp/doc/2024061900039/file_contents/202606nenrei-zentai.pdf
202606,69,557,617,1174,https://cms.city.urasoe.lg.jp/doc/2024061900039/file_contents/202606nenrei-zentai.pdf
202606,94,43,119,162,https://cms.city.urasoe.lg.jp/doc/2024061900039/file_contents/202606nenrei-zentai.pdf
202606,20,617,620,1237,https://cms.city.urasoe.lg.jp/doc/2024061900039/file_contents/202606nenrei-zentai.pdf
202606,45,729,735,1464,https://cms.city.urasoe.lg.jp/doc/2024061900039/file_contents/202606nenrei-zentai.pdf
202606,70,542,607,1149,https://cms.city.urasoe.lg.jp/doc/2024061900039/file_contents/202606nenrei-zentai.pdf
202606,95,33,92,125,https://cms.city.urasoe.lg.jp/doc/2024061900039/file_contents/202606nenrei-zentai.pdf
202606,21,631,561,1192,https://cms.city.urasoe.lg.jp/doc/2024061900039/file_contents/202606nenrei-zentai.pdf
202606,46,726,772,1498,https://cms.city.urasoe.lg.jp/doc/2024061900039/file_contents/202606nenrei-zentai.pdf
202606,71,583,677,1260,https://cms.city.urasoe.lg.jp/doc/2024061900039/file_contents/202606nenrei-zentai.pdf
202606,96,21,85,106,https://cms.city.urasoe.lg.jp/doc/2024061900039/file_contents/202606nenrei-zentai.pdf
202606,22,632,618,1250,https://cms.city.urasoe.lg.jp/doc/2024061900039/file_contents/202606nenrei-zentai.pdf
202606,47,804,788,1592,https://cms.city.urasoe.lg.jp/doc/2024061900039/file_contents/202606nenrei-zentai.pdf
202606,72,558,682,1240,https://cms.city.urasoe.lg.jp/doc/2024061900039/file_contents/202606nenrei-zentai.pdf
202606,97,25,56,81,https://cms.city.urasoe.lg.jp/doc/2024061900039/file_contents/202606nenrei-zentai.pdf
202606,23,654,598,1252,https://cms.city.urasoe.lg.jp/doc/2024061900039/file_contents/202606nenrei-zentai.pdf
202606,48,761,775,1536,https://cms.city.urasoe.lg.jp/doc/2024061900039/file_contents/202606nenrei-zentai.pdf
202606,73,606,670,1276,https://cms.city.urasoe.lg.jp/doc/2024061900039/file_contents/202606nenrei-zentai.pdf
202606,98,8,54,62,https://cms.city.urasoe.lg.jp/doc/2024061900039/file_contents/202606nenrei-zentai.pdf
202606,24,672,597,1269,https://cms.city.urasoe.lg.jp/doc/2024061900039/file_contents/202606nenrei-zentai.pdf
202606,49,819,854,1673,https://cms.city.urasoe.lg.jp/doc/2024061900039/file_contents/202606nenrei-zentai.pdf
202606,74,536,722,1258,https://cms.city.urasoe.lg.jp/doc/2024061900039/file_contents/202606nenrei-zentai.pdf
202606,99,4,31,35,https://cms.city.urasoe.lg.jp/doc/2024061900039/file_contents/202606nenrei-zentai.pdf
202606,100,1,21,22,https://cms.city.urasoe.lg.jp/doc/2024061900039/file_contents/202606nenrei-zentai.pdf
202606,101,0,13,13,https://cms.city.urasoe.lg.jp/doc/2024061900039/file_contents/202606nenrei-zentai.pdf
202607,0,478,488,966,https://cms.city.urasoe.lg.jp/doc/2024061900039/file_contents/202607nenrei-zentai.pdf
202607,25,638,647,1285,https://cms.city.urasoe.lg.jp/doc/2024061900039/file_contents/202607nenrei-zentai.pdf
202607,50,834,842,1676,https://cms.city.urasoe.lg.jp/doc/2024061900039/file_contents/202607nenrei-zentai.pdf
202607,75,587,706,1293,https://cms.city.urasoe.lg.jp/doc/2024061900039/file_contents/202607nenrei-zentai.pdf
202607,1,483,453,936,https://cms.city.urasoe.lg.jp/doc/2024061900039/file_contents/202607nenrei-zentai.pdf
202607,26,624,601,1225,https://cms.city.urasoe.lg.jp/doc/2024061900039/file_contents/202607nenrei-zentai.pdf
202607,51,907,929,1836,https://cms.city.urasoe.lg.jp/doc/2024061900039/file_contents/202607nenrei-zentai.pdf
202607,76,555,672,1227,https://cms.city.urasoe.lg.jp/doc/2024061900039/file_contents/202607nenrei-zentai.pdf
202607,2,484,474,958,https://cms.city.urasoe.lg.jp/doc/2024061900039/file_contents/202607nenrei-zentai.pdf
202607,27,641,626,1267,https://cms.city.urasoe.lg.jp/doc/2024061900039/file_contents/202607nenrei-zentai.pdf
202607,52,907,972,1879,https://cms.city.urasoe.lg.jp/doc/2024061900039/file_contents/202607nenrei-zentai.pdf
202607,77,513,570,1083,https://cms.city.urasoe.lg.jp/doc/2024061900039/file_contents/202607nenrei-zentai.pdf
202607,3,538,516,1054,https://cms.city.urasoe.lg.jp/doc/2024061900039/file_contents/202607nenrei-zentai.pdf
202607,28,686,643,1329,https://cms.city.urasoe.lg.jp/doc/2024061900039/file_contents/202607nenrei-zentai.pdf
202607,53,923,943,1866,https://cms.city.urasoe.lg.jp/doc/2024061900039/file_contents/202607nenrei-zentai.pdf
202607,78,541,632,1173,https://cms.city.urasoe.lg.jp/doc/2024061900039/file_contents/202607nenrei-zentai.pdf
202607,4,585,536,1121,https://cms.city.urasoe.lg.jp/doc/2024061900039/file_contents/202607nenrei-zentai.pdf
202607,29,677,690,1367,https://cms.city.urasoe.lg.jp/doc/2024061900039/file_contents/202607nenrei-zentai.pdf
202607,54,844,858,1702,https://cms.city.urasoe.lg.jp/doc/2024061900039/file_contents/202607nenrei-zentai.pdf
202607,79,384,449,833,https://cms.city.urasoe.lg.jp/doc/2024061900039/file_contents/202607nenrei-zentai.pdf
202607,5,628,534,1162,https://cms.city.urasoe.lg.jp/doc/2024061900039/file_contents/202607nenrei-zentai.pdf
202607,30,663,671,1334,https://cms.city.urasoe.lg.jp/doc/2024061900039/file_contents/202607nenrei-zentai.pdf
202607,55,800,869,1669,https://cms.city.urasoe.lg.jp/doc/2024061900039/file_contents/202607nenrei-zentai.pdf
202607,80,174,239,413,https://cms.city.urasoe.lg.jp/doc/2024061900039/file_contents/202607nenrei-zentai.pdf
202607,6,561,564,1125,https://cms.city.urasoe.lg.jp/doc/2024061900039/file_contents/202607nenrei-zentai.pdf
202607,31,618,678,1296,https://cms.city.urasoe.lg.jp/doc/2024061900039/file_contents/202607nenrei-zentai.pdf
202607,56,802,798,1600,https://cms.city.urasoe.lg.jp/doc/2024061900039/file_contents/202607nenrei-zentai.pdf
202607,81,206,322,528,https://cms.city.urasoe.lg.jp/doc/2024061900039/file_contents/202607nenrei-zentai.pdf
202607,7,596,564,1160,https://cms.city.urasoe.lg.jp/doc/2024061900039/file_contents/202607nenrei-zentai.pdf
202607,32,646,655,1301,https://cms.city.urasoe.lg.jp/doc/2024061900039/file_contents/202607nenrei-zentai.pdf
202607,57,812,852,1664,https://cms.city.urasoe.lg.jp/doc/2024061900039/file_contents/202607nenrei-zentai.pdf
202607,82,314,384,698,https://cms.city.urasoe.lg.jp/doc/2024061900039/file_contents/202607nenrei-zentai.pdf
202607,8,621,566,1187,https://cms.city.urasoe.lg.jp/doc/2024061900039/file_contents/202607nenrei-zentai.pdf
202607,33,634,657,1291,https://cms.city.urasoe.lg.jp/doc/2024061900039/file_contents/202607nenrei-zentai.pdf
202607,58,785,868,1653,https://cms.city.urasoe.lg.jp/doc/2024061900039/file_contents/202607nenrei-zentai.pdf
202607,83,262,419,681,https://cms.city.urasoe.lg.jp/doc/2024061900039/file_contents/202607nenrei-zentai.pdf
202607,9,640,648,1288,https://cms.city.urasoe.lg.jp/doc/2024061900039/file_contents/202607nenrei-zentai.pdf
202607,34,674,677,1351,https://cms.city.urasoe.lg.jp/doc/2024061900039/file_contents/202607nenrei-zentai.pdf
202607,59,755,778,1533,https://cms.city.urasoe.lg.jp/doc/2024061900039/file_contents/202607nenrei-zentai.pdf
202607,84,278,383,661,https://cms.city.urasoe.lg.jp/doc/2024061900039/file_contents/202607nenrei-zentai.pdf
202607,10,623,622,1245,https://cms.city.urasoe.lg.jp/doc/2024061900039/file_contents/202607nenrei-zentai.pdf
202607,35,640,667,1307,https://cms.city.urasoe.lg.jp/doc/2024061900039/file_contents/202607nenrei-zentai.pdf
202607,60,597,657,1254,https://cms.city.urasoe.lg.jp/doc/2024061900039/file_contents/202607nenrei-zentai.pdf
202607,85,271,400,671,https://cms.city.urasoe.lg.jp/doc/2024061900039/file_contents/202607nenrei-zentai.pdf
202607,11,636,658,1294,https://cms.city.urasoe.lg.jp/doc/2024061900039/file_contents/202607nenrei-zentai.pdf
202607,36,669,693,1362,https://cms.city.urasoe.lg.jp/doc/2024061900039/file_contents/202607nenrei-zentai.pdf
202607,61,664,711,1375,https://cms.city.urasoe.lg.jp/doc/2024061900039/file_contents/202607nenrei-zentai.pdf
202607,86,244,355,599,https://cms.city.urasoe.lg.jp/doc/2024061900039/file_contents/202607nenrei-zentai.pdf
202607,12,666,605,1271,https://cms.city.urasoe.lg.jp/doc/2024061900039/file_contents/202607nenrei-zentai.pdf
202607,37,664,702,1366,https://cms.city.urasoe.lg.jp/doc/2024061900039/file_contents/202607nenrei-zentai.pdf
202607,62,668,756,1424,https://cms.city.urasoe.lg.jp/doc/2024061900039/file_contents/202607nenrei-zentai.pdf
202607,87,213,316,529,https://cms.city.urasoe.lg.jp/doc/2024061900039/file_contents/202607nenrei-zentai.pdf
202607,13,699,648,1347,https://cms.city.urasoe.lg.jp/doc/2024061900039/file_contents/202607nenrei-zentai.pdf
202607,38,678,658,1336,https://cms.city.urasoe.lg.jp/doc/2024061900039/file_contents/202607nenrei-zentai.pdf
202607,63,639,747,1386,https://cms.city.urasoe.lg.jp/doc/2024061900039/file_contents/202607nenrei-zentai.pdf
202607,88,204,273,477,https://cms.city.urasoe.lg.jp/doc/2024061900039/file_contents/202607nenrei-zentai.pdf
202607,14,701,704,1405,https://cms.city.urasoe.lg.jp/doc/2024061900039/file_contents/202607nenrei-zentai.pdf
202607,39,734,716,1450,https://cms.city.urasoe.lg.jp/doc/2024061900039/file_contents/202607nenrei-zentai.pdf
202607,64,628,675,1303,https://cms.city.urasoe.lg.jp/doc/2024061900039/file_contents/202607nenrei-zentai.pdf
202607,89,136,284,420,https://cms.city.urasoe.lg.jp/doc/2024061900039/file_contents/202607nenrei-zentai.pdf
202607,15,655,684,1339,https://cms.city.urasoe.lg.jp/doc/2024061900039/file_contents/202607nenrei-zentai.pdf
202607,40,710,729,1439,https://cms.city.urasoe.lg.jp/doc/2024061900039/file_contents/202607nenrei-zentai.pdf
202607,65,686,687,1373,https://cms.city.urasoe.lg.jp/doc/2024061900039/file_contents/202607nenrei-zentai.pdf
202607,90,125,286,411,https://cms.city.urasoe.lg.jp/doc/2024061900039/file_contents/202607nenrei-zentai.pdf
202607,16,697,643,1340,https://cms.city.urasoe.lg.jp/doc/2024061900039/file_contents/202607nenrei-zentai.pdf
202607,41,738,813,1551,https://cms.city.urasoe.lg.jp/doc/2024061900039/file_contents/202607nenrei-zentai.pdf
202607,66,607,676,1283,https://cms.city.urasoe.lg.jp/doc/2024061900039/file_contents/202607nenrei-zentai.pdf
202607,91,122,220,342,https://cms.city.urasoe.lg.jp/doc/2024061900039/file_contents/202607nenrei-zentai.pdf
202607,17,716,698,1414,https://cms.city.urasoe.lg.jp/doc/2024061900039/file_contents/202607nenrei-zentai.pdf
202607,42,750,790,1540,https://cms.city.urasoe.lg.jp/doc/2024061900039/file_contents/202607nenrei-zentai.pdf
202607,67,651,649,1300,https://cms.city.urasoe.lg.jp/doc/2024061900039/file_contents/202607nenrei-zentai.pdf
202607,92,70,193,263,https://cms.city.urasoe.lg.jp/doc/2024061900039/file_contents/202607nenrei-zentai.pdf
202607,18,659,635,1294,https://cms.city.urasoe.lg.jp/doc/2024061900039/file_contents/202607nenrei-zentai.pdf
202607,43,726,712,1438,https://cms.city.urasoe.lg.jp/doc/2024061900039/file_contents/202607nenrei-zentai.pdf
202607,68,593,617,1210,https://cms.city.urasoe.lg.jp/doc/2024061900039/file_contents/202607nenrei-zentai.pdf
202607,93,75,154,229,https://cms.city.urasoe.lg.jp/doc/2024061900039/file_contents/202607nenrei-zentai.pdf
202607,19,693,626,1319,https://cms.city.urasoe.lg.jp/doc/2024061900039/file_contents/202607nenrei-zentai.pdf
202607,44,715,740,1455,https://cms.city.urasoe.lg.jp/doc/2024061900039/file_contents/202607nenrei-zentai.pdf
202607,69,569,613,1182,https://cms.city.urasoe.lg.jp/doc/2024061900039/file_contents/202607nenrei-zentai.pdf
202607,94,42,128,170,https://cms.city.urasoe.lg.jp/doc/2024061900039/file_contents/202607nenrei-zentai.pdf
202607,20,626,650,1276,https://cms.city.urasoe.lg.jp/doc/2024061900039/file_contents/202607nenrei-zentai.pdf
202607,45,726,745,1471,https://cms.city.urasoe.lg.jp/doc/2024061900039/file_contents/202607nenrei-zentai.pdf
202607,70,538,600,1138,https://cms.city.urasoe.lg.jp/doc/2024061900039/file_contents/202607nenrei-zentai.pdf
202607,95,33,84,117,https://cms.city.urasoe.lg.jp/doc/2024061900039/file_contents/202607nenrei-zentai.pdf
202607,21,640,570,1210,https://cms.city.urasoe.lg.jp/doc/2024061900039/file_contents/202607nenrei-zentai.pdf
202607,46,718,775,1493,https://cms.city.urasoe.lg.jp/doc/2024061900039/file_contents/202607nenrei-zentai.pdf
202607,71,586,672,1258,https://cms.city.urasoe.lg.jp/doc/2024061900039/file_contents/202607nenrei-zentai.pdf
202607,96,23,85,108,https://cms.city.urasoe.lg.jp/doc/2024061900039/file_contents/202607nenrei-zentai.pdf
202607,22,632,615,1247,https://cms.city.urasoe.lg.jp/doc/2024061900039/file_contents/202607nenrei-zentai.pdf
202607,47,801,767,1568,https://cms.city.urasoe.lg.jp/doc/2024061900039/file_contents/202607nenrei-zentai.pdf
202607,72,559,675,1234,https://cms.city.urasoe.lg.jp/doc/2024061900039/file_contents/202607nenrei-zentai.pdf
202607,97,23,57,80,https://cms.city.urasoe.lg.jp/doc/2024061900039/file_contents/202607nenrei-zentai.pdf
202607,23,658,601,1259,https://cms.city.urasoe.lg.jp/doc/2024061900039/file_contents/202607nenrei-zentai.pdf
202607,48,769,779,1548,https://cms.city.urasoe.lg.jp/doc/2024061900039/file_contents/202607nenrei-zentai.pdf
202607,73,600,682,1282,https://cms.city.urasoe.lg.jp/doc/2024061900039/file_contents/202607nenrei-zentai.pdf
202607,98,10,55,65,https://cms.city.urasoe.lg.jp/doc/2024061900039/file_contents/202607nenrei-zentai.pdf
202607,24,687,607,1294,https://cms.city.urasoe.lg.jp/doc/2024061900039/file_contents/202607nenrei-zentai.pdf
202607,49,800,856,1656,https://cms.city.urasoe.lg.jp/doc/2024061900039/file_contents/202607nenrei-zentai.pdf
202607,74,541,708,1249,https://cms.city.urasoe.lg.jp/doc/2024061900039/file_contents/202607nenrei-zentai.pdf
202607,99,2,29,31,https://cms.city.urasoe.lg.jp/doc/2024061900039/file_contents/202607nenrei-zentai.pdf
202607,100,1,21,22,https://cms.city.urasoe.lg.jp/doc/2024061900039/file_contents/202607nenrei-zentai.pdf
202607,101,0,13,13,https://cms.city.urasoe.lg.jp/doc/2024061900039/file_contents/202607nenrei-zentai.pdf
202608,0,482,487,969,https://cms.city.urasoe.lg.jp/doc/2024061900039/file_contents/202608nenrei-zentai.pdf
202608,25,631,649,1280,https://cms.city.urasoe.lg.jp/doc/2024061900039/file_contents/202608nenrei-zentai.pdf
202608,50,836,854,1690,https://cms.city.urasoe.lg.jp/doc/2024061900039/file_contents/202608nenrei-zentai.pdf
202608,75,584,704,1288,https://cms.city.urasoe.lg.jp/doc/2024061900039/file_contents/202608nenrei-zentai.pdf
202608,1,471,453,924,https://cms.city.urasoe.lg.jp/doc/2024061900039/file_contents/202608nenrei-zentai.pdf
202608,26,637,628,1265,https://cms.city.urasoe.lg.jp/doc/2024061900039/file_contents/202608nenrei-zentai.pdf
202608,51,895,924,1819,https://cms.city.urasoe.lg.jp/doc/2024061900039/file_contents/202608nenrei-zentai.pdf
202608,76,555,674,1229,https://cms.city.urasoe.lg.jp/doc/2024061900039/file_contents/202608nenrei-zentai.pdf
202608,2,488,472,960,https://cms.city.urasoe.lg.jp/doc/2024061900039/file_contents/202608nenrei-zentai.pdf
202608,27,650,614,1264,https://cms.city.urasoe.lg.jp/doc/2024061900039/file_contents/202608nenrei-zentai.pdf
202608,52,917,976,1893,https://cms.city.urasoe.lg.jp/doc/2024061900039/file_contents/202608nenrei-zentai.pdf
202608,77,512,574,1086,https://cms.city.urasoe.lg.jp/doc/2024061900039/file_contents/202608nenrei-zentai.pdf
202608,3,521,513,1034,https://cms.city.urasoe.lg.jp/doc/2024061900039/file_contents/202608nenrei-zentai.pdf
202608,28,694,653,1347,https://cms.city.urasoe.lg.jp/doc/2024061900039/file_contents/202608nenrei-zentai.pdf
202608,53,915,938,1853,https://cms.city.urasoe.lg.jp/doc/2024061900039/file_contents/202608nenrei-zentai.pdf
202608,78,536,632,1168,https://cms.city.urasoe.lg.jp/doc/2024061900039/file_contents/202608nenrei-zentai.pdf
202608,4,588,531,1119,https://cms.city.urasoe.lg.jp/doc/2024061900039/file_contents/202608nenrei-zentai.pdf
202608,29,658,668,1326,https://cms.city.urasoe.lg.jp/doc/2024061900039/file_contents/202608nenrei-zentai.pdf
202608,54,865,862,1727,https://cms.city.urasoe.lg.jp/doc/2024061900039/file_contents/202608nenrei-zentai.pdf
202608,79,407,478,885,https://cms.city.urasoe.lg.jp/doc/2024061900039/file_contents/202608nenrei-zentai.pdf
202608,5,628,537,1165,https://cms.city.urasoe.lg.jp/doc/2024061900039/file_contents/202608nenrei-zentai.pdf
202608,30,660,656,1316,https://cms.city.urasoe.lg.jp/doc/2024061900039/file_contents/202608nenrei-zentai.pdf
202608,55,803,872,1675,https://cms.city.urasoe.lg.jp/doc/2024061900039/file_contents/202608nenrei-zentai.pdf
202608,80,181,240,421,https://cms.city.urasoe.lg.jp/doc/2024061900039/file_contents/202608nenrei-zentai.pdf
202608,6,572,583,1155,https://cms.city.urasoe.lg.jp/doc/2024061900039/file_contents/202608nenrei-zentai.pdf
202608,31,623,700,1323,https://cms.city.urasoe.lg.jp/doc/2024061900039/file_contents/202608nenrei-zentai.pdf
202608,56,779,813,1592,https://cms.city.urasoe.lg.jp/doc/2024061900039/file_contents/202608nenrei-zentai.pdf
202608,81,201,315,516,https://cms.city.urasoe.lg.jp/doc/2024061900039/file_contents/202608nenrei-zentai.pdf
202608,7,588,565,1153,https://cms.city.urasoe.lg.jp/doc/2024061900039/file_contents/202608nenrei-zentai.pdf
202608,32,629,656,1285,https://cms.city.urasoe.lg.jp/doc/2024061900039/file_contents/202608nenrei-zentai.pdf
202608,57,824,837,1661,https://cms.city.urasoe.lg.jp/doc/2024061900039/file_contents/202608nenrei-zentai.pdf
202608,82,300,374,674,https://cms.city.urasoe.lg.jp/doc/2024061900039/file_contents/202608nenrei-zentai.pdf
202608,8,628,550,1178,https://cms.city.urasoe.lg.jp/doc/2024061900039/file_contents/202608nenrei-zentai.pdf
202608,33,646,663,1309,https://cms.city.urasoe.lg.jp/doc/2024061900039/file_contents/202608nenrei-zentai.pdf
202608,58,785,876,1661,https://cms.city.urasoe.lg.jp/doc/2024061900039/file_contents/202608nenrei-zentai.pdf
202608,83,264,418,682,https://cms.city.urasoe.lg.jp/doc/2024061900039/file_contents/202608nenrei-zentai.pdf
202608,9,637,641,1278,https://cms.city.urasoe.lg.jp/doc/2024061900039/file_contents/202608nenrei-zentai.pdf
202608,34,675,665,1340,https://cms.city.urasoe.lg.jp/doc/2024061900039/file_contents/202608nenrei-zentai.pdf
202608,59,776,796,1572,https://cms.city.urasoe.lg.jp/doc/2024061900039/file_contents/202608nenrei-zentai.pdf
202608,84,275,384,659,https://cms.city.urasoe.lg.jp/doc/2024061900039/file_contents/202608nenrei-zentai.pdf
202608,10,622,631,1253,https://cms.city.urasoe.lg.jp/doc/2024061900039/file_contents/202608nenrei-zentai.pdf
202608,35,638,674,1312,https://cms.city.urasoe.lg.jp/doc/2024061900039/file_contents/202608nenrei-zentai.pdf
202608,60,589,638,1227,https://cms.city.urasoe.lg.jp/doc/2024061900039/file_contents/202608nenrei-zentai.pdf
202608,85,274,392,666,https://cms.city.urasoe.lg.jp/doc/2024061900039/file_contents/202608nenrei-zentai.pdf
202608,11,625,658,1283,https://cms.city.urasoe.lg.jp/doc/2024061900039/file_contents/202608nenrei-zentai.pdf
202608,36,673,687,1360,https://cms.city.urasoe.lg.jp/doc/2024061900039/file_contents/202608nenrei-zentai.pdf
202608,61,664,726,1390,https://cms.city.urasoe.lg.jp/doc/2024061900039/file_contents/202608nenrei-zentai.pdf
202608,86,237,365,602,https://cms.city.urasoe.lg.jp/doc/2024061900039/file_contents/202608nenrei-zentai.pdf
202608,12,669,601,1270,https://cms.city.urasoe.lg.jp/doc/2024061900039/file_contents/202608nenrei-zentai.pdf
202608,37,669,705,1374,https://cms.city.urasoe.lg.jp/doc/2024061900039/file_contents/202608nenrei-zentai.pdf
202608,62,678,733,1411,https://cms.city.urasoe.lg.jp/doc/2024061900039/file_contents/202608nenrei-zentai.pdf
202608,87,218,320,538,https://cms.city.urasoe.lg.jp/doc/2024061900039/file_contents/202608nenrei-zentai.pdf
202608,13,692,646,1338,https://cms.city.urasoe.lg.jp/doc/2024061900039/file_contents/202608nenrei-zentai.pdf
202608,38,675,668,1343,https://cms.city.urasoe.lg.jp/doc/2024061900039/file_contents/202608nenrei-zentai.pdf
202608,63,645,768,1413,https://cms.city.urasoe.lg.jp/doc/2024061900039/file_contents/202608nenrei-zentai.pdf
202608,88,205,276,481,https://cms.city.urasoe.lg.jp/doc/2024061900039/file_contents/202608nenrei-zentai.pdf
202608,14,709,710,1419,https://cms.city.urasoe.lg.jp/doc/2024061900039/file_contents/202608nenrei-zentai.pdf
202608,39,730,709,1439,https://cms.city.urasoe.lg.jp/doc/2024061900039/file_contents/202608nenrei-zentai.pdf
202608,64,614,676,1290,https://cms.city.urasoe.lg.jp/doc/2024061900039/file_contents/202608nenrei-zentai.pdf
202608,89,133,289,422,https://cms.city.urasoe.lg.jp/doc/2024061900039/file_contents/202608nenrei-zentai.pdf
202608,15,655,687,1342,https://cms.city.urasoe.lg.jp/doc/2024061900039/file_contents/202608nenrei-zentai.pdf
202608,40,700,725,1425,https://cms.city.urasoe.lg.jp/doc/2024061900039/file_contents/202608nenrei-zentai.pdf
202608,65,696,692,1388,https://cms.city.urasoe.lg.jp/doc/2024061900039/file_contents/202608nenrei-zentai.pdf
202608,90,133,282,415,https://cms.city.urasoe.lg.jp/doc/2024061900039/file_contents/202608nenrei-zentai.pdf
202608,16,698,652,1350,https://cms.city.urasoe.lg.jp/doc/2024061900039/file_contents/202608nenrei-zentai.pdf
202608,41,752,806,1558,https://cms.city.urasoe.lg.jp/doc/2024061900039/file_contents/202608nenrei-zentai.pdf
202608,66,598,678,1276,https://cms.city.urasoe.lg.jp/doc/2024061900039/file_contents/202608nenrei-zentai.pdf
202608,91,118,215,333,https://cms.city.urasoe.lg.jp/doc/2024061900039/file_contents/202608nenrei-zentai.pdf
202608,17,719,680,1399,https://cms.city.urasoe.lg.jp/doc/2024061900039/file_contents/202608nenrei-zentai.pdf
202608,42,761,796,1557,https://cms.city.urasoe.lg.jp/doc/2024061900039/file_contents/202608nenrei-zentai.pdf
202608,67,654,632,1286,https://cms.city.urasoe.lg.jp/doc/2024061900039/file_contents/202608nenrei-zentai.pdf
202608,92,70,197,267,https://cms.city.urasoe.lg.jp/doc/2024061900039/file_contents/202608nenrei-zentai.pdf
202608,18,669,642,1311,https://cms.city.urasoe.lg.jp/doc/2024061900039/file_contents/202608nenrei-zentai.pdf
202608,43,721,714,1435,https://cms.city.urasoe.lg.jp/doc/2024061900039/file_contents/202608nenrei-zentai.pdf
202608,68,601,634,1235,https://cms.city.urasoe.lg.jp/doc/2024061900039/file_contents/202608nenrei-zentai.pdf
202608,93,75,155,230,https://cms.city.urasoe.lg.jp/doc/2024061900039/file_contents/202608nenrei-zentai.pdf
202608,19,687,617,1304,https://cms.city.urasoe.lg.jp/doc/2024061900039/file_contents/202608nenrei-zentai.pdf
202608,44,725,732,1457,https://cms.city.urasoe.lg.jp/doc/2024061900039/file_contents/202608nenrei-zentai.pdf
202608,69,563,612,1175,https://cms.city.urasoe.lg.jp/doc/2024061900039/file_contents/202608nenrei-zentai.pdf
202608,94,46,129,175,https://cms.city.urasoe.lg.jp/doc/2024061900039/file_contents/202608nenrei-zentai.pdf
202608,20,629,661,1290,https://cms.city.urasoe.lg.jp/doc/2024061900039/file_contents/202608nenrei-zentai.pdf
202608,45,722,735,1457,https://cms.city.urasoe.lg.jp/doc/2024061900039/file_contents/202608nenrei-zentai.pdf
202608,70,543,601,1144,https://cms.city.urasoe.lg.jp/doc/2024061900039/file_contents/202608nenrei-zentai.pdf
202608,95,29,90,119,https://cms.city.urasoe.lg.jp/doc/2024061900039/file_contents/202608nenrei-zentai.pdf
202608,21,641,558,1199,https://cms.city.urasoe.lg.jp/doc/2024061900039/file_contents/202608nenrei-zentai.pdf
202608,46,716,797,1513,https://cms.city.urasoe.lg.jp/doc/2024061900039/file_contents/202608nenrei-zentai.pdf
202608,71,577,665,1242,https://cms.city.urasoe.lg.jp/doc/2024061900039/file_contents/202608nenrei-zentai.pdf
202608,96,26,83,109,https://cms.city.urasoe.lg.jp/doc/2024061900039/file_contents/202608nenrei-zentai.pdf
202608,22,629,615,1244,https://cms.city.urasoe.lg.jp/doc/2024061900039/file_contents/202608nenrei-zentai.pdf
202608,47,797,757,1554,https://cms.city.urasoe.lg.jp/doc/2024061900039/file_contents/202608nenrei-zentai.pdf
202608,72,553,676,1229,https://cms.city.urasoe.lg.jp/doc/2024061900039/file_contents/202608nenrei-zentai.pdf
202608,97,25,52,77,https://cms.city.urasoe.lg.jp/doc/2024061900039/file_contents/202608nenrei-zentai.pdf
202608,23,658,623,1281,https://cms.city.urasoe.lg.jp/doc/2024061900039/file_contents/202608nenrei-zentai.pdf
202608,48,765,783,1548,https://cms.city.urasoe.lg.jp/doc/2024061900039/file_contents/202608nenrei-zentai.pdf
202608,73,599,674,1273,https://cms.city.urasoe.lg.jp/doc/2024061900039/file_contents/202608nenrei-zentai.pdf
202608,98,10,54,64,https://cms.city.urasoe.lg.jp/doc/2024061900039/file_contents/202608nenrei-zentai.pdf
202608,24,688,596,1284,https://cms.city.urasoe.lg.jp/doc/2024061900039/file_contents/202608nenrei-zentai.pdf
202608,49,781,838,1619,https://cms.city.urasoe.lg.jp/doc/2024061900039/file_contents/202608nenrei-zentai.pdf
202608,74,550,705,1255,https://cms.city.urasoe.lg.jp/doc/2024061900039/file_contents/202608nenrei-zentai.pdf
202608,99,1,34,35,https://cms.city.urasoe.lg.jp/doc/2024061900039/file_contents/202608nenrei-zentai.pdf
202608,100,1,22,23,https://cms.city.urasoe.lg.jp/doc/2024061900039/file_contents/202608nenrei-zentai.pdf
202608,101,0,12,12,https://cms.city.urasoe.lg.jp/doc/2024061900039/file_contents/202608nenrei-zentai.pdf
202301,0,560,527,1087,https://www.city.urasoe.lg.jp/doc/6656c72c699259328fa9f750/file_contents/202301nenrei-zentai.pdf
202301,25,607,672,1279,https://www.city.urasoe.lg.jp/doc/6656c72c699259328fa9f750/file_contents/202301nenrei-zentai.pdf
202301,50,903,890,1793,https://www.city.urasoe.lg.jp/doc/6656c72c699259328fa9f750/file_contents/202301nenrei-zentai.pdf
202301,75,581,637,1218,https://www.city.urasoe.lg.jp/doc/6656c72c699259328fa9f750/file_contents/202301nenrei-zentai.pdf
202301,1,609,568,1177,https://www.city.urasoe.lg.jp/doc/6656c72c699259328fa9f750/file_contents/202301nenrei-zentai.pdf
202301,26,674,623,1297,https://www.city.urasoe.lg.jp/doc/6656c72c699259328fa9f750/file_contents/202301nenrei-zentai.pdf
202301,51,827,897,1724,https://www.city.urasoe.lg.jp/doc/6656c72c699259328fa9f750/file_contents/202301nenrei-zentai.pdf
202301,76,278,329,607,https://www.city.urasoe.lg.jp/doc/6656c72c699259328fa9f750/file_contents/202301nenrei-zentai.pdf
202301,2,617,584,1201,https://www.city.urasoe.lg.jp/doc/6656c72c699259328fa9f750/file_contents/202301nenrei-zentai.pdf
202301,27,618,637,1255,https://www.city.urasoe.lg.jp/doc/6656c72c699259328fa9f750/file_contents/202301nenrei-zentai.pdf
202301,52,797,869,1666,https://www.city.urasoe.lg.jp/doc/6656c72c699259328fa9f750/file_contents/202301nenrei-zentai.pdf
202301,77,207,262,469,https://www.city.urasoe.lg.jp/doc/6656c72c699259328fa9f750/file_contents/202301nenrei-zentai.pdf
202301,3,623,557,1180,https://www.city.urasoe.lg.jp/doc/6656c72c699259328fa9f750/file_contents/202301nenrei-zentai.pdf
202301,28,645,625,1270,https://www.city.urasoe.lg.jp/doc/6656c72c699259328fa9f750/file_contents/202301nenrei-zentai.pdf
202301,53,811,797,1608,https://www.city.urasoe.lg.jp/doc/6656c72c699259328fa9f750/file_contents/202301nenrei-zentai.pdf
202301,78,309,402,711,https://www.city.urasoe.lg.jp/doc/6656c72c699259328fa9f750/file_contents/202301nenrei-zentai.pdf
202301,4,588,559,1147,https://www.city.urasoe.lg.jp/doc/6656c72c699259328fa9f750/file_contents/202301nenrei-zentai.pdf
202301,29,626,675,1301,https://www.city.urasoe.lg.jp/doc/6656c72c699259328fa9f750/file_contents/202301nenrei-zentai.pdf
202301,54,821,878,1699,https://www.city.urasoe.lg.jp/doc/6656c72c699259328fa9f750/file_contents/202301nenrei-zentai.pdf
202301,79,351,431,782,https://www.city.urasoe.lg.jp/doc/6656c72c699259328fa9f750/file_contents/202301nenrei-zentai.pdf
202301,5,639,608,1247,https://www.city.urasoe.lg.jp/doc/6656c72c699259328fa9f750/file_contents/202301nenrei-zentai.pdf
202301,30,623,652,1275,https://www.city.urasoe.lg.jp/doc/6656c72c699259328fa9f750/file_contents/202301nenrei-zentai.pdf
202301,55,803,880,1683,https://www.city.urasoe.lg.jp/doc/6656c72c699259328fa9f750/file_contents/202301nenrei-zentai.pdf
202301,80,324,416,740,https://www.city.urasoe.lg.jp/doc/6656c72c699259328fa9f750/file_contents/202301nenrei-zentai.pdf
202301,6,620,626,1246,https://www.city.urasoe.lg.jp/doc/6656c72c699259328fa9f750/file_contents/202301nenrei-zentai.pdf
202301,31,674,673,1347,https://www.city.urasoe.lg.jp/doc/6656c72c699259328fa9f750/file_contents/202301nenrei-zentai.pdf
202301,56,654,682,1336,https://www.city.urasoe.lg.jp/doc/6656c72c699259328fa9f750/file_contents/202301nenrei-zentai.pdf
202301,81,339,467,806,https://www.city.urasoe.lg.jp/doc/6656c72c699259328fa9f750/file_contents/202301nenrei-zentai.pdf
202301,7,659,662,1321,https://www.city.urasoe.lg.jp/doc/6656c72c699259328fa9f750/file_contents/202301nenrei-zentai.pdf
202301,32,643,695,1338,https://www.city.urasoe.lg.jp/doc/6656c72c699259328fa9f750/file_contents/202301nenrei-zentai.pdf
202301,57,657,715,1372,https://www.city.urasoe.lg.jp/doc/6656c72c699259328fa9f750/file_contents/202301nenrei-zentai.pdf
202301,82,325,434,759,https://www.city.urasoe.lg.jp/doc/6656c72c699259328fa9f750/file_contents/202301nenrei-zentai.pdf
202301,8,636,602,1238,https://www.city.urasoe.lg.jp/doc/6656c72c699259328fa9f750/file_contents/202301nenrei-zentai.pdf
202301,33,656,655,1311,https://www.city.urasoe.lg.jp/doc/6656c72c699259328fa9f750/file_contents/202301nenrei-zentai.pdf
202301,58,670,716,1386,https://www.city.urasoe.lg.jp/doc/6656c72c699259328fa9f750/file_contents/202301nenrei-zentai.pdf
202301,83,303,397,700,https://www.city.urasoe.lg.jp/doc/6656c72c699259328fa9f750/file_contents/202301nenrei-zentai.pdf
202301,9,673,620,1293,https://www.city.urasoe.lg.jp/doc/6656c72c699259328fa9f750/file_contents/202301nenrei-zentai.pdf
202301,34,668,721,1389,https://www.city.urasoe.lg.jp/doc/6656c72c699259328fa9f750/file_contents/202301nenrei-zentai.pdf
202301,59,669,773,1442,https://www.city.urasoe.lg.jp/doc/6656c72c699259328fa9f750/file_contents/202301nenrei-zentai.pdf
202301,84,285,345,630,https://www.city.urasoe.lg.jp/doc/6656c72c699259328fa9f750/file_contents/202301nenrei-zentai.pdf
202301,10,691,695,1386,https://www.city.urasoe.lg.jp/doc/6656c72c699259328fa9f750/file_contents/202301nenrei-zentai.pdf
202301,35,684,655,1339,https://www.city.urasoe.lg.jp/doc/6656c72c699259328fa9f750/file_contents/202301nenrei-zentai.pdf
202301,60,632,707,1339,https://www.city.urasoe.lg.jp/doc/6656c72c699259328fa9f750/file_contents/202301nenrei-zentai.pdf
202301,85,220,356,576,https://www.city.urasoe.lg.jp/doc/6656c72c699259328fa9f750/file_contents/202301nenrei-zentai.pdf
202301,11,712,696,1408,https://www.city.urasoe.lg.jp/doc/6656c72c699259328fa9f750/file_contents/202301nenrei-zentai.pdf
202301,36,772,755,1527,https://www.city.urasoe.lg.jp/doc/6656c72c699259328fa9f750/file_contents/202301nenrei-zentai.pdf
202301,61,693,730,1423,https://www.city.urasoe.lg.jp/doc/6656c72c699259328fa9f750/file_contents/202301nenrei-zentai.pdf
202301,86,215,351,566,https://www.city.urasoe.lg.jp/doc/6656c72c699259328fa9f750/file_contents/202301nenrei-zentai.pdf
202301,12,651,674,1325,https://www.city.urasoe.lg.jp/doc/6656c72c699259328fa9f750/file_contents/202301nenrei-zentai.pdf
202301,37,725,767,1492,https://www.city.urasoe.lg.jp/doc/6656c72c699259328fa9f750/file_contents/202301nenrei-zentai.pdf
202301,62,669,661,1330,https://www.city.urasoe.lg.jp/doc/6656c72c699259328fa9f750/file_contents/202301nenrei-zentai.pdf
202301,87,185,317,502,https://www.city.urasoe.lg.jp/doc/6656c72c699259328fa9f750/file_contents/202301nenrei-zentai.pdf
202301,13,726,638,1364,https://www.city.urasoe.lg.jp/doc/6656c72c699259328fa9f750/file_contents/202301nenrei-zentai.pdf
202301,38,741,792,1533,https://www.city.urasoe.lg.jp/doc/6656c72c699259328fa9f750/file_contents/202301nenrei-zentai.pdf
202301,63,649,676,1325,https://www.city.urasoe.lg.jp/doc/6656c72c699259328fa9f750/file_contents/202301nenrei-zentai.pdf
202301,88,153,307,460,https://www.city.urasoe.lg.jp/doc/6656c72c699259328fa9f750/file_contents/202301nenrei-zentai.pdf
202301,14,711,707,1418,https://www.city.urasoe.lg.jp/doc/6656c72c699259328fa9f750/file_contents/202301nenrei-zentai.pdf
202301,39,735,776,1511,https://www.city.urasoe.lg.jp/doc/6656c72c699259328fa9f750/file_contents/202301nenrei-zentai.pdf
202301,64,666,647,1313,https://www.city.urasoe.lg.jp/doc/6656c72c699259328fa9f750/file_contents/202301nenrei-zentai.pdf
202301,89,118,239,357,https://www.city.urasoe.lg.jp/doc/6656c72c699259328fa9f750/file_contents/202301nenrei-zentai.pdf
202301,15,711,675,1386,https://www.city.urasoe.lg.jp/doc/6656c72c699259328fa9f750/file_contents/202301nenrei-zentai.pdf
202301,40,713,716,1429,https://www.city.urasoe.lg.jp/doc/6656c72c699259328fa9f750/file_contents/202301nenrei-zentai.pdf
202301,65,587,607,1194,https://www.city.urasoe.lg.jp/doc/6656c72c699259328fa9f750/file_contents/202301nenrei-zentai.pdf
202301,90,101,224,325,https://www.city.urasoe.lg.jp/doc/6656c72c699259328fa9f750/file_contents/202301nenrei-zentai.pdf
202301,16,739,709,1448,https://www.city.urasoe.lg.jp/doc/6656c72c699259328fa9f750/file_contents/202301nenrei-zentai.pdf
202301,41,685,771,1456,https://www.city.urasoe.lg.jp/doc/6656c72c699259328fa9f750/file_contents/202301nenrei-zentai.pdf
202301,66,589,639,1228,https://www.city.urasoe.lg.jp/doc/6656c72c699259328fa9f750/file_contents/202301nenrei-zentai.pdf
202301,91,74,172,246,https://www.city.urasoe.lg.jp/doc/6656c72c699259328fa9f750/file_contents/202301nenrei-zentai.pdf
202301,17,670,622,1292,https://www.city.urasoe.lg.jp/doc/6656c72c699259328fa9f750/file_contents/202301nenrei-zentai.pdf
202301,42,725,780,1505,https://www.city.urasoe.lg.jp/doc/6656c72c699259328fa9f750/file_contents/202301nenrei-zentai.pdf
202301,67,592,648,1240,https://www.city.urasoe.lg.jp/doc/6656c72c699259328fa9f750/file_contents/202301nenrei-zentai.pdf
202301,92,61,136,197,https://www.city.urasoe.lg.jp/doc/6656c72c699259328fa9f750/file_contents/202301nenrei-zentai.pdf
202301,18,705,647,1352,https://www.city.urasoe.lg.jp/doc/6656c72c699259328fa9f750/file_contents/202301nenrei-zentai.pdf
202301,43,752,779,1531,https://www.city.urasoe.lg.jp/doc/6656c72c699259328fa9f750/file_contents/202301nenrei-zentai.pdf
202301,68,594,683,1277,https://www.city.urasoe.lg.jp/doc/6656c72c699259328fa9f750/file_contents/202301nenrei-zentai.pdf
202301,93,47,134,181,https://www.city.urasoe.lg.jp/doc/6656c72c699259328fa9f750/file_contents/202301nenrei-zentai.pdf
202301,19,684,626,1310,https://www.city.urasoe.lg.jp/doc/6656c72c699259328fa9f750/file_contents/202301nenrei-zentai.pdf
202301,44,811,807,1618,https://www.city.urasoe.lg.jp/doc/6656c72c699259328fa9f750/file_contents/202301nenrei-zentai.pdf
202301,69,610,688,1298,https://www.city.urasoe.lg.jp/doc/6656c72c699259328fa9f750/file_contents/202301nenrei-zentai.pdf
202301,94,41,107,148,https://www.city.urasoe.lg.jp/doc/6656c72c699259328fa9f750/file_contents/202301nenrei-zentai.pdf
202301,20,667,616,1283,https://www.city.urasoe.lg.jp/doc/6656c72c699259328fa9f750/file_contents/202301nenrei-zentai.pdf
202301,45,777,804,1581,https://www.city.urasoe.lg.jp/doc/6656c72c699259328fa9f750/file_contents/202301nenrei-zentai.pdf
202301,70,648,717,1365,https://www.city.urasoe.lg.jp/doc/6656c72c699259328fa9f750/file_contents/202301nenrei-zentai.pdf
202301,95,21,85,106,https://www.city.urasoe.lg.jp/doc/6656c72c699259328fa9f750/file_contents/202301nenrei-zentai.pdf
202301,21,663,670,1333,https://www.city.urasoe.lg.jp/doc/6656c72c699259328fa9f750/file_contents/202301nenrei-zentai.pdf
202301,46,821,877,1698,https://www.city.urasoe.lg.jp/doc/6656c72c699259328fa9f750/file_contents/202301nenrei-zentai.pdf
202301,71,612,776,1388,https://www.city.urasoe.lg.jp/doc/6656c72c699259328fa9f750/file_contents/202301nenrei-zentai.pdf
202301,96,13,65,78,https://www.city.urasoe.lg.jp/doc/6656c72c699259328fa9f750/file_contents/202301nenrei-zentai.pdf
202301,22,649,646,1295,https://www.city.urasoe.lg.jp/doc/6656c72c699259328fa9f750/file_contents/202301nenrei-zentai.pdf
202301,47,886,868,1754,https://www.city.urasoe.lg.jp/doc/6656c72c699259328fa9f750/file_contents/202301nenrei-zentai.pdf
202301,72,647,695,1342,https://www.city.urasoe.lg.jp/doc/6656c72c699259328fa9f750/file_contents/202301nenrei-zentai.pdf
202301,97,2,49,51,https://www.city.urasoe.lg.jp/doc/6656c72c699259328fa9f750/file_contents/202301nenrei-zentai.pdf
202301,23,662,607,1269,https://www.city.urasoe.lg.jp/doc/6656c72c699259328fa9f750/file_contents/202301nenrei-zentai.pdf
202301,48,921,960,1881,https://www.city.urasoe.lg.jp/doc/6656c72c699259328fa9f750/file_contents/202301nenrei-zentai.pdf
202301,73,576,630,1206,https://www.city.urasoe.lg.jp/doc/6656c72c699259328fa9f750/file_contents/202301nenrei-zentai.pdf
202301,98,9,28,37,https://www.city.urasoe.lg.jp/doc/6656c72c699259328fa9f750/file_contents/202301nenrei-zentai.pdf
202301,24,666,633,1299,https://www.city.urasoe.lg.jp/doc/6656c72c699259328fa9f750/file_contents/202301nenrei-zentai.pdf
202301,49,907,1007,1914,https://www.city.urasoe.lg.jp/doc/6656c72c699259328fa9f750/file_contents/202301nenrei-zentai.pdf
202301,74,592,638,1230,https://www.city.urasoe.lg.jp/doc/6656c72c699259328fa9f750/file_contents/202301nenrei-zentai.pdf
202301,99,9,23,32,https://www.city.urasoe.lg.jp/doc/6656c72c699259328fa9f750/file_contents/202301nenrei-zentai.pdf
202301,100,4,23,27,https://www.city.urasoe.lg.jp/doc/6656c72c699259328fa9f750/file_contents/202301nenrei-zentai.pdf
202301,101,2,15,17,https://www.city.urasoe.lg.jp/doc/6656c72c699259328fa9f750/file_contents/202301nenrei-zentai.pdf
202302,0,557,528,1085,https://www.city.urasoe.lg.jp/doc/6656c72c699259328fa9f750/file_contents/202302nenrei-zentai.pdf
202302,25,621,673,1294,https://www.city.urasoe.lg.jp/doc/6656c72c699259328fa9f750/file_contents/202302nenrei-zentai.pdf
202302,50,881,898,1779,https://www.city.urasoe.lg.jp/doc/6656c72c699259328fa9f750/file_contents/202302nenrei-zentai.pdf
202302,75,596,642,1238,https://www.city.urasoe.lg.jp/doc/6656c72c699259328fa9f750/file_contents/202302nenrei-zentai.pdf
202302,1,603,564,1167,https://www.city.urasoe.lg.jp/doc/6656c72c699259328fa9f750/file_contents/202302nenrei-zentai.pdf
202302,26,662,611,1273,https://www.city.urasoe.lg.jp/doc/6656c72c699259328fa9f750/file_contents/202302nenrei-zentai.pdf
202302,51,835,884,1719,https://www.city.urasoe.lg.jp/doc/6656c72c699259328fa9f750/file_contents/202302nenrei-zentai.pdf
202302,76,303,352,655,https://www.city.urasoe.lg.jp/doc/6656c72c699259328fa9f750/file_contents/202302nenrei-zentai.pdf
202302,2,620,584,1204,https://www.city.urasoe.lg.jp/doc/6656c72c699259328fa9f750/file_contents/202302nenrei-zentai.pdf
202302,27,630,647,1277,https://www.city.urasoe.lg.jp/doc/6656c72c699259328fa9f750/file_contents/202302nenrei-zentai.pdf
202302,52,812,874,1686,https://www.city.urasoe.lg.jp/doc/6656c72c699259328fa9f750/file_contents/202302nenrei-zentai.pdf
202302,77,204,256,460,https://www.city.urasoe.lg.jp/doc/6656c72c699259328fa9f750/file_contents/202302nenrei-zentai.pdf
202302,3,620,551,1171,https://www.city.urasoe.lg.jp/doc/6656c72c699259328fa9f750/file_contents/202302nenrei-zentai.pdf
202302,28,640,630,1270,https://www.city.urasoe.lg.jp/doc/6656c72c699259328fa9f750/file_contents/202302nenrei-zentai.pdf
202302,53,795,793,1588,https://www.city.urasoe.lg.jp/doc/6656c72c699259328fa9f750/file_contents/202302nenrei-zentai.pdf
202302,78,284,390,674,https://www.city.urasoe.lg.jp/doc/6656c72c699259328fa9f750/file_contents/202302nenrei-zentai.pdf
202302,4,585,564,1149,https://www.city.urasoe.lg.jp/doc/6656c72c699259328fa9f750/file_contents/202302nenrei-zentai.pdf
202302,29,626,661,1287,https://www.city.urasoe.lg.jp/doc/6656c72c699259328fa9f750/file_contents/202302nenrei-zentai.pdf
202302,54,828,884,1712,https://www.city.urasoe.lg.jp/doc/6656c72c699259328fa9f750/file_contents/202302nenrei-zentai.pdf
202302,79,359,429,788,https://www.city.urasoe.lg.jp/doc/6656c72c699259328fa9f750/file_contents/202302nenrei-zentai.pdf
202302,5,625,594,1219,https://www.city.urasoe.lg.jp/doc/6656c72c699259328fa9f750/file_contents/202302nenrei-zentai.pdf
202302,30,627,651,1278,https://www.city.urasoe.lg.jp/doc/6656c72c699259328fa9f750/file_contents/202302nenrei-zentai.pdf
202302,55,801,869,1670,https://www.city.urasoe.lg.jp/doc/6656c72c699259328fa9f750/file_contents/202302nenrei-zentai.pdf
202302,80,319,427,746,https://www.city.urasoe.lg.jp/doc/6656c72c699259328fa9f750/file_contents/202302nenrei-zentai.pdf
202302,6,630,637,1267,https://www.city.urasoe.lg.jp/doc/6656c72c699259328fa9f750/file_contents/202302nenrei-zentai.pdf
202302,31,680,679,1359,https://www.city.urasoe.lg.jp/doc/6656c72c699259328fa9f750/file_contents/202302nenrei-zentai.pdf
202302,56,653,703,1356,https://www.city.urasoe.lg.jp/doc/6656c72c699259328fa9f750/file_contents/202302nenrei-zentai.pdf
202302,81,332,462,794,https://www.city.urasoe.lg.jp/doc/6656c72c699259328fa9f750/file_contents/202302nenrei-zentai.pdf
202302,7,658,645,1303,https://www.city.urasoe.lg.jp/doc/6656c72c699259328fa9f750/file_contents/202302nenrei-zentai.pdf
202302,32,647,708,1355,https://www.city.urasoe.lg.jp/doc/6656c72c699259328fa9f750/file_contents/202302nenrei-zentai.pdf
202302,57,671,714,1385,https://www.city.urasoe.lg.jp/doc/6656c72c699259328fa9f750/file_contents/202302nenrei-zentai.pdf
202302,82,340,425,765,https://www.city.urasoe.lg.jp/doc/6656c72c699259328fa9f750/file_contents/202302nenrei-zentai.pdf
202302,8,635,621,1256,https://www.city.urasoe.lg.jp/doc/6656c72c699259328fa9f750/file_contents/202302nenrei-zentai.pdf
202302,33,662,649,1311,https://www.city.urasoe.lg.jp/doc/6656c72c699259328fa9f750/file_contents/202302nenrei-zentai.pdf
202302,58,653,705,1358,https://www.city.urasoe.lg.jp/doc/6656c72c699259328fa9f750/file_contents/202302nenrei-zentai.pdf
202302,83,300,407,707,https://www.city.urasoe.lg.jp/doc/6656c72c699259328fa9f750/file_contents/202302nenrei-zentai.pdf
202302,9,681,611,1292,https://www.city.urasoe.lg.jp/doc/6656c72c699259328fa9f750/file_contents/202302nenrei-zentai.pdf
202302,34,656,717,1373,https://www.city.urasoe.lg.jp/doc/6656c72c699259328fa9f750/file_contents/202302nenrei-zentai.pdf
202302,59,673,768,1441,https://www.city.urasoe.lg.jp/doc/6656c72c699259328fa9f750/file_contents/202302nenrei-zentai.pdf
202302,84,286,334,620,https://www.city.urasoe.lg.jp/doc/6656c72c699259328fa9f750/file_contents/202302nenrei-zentai.pdf
202302,10,676,679,1355,https://www.city.urasoe.lg.jp/doc/6656c72c699259328fa9f750/file_contents/202302nenrei-zentai.pdf
202302,35,692,658,1350,https://www.city.urasoe.lg.jp/doc/6656c72c699259328fa9f750/file_contents/202302nenrei-zentai.pdf
202302,60,628,731,1359,https://www.city.urasoe.lg.jp/doc/6656c72c699259328fa9f750/file_contents/202302nenrei-zentai.pdf
202302,85,229,357,586,https://www.city.urasoe.lg.jp/doc/6656c72c699259328fa9f750/file_contents/202302nenrei-zentai.pdf
202302,11,709,704,1413,https://www.city.urasoe.lg.jp/doc/6656c72c699259328fa9f750/file_contents/202302nenrei-zentai.pdf
202302,36,768,763,1531,https://www.city.urasoe.lg.jp/doc/6656c72c699259328fa9f750/file_contents/202302nenrei-zentai.pdf
202302,61,693,720,1413,https://www.city.urasoe.lg.jp/doc/6656c72c699259328fa9f750/file_contents/202302nenrei-zentai.pdf
202302,86,209,345,554,https://www.city.urasoe.lg.jp/doc/6656c72c699259328fa9f750/file_contents/202302nenrei-zentai.pdf
202302,12,662,682,1344,https://www.city.urasoe.lg.jp/doc/6656c72c699259328fa9f750/file_contents/202302nenrei-zentai.pdf
202302,37,721,743,1464,https://www.city.urasoe.lg.jp/doc/6656c72c699259328fa9f750/file_contents/202302nenrei-zentai.pdf
202302,62,668,670,1338,https://www.city.urasoe.lg.jp/doc/6656c72c699259328fa9f750/file_contents/202302nenrei-zentai.pdf
202302,87,191,315,506,https://www.city.urasoe.lg.jp/doc/6656c72c699259328fa9f750/file_contents/202302nenrei-zentai.pdf
202302,13,723,638,1361,https://www.city.urasoe.lg.jp/doc/6656c72c699259328fa9f750/file_contents/202302nenrei-zentai.pdf
202302,38,739,808,1547,https://www.city.urasoe.lg.jp/doc/6656c72c699259328fa9f750/file_contents/202302nenrei-zentai.pdf
202302,63,658,684,1342,https://www.city.urasoe.lg.jp/doc/6656c72c699259328fa9f750/file_contents/202302nenrei-zentai.pdf
202302,88,157,314,471,https://www.city.urasoe.lg.jp/doc/6656c72c699259328fa9f750/file_contents/202302nenrei-zentai.pdf
202302,14,712,687,1399,https://www.city.urasoe.lg.jp/doc/6656c72c699259328fa9f750/file_contents/202302nenrei-zentai.pdf
202302,39,750,775,1525,https://www.city.urasoe.lg.jp/doc/6656c72c699259328fa9f750/file_contents/202302nenrei-zentai.pdf
202302,64,668,657,1325,https://www.city.urasoe.lg.jp/doc/6656c72c699259328fa9f750/file_contents/202302nenrei-zentai.pdf
202302,89,108,248,356,https://www.city.urasoe.lg.jp/doc/6656c72c699259328fa9f750/file_contents/202302nenrei-zentai.pdf
202302,15,701,693,1394,https://www.city.urasoe.lg.jp/doc/6656c72c699259328fa9f750/file_contents/202302nenrei-zentai.pdf
202302,40,706,713,1419,https://www.city.urasoe.lg.jp/doc/6656c72c699259328fa9f750/file_contents/202302nenrei-zentai.pdf
202302,65,562,594,1156,https://www.city.urasoe.lg.jp/doc/6656c72c699259328fa9f750/file_contents/202302nenrei-zentai.pdf
202302,90,108,218,326,https://www.city.urasoe.lg.jp/doc/6656c72c699259328fa9f750/file_contents/202302nenrei-zentai.pdf
202302,16,740,714,1454,https://www.city.urasoe.lg.jp/doc/6656c72c699259328fa9f750/file_contents/202302nenrei-zentai.pdf
202302,41,674,768,1442,https://www.city.urasoe.lg.jp/doc/6656c72c699259328fa9f750/file_contents/202302nenrei-zentai.pdf
202302,66,618,644,1262,https://www.city.urasoe.lg.jp/doc/6656c72c699259328fa9f750/file_contents/202302nenrei-zentai.pdf
202302,91,75,177,252,https://www.city.urasoe.lg.jp/doc/6656c72c699259328fa9f750/file_contents/202302nenrei-zentai.pdf
202302,17,678,626,1304,https://www.city.urasoe.lg.jp/doc/6656c72c699259328fa9f750/file_contents/202302nenrei-zentai.pdf
202302,42,741,771,1512,https://www.city.urasoe.lg.jp/doc/6656c72c699259328fa9f750/file_contents/202302nenrei-zentai.pdf
202302,67,564,629,1193,https://www.city.urasoe.lg.jp/doc/6656c72c699259328fa9f750/file_contents/202302nenrei-zentai.pdf
202302,92,58,139,197,https://www.city.urasoe.lg.jp/doc/6656c72c699259328fa9f750/file_contents/202302nenrei-zentai.pdf
202302,18,707,630,1337,https://www.city.urasoe.lg.jp/doc/6656c72c699259328fa9f750/file_contents/202302nenrei-zentai.pdf
202302,43,752,770,1522,https://www.city.urasoe.lg.jp/doc/6656c72c699259328fa9f750/file_contents/202302nenrei-zentai.pdf
202302,68,608,687,1295,https://www.city.urasoe.lg.jp/doc/6656c72c699259328fa9f750/file_contents/202302nenrei-zentai.pdf
202302,93,49,134,183,https://www.city.urasoe.lg.jp/doc/6656c72c699259328fa9f750/file_contents/202302nenrei-zentai.pdf
202302,19,686,623,1309,https://www.city.urasoe.lg.jp/doc/6656c72c699259328fa9f750/file_contents/202302nenrei-zentai.pdf
202302,44,797,804,1601,https://www.city.urasoe.lg.jp/doc/6656c72c699259328fa9f750/file_contents/202302nenrei-zentai.pdf
202302,69,603,692,1295,https://www.city.urasoe.lg.jp/doc/6656c72c699259328fa9f750/file_contents/202302nenrei-zentai.pdf
202302,94,38,104,142,https://www.city.urasoe.lg.jp/doc/6656c72c699259328fa9f750/file_contents/202302nenrei-zentai.pdf
202302,20,674,643,1317,https://www.city.urasoe.lg.jp/doc/6656c72c699259328fa9f750/file_contents/202302nenrei-zentai.pdf
202302,45,781,792,1573,https://www.city.urasoe.lg.jp/doc/6656c72c699259328fa9f750/file_contents/202302nenrei-zentai.pdf
202302,70,653,711,1364,https://www.city.urasoe.lg.jp/doc/6656c72c699259328fa9f750/file_contents/202302nenrei-zentai.pdf
202302,95,21,78,99,https://www.city.urasoe.lg.jp/doc/6656c72c699259328fa9f750/file_contents/202302nenrei-zentai.pdf
202302,21,654,650,1304,https://www.city.urasoe.lg.jp/doc/6656c72c699259328fa9f750/file_contents/202302nenrei-zentai.pdf
202302,46,808,871,1679,https://www.city.urasoe.lg.jp/doc/6656c72c699259328fa9f750/file_contents/202302nenrei-zentai.pdf
202302,71,629,767,1396,https://www.city.urasoe.lg.jp/doc/6656c72c699259328fa9f750/file_contents/202302nenrei-zentai.pdf
202302,96,13,69,82,https://www.city.urasoe.lg.jp/doc/6656c72c699259328fa9f750/file_contents/202302nenrei-zentai.pdf
202302,22,661,654,1315,https://www.city.urasoe.lg.jp/doc/6656c72c699259328fa9f750/file_contents/202302nenrei-zentai.pdf
202302,47,880,876,1756,https://www.city.urasoe.lg.jp/doc/6656c72c699259328fa9f750/file_contents/202302nenrei-zentai.pdf
202302,72,640,719,1359,https://www.city.urasoe.lg.jp/doc/6656c72c699259328fa9f750/file_contents/202302nenrei-zentai.pdf
202302,97,3,44,47,https://www.city.urasoe.lg.jp/doc/6656c72c699259328fa9f750/file_contents/202302nenrei-zentai.pdf
202302,23,642,608,1250,https://www.city.urasoe.lg.jp/doc/6656c72c699259328fa9f750/file_contents/202302nenrei-zentai.pdf
202302,48,923,970,1893,https://www.city.urasoe.lg.jp/doc/6656c72c699259328fa9f750/file_contents/202302nenrei-zentai.pdf
202302,73,580,624,1204,https://www.city.urasoe.lg.jp/doc/6656c72c699259328fa9f750/file_contents/202302nenrei-zentai.pdf
202302,98,6,34,40,https://www.city.urasoe.lg.jp/doc/6656c72c699259328fa9f750/file_contents/202302nenrei-zentai.pdf
202302,24,679,620,1299,https://www.city.urasoe.lg.jp/doc/6656c72c699259328fa9f750/file_contents/202302nenrei-zentai.pdf
202302,49,930,1007,1937,https://www.city.urasoe.lg.jp/doc/6656c72c699259328fa9f750/file_contents/202302nenrei-zentai.pdf
202302,74,579,640,1219,https://www.city.urasoe.lg.jp/doc/6656c72c699259328fa9f750/file_contents/202302nenrei-zentai.pdf
202302,99,10,24,34,https://www.city.urasoe.lg.jp/doc/6656c72c699259328fa9f750/file_contents/202302nenrei-zentai.pdf
202302,100,5,22,27,https://www.city.urasoe.lg.jp/doc/6656c72c699259328fa9f750/file_contents/202302nenrei-zentai.pdf
202302,101,2,17,19,https://www.city.urasoe.lg.jp/doc/6656c72c699259328fa9f750/file_contents/202302nenrei-zentai.pdf
202303,0,556,509,1065,https://www.city.urasoe.lg.jp/doc/6656c72c699259328fa9f750/file_contents/202303nenrei-zentai.pdf
202303,25,609,641,1250,https://www.city.urasoe.lg.jp/doc/6656c72c699259328fa9f750/file_contents/202303nenrei-zentai.pdf
202303,50,900,918,1818,https://www.city.urasoe.lg.jp/doc/6656c72c699259328fa9f750/file_contents/202303nenrei-zentai.pdf
202303,75,616,649,1265,https://www.city.urasoe.lg.jp/doc/6656c72c699259328fa9f750/file_contents/202303nenrei-zentai.pdf
202303,1,599,572,1171,https://www.city.urasoe.lg.jp/doc/6656c72c699259328fa9f750/file_contents/202303nenrei-zentai.pdf
202303,26,640,609,1249,https://www.city.urasoe.lg.jp/doc/6656c72c699259328fa9f750/file_contents/202303nenrei-zentai.pdf
202303,51,822,867,1689,https://www.city.urasoe.lg.jp/doc/6656c72c699259328fa9f750/file_contents/202303nenrei-zentai.pdf
202303,76,327,377,704,https://www.city.urasoe.lg.jp/doc/6656c72c699259328fa9f750/file_contents/202303nenrei-zentai.pdf
202303,2,620,571,1191,https://www.city.urasoe.lg.jp/doc/6656c72c699259328fa9f750/file_contents/202303nenrei-zentai.pdf
202303,27,603,629,1232,https://www.city.urasoe.lg.jp/doc/6656c72c699259328fa9f750/file_contents/202303nenrei-zentai.pdf
202303,52,797,880,1677,https://www.city.urasoe.lg.jp/doc/6656c72c699259328fa9f750/file_contents/202303nenrei-zentai.pdf
202303,77,197,250,447,https://www.city.urasoe.lg.jp/doc/6656c72c699259328fa9f750/file_contents/202303nenrei-zentai.pdf
202303,3,604,548,1152,https://www.city.urasoe.lg.jp/doc/6656c72c699259328fa9f750/file_contents/202303nenrei-zentai.pdf
202303,28,634,633,1267,https://www.city.urasoe.lg.jp/doc/6656c72c699259328fa9f750/file_contents/202303nenrei-zentai.pdf
202303,53,796,786,1582,https://www.city.urasoe.lg.jp/doc/6656c72c699259328fa9f750/file_contents/202303nenrei-zentai.pdf
202303,78,263,367,630,https://www.city.urasoe.lg.jp/doc/6656c72c699259328fa9f750/file_contents/202303nenrei-zentai.pdf
202303,4,579,557,1136,https://www.city.urasoe.lg.jp/doc/6656c72c699259328fa9f750/file_contents/202303nenrei-zentai.pdf
202303,29,611,653,1264,https://www.city.urasoe.lg.jp/doc/6656c72c699259328fa9f750/file_contents/202303nenrei-zentai.pdf
202303,54,828,879,1707,https://www.city.urasoe.lg.jp/doc/6656c72c699259328fa9f750/file_contents/202303nenrei-zentai.pdf
202303,79,372,451,823,https://www.city.urasoe.lg.jp/doc/6656c72c699259328fa9f750/file_contents/202303nenrei-zentai.pdf
202303,5,625,601,1226,https://www.city.urasoe.lg.jp/doc/6656c72c699259328fa9f750/file_contents/202303nenrei-zentai.pdf
202303,30,641,647,1288,https://www.city.urasoe.lg.jp/doc/6656c72c699259328fa9f750/file_contents/202303nenrei-zentai.pdf
202303,55,811,879,1690,https://www.city.urasoe.lg.jp/doc/6656c72c699259328fa9f750/file_contents/202303nenrei-zentai.pdf
202303,80,317,423,740,https://www.city.urasoe.lg.jp/doc/6656c72c699259328fa9f750/file_contents/202303nenrei-zentai.pdf
202303,6,620,643,1263,https://www.city.urasoe.lg.jp/doc/6656c72c699259328fa9f750/file_contents/202303nenrei-zentai.pdf
202303,31,661,682,1343,https://www.city.urasoe.lg.jp/doc/6656c72c699259328fa9f750/file_contents/202303nenrei-zentai.pdf
202303,56,681,710,1391,https://www.city.urasoe.lg.jp/doc/6656c72c699259328fa9f750/file_contents/202303nenrei-zentai.pdf
202303,81,335,446,781,https://www.city.urasoe.lg.jp/doc/6656c72c699259328fa9f750/file_contents/202303nenrei-zentai.pdf
202303,7,655,623,1278,https://www.city.urasoe.lg.jp/doc/6656c72c699259328fa9f750/file_contents/202303nenrei-zentai.pdf
202303,32,650,682,1332,https://www.city.urasoe.lg.jp/doc/6656c72c699259328fa9f750/file_contents/202303nenrei-zentai.pdf
202303,57,655,707,1362,https://www.city.urasoe.lg.jp/doc/6656c72c699259328fa9f750/file_contents/202303nenrei-zentai.pdf
202303,82,337,404,741,https://www.city.urasoe.lg.jp/doc/6656c72c699259328fa9f750/file_contents/202303nenrei-zentai.pdf
202303,8,638,636,1274,https://www.city.urasoe.lg.jp/doc/6656c72c699259328fa9f750/file_contents/202303nenrei-zentai.pdf
202303,33,634,653,1287,https://www.city.urasoe.lg.jp/doc/6656c72c699259328fa9f750/file_contents/202303nenrei-zentai.pdf
202303,58,649,698,1347,https://www.city.urasoe.lg.jp/doc/6656c72c699259328fa9f750/file_contents/202303nenrei-zentai.pdf
202303,83,307,430,737,https://www.city.urasoe.lg.jp/doc/6656c72c699259328fa9f750/file_contents/202303nenrei-zentai.pdf
202303,9,664,612,1276,https://www.city.urasoe.lg.jp/doc/6656c72c699259328fa9f750/file_contents/202303nenrei-zentai.pdf
202303,34,666,704,1370,https://www.city.urasoe.lg.jp/doc/6656c72c699259328fa9f750/file_contents/202303nenrei-zentai.pdf
202303,59,666,768,1434,https://www.city.urasoe.lg.jp/doc/6656c72c699259328fa9f750/file_contents/202303nenrei-zentai.pdf
202303,84,274,336,610,https://www.city.urasoe.lg.jp/doc/6656c72c699259328fa9f750/file_contents/202303nenrei-zentai.pdf
202303,10,693,675,1368,https://www.city.urasoe.lg.jp/doc/6656c72c699259328fa9f750/file_contents/202303nenrei-zentai.pdf
202303,35,676,651,1327,https://www.city.urasoe.lg.jp/doc/6656c72c699259328fa9f750/file_contents/202303nenrei-zentai.pdf
202303,60,643,749,1392,https://www.city.urasoe.lg.jp/doc/6656c72c699259328fa9f750/file_contents/202303nenrei-zentai.pdf
202303,85,237,360,597,https://www.city.urasoe.lg.jp/doc/6656c72c699259328fa9f750/file_contents/202303nenrei-zentai.pdf
202303,11,687,686,1373,https://www.city.urasoe.lg.jp/doc/6656c72c699259328fa9f750/file_contents/202303nenrei-zentai.pdf
202303,36,744,760,1504,https://www.city.urasoe.lg.jp/doc/6656c72c699259328fa9f750/file_contents/202303nenrei-zentai.pdf
202303,61,672,701,1373,https://www.city.urasoe.lg.jp/doc/6656c72c699259328fa9f750/file_contents/202303nenrei-zentai.pdf
202303,86,203,340,543,https://www.city.urasoe.lg.jp/doc/6656c72c699259328fa9f750/file_contents/202303nenrei-zentai.pdf
202303,12,664,688,1352,https://www.city.urasoe.lg.jp/doc/6656c72c699259328fa9f750/file_contents/202303nenrei-zentai.pdf
202303,37,722,731,1453,https://www.city.urasoe.lg.jp/doc/6656c72c699259328fa9f750/file_contents/202303nenrei-zentai.pdf
202303,62,665,680,1345,https://www.city.urasoe.lg.jp/doc/6656c72c699259328fa9f750/file_contents/202303nenrei-zentai.pdf
202303,87,194,324,518,https://www.city.urasoe.lg.jp/doc/6656c72c699259328fa9f750/file_contents/202303nenrei-zentai.pdf
202303,13,728,648,1376,https://www.city.urasoe.lg.jp/doc/6656c72c699259328fa9f750/file_contents/202303nenrei-zentai.pdf
202303,38,748,796,1544,https://www.city.urasoe.lg.jp/doc/6656c72c699259328fa9f750/file_contents/202303nenrei-zentai.pdf
202303,63,667,682,1349,https://www.city.urasoe.lg.jp/doc/6656c72c699259328fa9f750/file_contents/202303nenrei-zentai.pdf
202303,88,162,311,473,https://www.city.urasoe.lg.jp/doc/6656c72c699259328fa9f750/file_contents/202303nenrei-zentai.pdf
202303,14,717,687,1404,https://www.city.urasoe.lg.jp/doc/6656c72c699259328fa9f750/file_contents/202303nenrei-zentai.pdf
202303,39,739,780,1519,https://www.city.urasoe.lg.jp/doc/6656c72c699259328fa9f750/file_contents/202303nenrei-zentai.pdf
202303,64,660,655,1315,https://www.city.urasoe.lg.jp/doc/6656c72c699259328fa9f750/file_contents/202303nenrei-zentai.pdf
202303,89,106,259,365,https://www.city.urasoe.lg.jp/doc/6656c72c699259328fa9f750/file_contents/202303nenrei-zentai.pdf
202303,15,687,687,1374,https://www.city.urasoe.lg.jp/doc/6656c72c699259328fa9f750/file_contents/202303nenrei-zentai.pdf
202303,40,710,726,1436,https://www.city.urasoe.lg.jp/doc/6656c72c699259328fa9f750/file_contents/202303nenrei-zentai.pdf
202303,65,577,604,1181,https://www.city.urasoe.lg.jp/doc/6656c72c699259328fa9f750/file_contents/202303nenrei-zentai.pdf
202303,90,111,207,318,https://www.city.urasoe.lg.jp/doc/6656c72c699259328fa9f750/file_contents/202303nenrei-zentai.pdf
202303,16,733,715,1448,https://www.city.urasoe.lg.jp/doc/6656c72c699259328fa9f750/file_contents/202303nenrei-zentai.pdf
202303,41,666,765,1431,https://www.city.urasoe.lg.jp/doc/6656c72c699259328fa9f750/file_contents/202303nenrei-zentai.pdf
202303,66,606,630,1236,https://www.city.urasoe.lg.jp/doc/6656c72c699259328fa9f750/file_contents/202303nenrei-zentai.pdf
202303,91,79,180,259,https://www.city.urasoe.lg.jp/doc/6656c72c699259328fa9f750/file_contents/202303nenrei-zentai.pdf
202303,17,676,633,1309,https://www.city.urasoe.lg.jp/doc/6656c72c699259328fa9f750/file_contents/202303nenrei-zentai.pdf
202303,42,743,762,1505,https://www.city.urasoe.lg.jp/doc/6656c72c699259328fa9f750/file_contents/202303nenrei-zentai.pdf
202303,67,564,629,1193,https://www.city.urasoe.lg.jp/doc/6656c72c699259328fa9f750/file_contents/202303nenrei-zentai.pdf
202303,92,57,142,199,https://www.city.urasoe.lg.jp/doc/6656c72c699259328fa9f750/file_contents/202303nenrei-zentai.pdf
202303,18,660,563,1223,https://www.city.urasoe.lg.jp/doc/6656c72c699259328fa9f750/file_contents/202303nenrei-zentai.pdf
202303,43,733,765,1498,https://www.city.urasoe.lg.jp/doc/6656c72c699259328fa9f750/file_contents/202303nenrei-zentai.pdf
202303,68,607,687,1294,https://www.city.urasoe.lg.jp/doc/6656c72c699259328fa9f750/file_contents/202303nenrei-zentai.pdf
202303,93,49,131,180,https://www.city.urasoe.lg.jp/doc/6656c72c699259328fa9f750/file_contents/202303nenrei-zentai.pdf
202303,19,664,614,1278,https://www.city.urasoe.lg.jp/doc/6656c72c699259328fa9f750/file_contents/202303nenrei-zentai.pdf
202303,44,794,807,1601,https://www.city.urasoe.lg.jp/doc/6656c72c699259328fa9f750/file_contents/202303nenrei-zentai.pdf
202303,69,610,688,1298,https://www.city.urasoe.lg.jp/doc/6656c72c699259328fa9f750/file_contents/202303nenrei-zentai.pdf
202303,94,40,111,151,https://www.city.urasoe.lg.jp/doc/6656c72c699259328fa9f750/file_contents/202303nenrei-zentai.pdf
202303,20,664,616,1280,https://www.city.urasoe.lg.jp/doc/6656c72c699259328fa9f750/file_contents/202303nenrei-zentai.pdf
202303,45,792,799,1591,https://www.city.urasoe.lg.jp/doc/6656c72c699259328fa9f750/file_contents/202303nenrei-zentai.pdf
202303,70,646,721,1367,https://www.city.urasoe.lg.jp/doc/6656c72c699259328fa9f750/file_contents/202303nenrei-zentai.pdf
202303,95,20,77,97,https://www.city.urasoe.lg.jp/doc/6656c72c699259328fa9f750/file_contents/202303nenrei-zentai.pdf
202303,21,621,598,1219,https://www.city.urasoe.lg.jp/doc/6656c72c699259328fa9f750/file_contents/202303nenrei-zentai.pdf
202303,46,804,842,1646,https://www.city.urasoe.lg.jp/doc/6656c72c699259328fa9f750/file_contents/202303nenrei-zentai.pdf
202303,71,608,741,1349,https://www.city.urasoe.lg.jp/doc/6656c72c699259328fa9f750/file_contents/202303nenrei-zentai.pdf
202303,96,15,68,83,https://www.city.urasoe.lg.jp/doc/6656c72c699259328fa9f750/file_contents/202303nenrei-zentai.pdf
202303,22,620,629,1249,https://www.city.urasoe.lg.jp/doc/6656c72c699259328fa9f750/file_contents/202303nenrei-zentai.pdf
202303,47,875,887,1762,https://www.city.urasoe.lg.jp/doc/6656c72c699259328fa9f750/file_contents/202303nenrei-zentai.pdf
202303,72,653,743,1396,https://www.city.urasoe.lg.jp/doc/6656c72c699259328fa9f750/file_contents/202303nenrei-zentai.pdf
202303,97,3,45,48,https://www.city.urasoe.lg.jp/doc/6656c72c699259328fa9f750/file_contents/202303nenrei-zentai.pdf
202303,23,604,578,1182,https://www.city.urasoe.lg.jp/doc/6656c72c699259328fa9f750/file_contents/202303nenrei-zentai.pdf
202303,48,904,953,1857,https://www.city.urasoe.lg.jp/doc/6656c72c699259328fa9f750/file_contents/202303nenrei-zentai.pdf
202303,73,580,630,1210,https://www.city.urasoe.lg.jp/doc/6656c72c699259328fa9f750/file_contents/202303nenrei-zentai.pdf
202303,98,5,32,37,https://www.city.urasoe.lg.jp/doc/6656c72c699259328fa9f750/file_contents/202303nenrei-zentai.pdf
202303,24,660,599,1259,https://www.city.urasoe.lg.jp/doc/6656c72c699259328fa9f750/file_contents/202303nenrei-zentai.pdf
202303,49,932,1013,1945,https://www.city.urasoe.lg.jp/doc/6656c72c699259328fa9f750/file_contents/202303nenrei-zentai.pdf
202303,74,569,628,1197,https://www.city.urasoe.lg.jp/doc/6656c72c699259328fa9f750/file_contents/202303nenrei-zentai.pdf
202303,99,10,24,34,https://www.city.urasoe.lg.jp/doc/6656c72c699259328fa9f750/file_contents/202303nenrei-zentai.pdf
202303,100,5,19,24,https://www.city.urasoe.lg.jp/doc/6656c72c699259328fa9f750/file_contents/202303nenrei-zentai.pdf
202303,101,2,18,20,https://www.city.urasoe.lg.jp/doc/6656c72c699259328fa9f750/file_contents/202303nenrei-zentai.pdf
202304,0,550,514,1064,https://www.city.urasoe.lg.jp/doc/6656c72c699259328fa9f750/file_contents/202304nenrei-zentai.pdf
202304,25,622,643,1265,https://www.city.urasoe.lg.jp/doc/6656c72c699259328fa9f750/file_contents/202304nenrei-zentai.pdf
202304,50,896,932,1828,https://www.city.urasoe.lg.jp/doc/6656c72c699259328fa9f750/file_contents/202304nenrei-zentai.pdf
202304,75,614,651,1265,https://www.city.urasoe.lg.jp/doc/6656c72c699259328fa9f750/file_contents/202304nenrei-zentai.pdf
202304,1,588,563,1151,https://www.city.urasoe.lg.jp/doc/6656c72c699259328fa9f750/file_contents/202304nenrei-zentai.pdf
202304,26,647,617,1264,https://www.city.urasoe.lg.jp/doc/6656c72c699259328fa9f750/file_contents/202304nenrei-zentai.pdf
202304,51,841,867,1708,https://www.city.urasoe.lg.jp/doc/6656c72c699259328fa9f750/file_contents/202304nenrei-zentai.pdf
202304,76,357,407,764,https://www.city.urasoe.lg.jp/doc/6656c72c699259328fa9f750/file_contents/202304nenrei-zentai.pdf
202304,2,626,562,1188,https://www.city.urasoe.lg.jp/doc/6656c72c699259328fa9f750/file_contents/202304nenrei-zentai.pdf
202304,27,614,640,1254,https://www.city.urasoe.lg.jp/doc/6656c72c699259328fa9f750/file_contents/202304nenrei-zentai.pdf
202304,52,797,869,1666,https://www.city.urasoe.lg.jp/doc/6656c72c699259328fa9f750/file_contents/202304nenrei-zentai.pdf
202304,77,193,245,438,https://www.city.urasoe.lg.jp/doc/6656c72c699259328fa9f750/file_contents/202304nenrei-zentai.pdf
202304,3,595,553,1148,https://www.city.urasoe.lg.jp/doc/6656c72c699259328fa9f750/file_contents/202304nenrei-zentai.pdf
202304,28,623,646,1269,https://www.city.urasoe.lg.jp/doc/6656c72c699259328fa9f750/file_contents/202304nenrei-zentai.pdf
202304,53,815,789,1604,https://www.city.urasoe.lg.jp/doc/6656c72c699259328fa9f750/file_contents/202304nenrei-zentai.pdf
202304,78,260,363,623,https://www.city.urasoe.lg.jp/doc/6656c72c699259328fa9f750/file_contents/202304nenrei-zentai.pdf
202304,4,614,578,1192,https://www.city.urasoe.lg.jp/doc/6656c72c699259328fa9f750/file_contents/202304nenrei-zentai.pdf
202304,29,642,651,1293,https://www.city.urasoe.lg.jp/doc/6656c72c699259328fa9f750/file_contents/202304nenrei-zentai.pdf
202304,54,828,876,1704,https://www.city.urasoe.lg.jp/doc/6656c72c699259328fa9f750/file_contents/202304nenrei-zentai.pdf
202304,79,377,438,815,https://www.city.urasoe.lg.jp/doc/6656c72c699259328fa9f750/file_contents/202304nenrei-zentai.pdf
202304,5,613,591,1204,https://www.city.urasoe.lg.jp/doc/6656c72c699259328fa9f750/file_contents/202304nenrei-zentai.pdf
202304,30,634,652,1286,https://www.city.urasoe.lg.jp/doc/6656c72c699259328fa9f750/file_contents/202304nenrei-zentai.pdf
202304,55,811,890,1701,https://www.city.urasoe.lg.jp/doc/6656c72c699259328fa9f750/file_contents/202304nenrei-zentai.pdf
202304,80,312,432,744,https://www.city.urasoe.lg.jp/doc/6656c72c699259328fa9f750/file_contents/202304nenrei-zentai.pdf
202304,6,614,646,1260,https://www.city.urasoe.lg.jp/doc/6656c72c699259328fa9f750/file_contents/202304nenrei-zentai.pdf
202304,31,659,691,1350,https://www.city.urasoe.lg.jp/doc/6656c72c699259328fa9f750/file_contents/202304nenrei-zentai.pdf
202304,56,684,717,1401,https://www.city.urasoe.lg.jp/doc/6656c72c699259328fa9f750/file_contents/202304nenrei-zentai.pdf
202304,81,331,436,767,https://www.city.urasoe.lg.jp/doc/6656c72c699259328fa9f750/file_contents/202304nenrei-zentai.pdf
202304,7,658,622,1280,https://www.city.urasoe.lg.jp/doc/6656c72c699259328fa9f750/file_contents/202304nenrei-zentai.pdf
202304,32,646,680,1326,https://www.city.urasoe.lg.jp/doc/6656c72c699259328fa9f750/file_contents/202304nenrei-zentai.pdf
202304,57,644,694,1338,https://www.city.urasoe.lg.jp/doc/6656c72c699259328fa9f750/file_contents/202304nenrei-zentai.pdf
202304,82,334,418,752,https://www.city.urasoe.lg.jp/doc/6656c72c699259328fa9f750/file_contents/202304nenrei-zentai.pdf
202304,8,647,639,1286,https://www.city.urasoe.lg.jp/doc/6656c72c699259328fa9f750/file_contents/202304nenrei-zentai.pdf
202304,33,648,663,1311,https://www.city.urasoe.lg.jp/doc/6656c72c699259328fa9f750/file_contents/202304nenrei-zentai.pdf
202304,58,663,714,1377,https://www.city.urasoe.lg.jp/doc/6656c72c699259328fa9f750/file_contents/202304nenrei-zentai.pdf
202304,83,310,421,731,https://www.city.urasoe.lg.jp/doc/6656c72c699259328fa9f750/file_contents/202304nenrei-zentai.pdf
202304,9,659,604,1263,https://www.city.urasoe.lg.jp/doc/6656c72c699259328fa9f750/file_contents/202304nenrei-zentai.pdf
202304,34,652,710,1362,https://www.city.urasoe.lg.jp/doc/6656c72c699259328fa9f750/file_contents/202304nenrei-zentai.pdf
202304,59,652,759,1411,https://www.city.urasoe.lg.jp/doc/6656c72c699259328fa9f750/file_contents/202304nenrei-zentai.pdf
202304,84,273,334,607,https://www.city.urasoe.lg.jp/doc/6656c72c699259328fa9f750/file_contents/202304nenrei-zentai.pdf
202304,10,699,676,1375,https://www.city.urasoe.lg.jp/doc/6656c72c699259328fa9f750/file_contents/202304nenrei-zentai.pdf
202304,35,680,646,1326,https://www.city.urasoe.lg.jp/doc/6656c72c699259328fa9f750/file_contents/202304nenrei-zentai.pdf
202304,60,666,748,1414,https://www.city.urasoe.lg.jp/doc/6656c72c699259328fa9f750/file_contents/202304nenrei-zentai.pdf
202304,85,241,365,606,https://www.city.urasoe.lg.jp/doc/6656c72c699259328fa9f750/file_contents/202304nenrei-zentai.pdf
202304,11,692,698,1390,https://www.city.urasoe.lg.jp/doc/6656c72c699259328fa9f750/file_contents/202304nenrei-zentai.pdf
202304,36,754,771,1525,https://www.city.urasoe.lg.jp/doc/6656c72c699259328fa9f750/file_contents/202304nenrei-zentai.pdf
202304,61,656,702,1358,https://www.city.urasoe.lg.jp/doc/6656c72c699259328fa9f750/file_contents/202304nenrei-zentai.pdf
202304,86,191,344,535,https://www.city.urasoe.lg.jp/doc/6656c72c699259328fa9f750/file_contents/202304nenrei-zentai.pdf
202304,12,652,680,1332,https://www.city.urasoe.lg.jp/doc/6656c72c699259328fa9f750/file_contents/202304nenrei-zentai.pdf
202304,37,704,714,1418,https://www.city.urasoe.lg.jp/doc/6656c72c699259328fa9f750/file_contents/202304nenrei-zentai.pdf
202304,62,673,685,1358,https://www.city.urasoe.lg.jp/doc/6656c72c699259328fa9f750/file_contents/202304nenrei-zentai.pdf
202304,87,202,330,532,https://www.city.urasoe.lg.jp/doc/6656c72c699259328fa9f750/file_contents/202304nenrei-zentai.pdf
202304,13,731,652,1383,https://www.city.urasoe.lg.jp/doc/6656c72c699259328fa9f750/file_contents/202304nenrei-zentai.pdf
202304,38,756,813,1569,https://www.city.urasoe.lg.jp/doc/6656c72c699259328fa9f750/file_contents/202304nenrei-zentai.pdf
202304,63,650,689,1339,https://www.city.urasoe.lg.jp/doc/6656c72c699259328fa9f750/file_contents/202304nenrei-zentai.pdf
202304,88,161,307,468,https://www.city.urasoe.lg.jp/doc/6656c72c699259328fa9f750/file_contents/202304nenrei-zentai.pdf
202304,14,708,700,1408,https://www.city.urasoe.lg.jp/doc/6656c72c699259328fa9f750/file_contents/202304nenrei-zentai.pdf
202304,39,746,763,1509,https://www.city.urasoe.lg.jp/doc/6656c72c699259328fa9f750/file_contents/202304nenrei-zentai.pdf
202304,64,682,665,1347,https://www.city.urasoe.lg.jp/doc/6656c72c699259328fa9f750/file_contents/202304nenrei-zentai.pdf
202304,89,107,253,360,https://www.city.urasoe.lg.jp/doc/6656c72c699259328fa9f750/file_contents/202304nenrei-zentai.pdf
202304,15,694,678,1372,https://www.city.urasoe.lg.jp/doc/6656c72c699259328fa9f750/file_contents/202304nenrei-zentai.pdf
202304,40,710,741,1451,https://www.city.urasoe.lg.jp/doc/6656c72c699259328fa9f750/file_contents/202304nenrei-zentai.pdf
202304,65,586,614,1200,https://www.city.urasoe.lg.jp/doc/6656c72c699259328fa9f750/file_contents/202304nenrei-zentai.pdf
202304,90,116,220,336,https://www.city.urasoe.lg.jp/doc/6656c72c699259328fa9f750/file_contents/202304nenrei-zentai.pdf
202304,16,729,704,1433,https://www.city.urasoe.lg.jp/doc/6656c72c699259328fa9f750/file_contents/202304nenrei-zentai.pdf
202304,41,671,752,1423,https://www.city.urasoe.lg.jp/doc/6656c72c699259328fa9f750/file_contents/202304nenrei-zentai.pdf
202304,66,592,617,1209,https://www.city.urasoe.lg.jp/doc/6656c72c699259328fa9f750/file_contents/202304nenrei-zentai.pdf
202304,91,77,177,254,https://www.city.urasoe.lg.jp/doc/6656c72c699259328fa9f750/file_contents/202304nenrei-zentai.pdf
202304,17,676,628,1304,https://www.city.urasoe.lg.jp/doc/6656c72c699259328fa9f750/file_contents/202304nenrei-zentai.pdf
202304,42,747,765,1512,https://www.city.urasoe.lg.jp/doc/6656c72c699259328fa9f750/file_contents/202304nenrei-zentai.pdf
202304,67,574,635,1209,https://www.city.urasoe.lg.jp/doc/6656c72c699259328fa9f750/file_contents/202304nenrei-zentai.pdf
202304,92,62,144,206,https://www.city.urasoe.lg.jp/doc/6656c72c699259328fa9f750/file_contents/202304nenrei-zentai.pdf
202304,18,657,579,1236,https://www.city.urasoe.lg.jp/doc/6656c72c699259328fa9f750/file_contents/202304nenrei-zentai.pdf
202304,43,726,768,1494,https://www.city.urasoe.lg.jp/doc/6656c72c699259328fa9f750/file_contents/202304nenrei-zentai.pdf
202304,68,614,686,1300,https://www.city.urasoe.lg.jp/doc/6656c72c699259328fa9f750/file_contents/202304nenrei-zentai.pdf
202304,93,47,131,178,https://www.city.urasoe.lg.jp/doc/6656c72c699259328fa9f750/file_contents/202304nenrei-zentai.pdf
202304,19,672,611,1283,https://www.city.urasoe.lg.jp/doc/6656c72c699259328fa9f750/file_contents/202304nenrei-zentai.pdf
202304,44,803,804,1607,https://www.city.urasoe.lg.jp/doc/6656c72c699259328fa9f750/file_contents/202304nenrei-zentai.pdf
202304,69,594,685,1279,https://www.city.urasoe.lg.jp/doc/6656c72c699259328fa9f750/file_contents/202304nenrei-zentai.pdf
202304,94,39,102,141,https://www.city.urasoe.lg.jp/doc/6656c72c699259328fa9f750/file_contents/202304nenrei-zentai.pdf
202304,20,665,615,1280,https://www.city.urasoe.lg.jp/doc/6656c72c699259328fa9f750/file_contents/202304nenrei-zentai.pdf
202304,45,793,790,1583,https://www.city.urasoe.lg.jp/doc/6656c72c699259328fa9f750/file_contents/202304nenrei-zentai.pdf
202304,70,643,696,1339,https://www.city.urasoe.lg.jp/doc/6656c72c699259328fa9f750/file_contents/202304nenrei-zentai.pdf
202304,95,22,85,107,https://www.city.urasoe.lg.jp/doc/6656c72c699259328fa9f750/file_contents/202304nenrei-zentai.pdf
202304,21,622,593,1215,https://www.city.urasoe.lg.jp/doc/6656c72c699259328fa9f750/file_contents/202304nenrei-zentai.pdf
202304,46,799,842,1641,https://www.city.urasoe.lg.jp/doc/6656c72c699259328fa9f750/file_contents/202304nenrei-zentai.pdf
202304,71,607,764,1371,https://www.city.urasoe.lg.jp/doc/6656c72c699259328fa9f750/file_contents/202304nenrei-zentai.pdf
202304,96,15,69,84,https://www.city.urasoe.lg.jp/doc/6656c72c699259328fa9f750/file_contents/202304nenrei-zentai.pdf
202304,22,635,620,1255,https://www.city.urasoe.lg.jp/doc/6656c72c699259328fa9f750/file_contents/202304nenrei-zentai.pdf
202304,47,874,881,1755,https://www.city.urasoe.lg.jp/doc/6656c72c699259328fa9f750/file_contents/202304nenrei-zentai.pdf
202304,72,648,731,1379,https://www.city.urasoe.lg.jp/doc/6656c72c699259328fa9f750/file_contents/202304nenrei-zentai.pdf
202304,97,3,44,47,https://www.city.urasoe.lg.jp/doc/6656c72c699259328fa9f750/file_contents/202304nenrei-zentai.pdf
202304,23,601,595,1196,https://www.city.urasoe.lg.jp/doc/6656c72c699259328fa9f750/file_contents/202304nenrei-zentai.pdf
202304,48,900,956,1856,https://www.city.urasoe.lg.jp/doc/6656c72c699259328fa9f750/file_contents/202304nenrei-zentai.pdf
202304,73,588,639,1227,https://www.city.urasoe.lg.jp/doc/6656c72c699259328fa9f750/file_contents/202304nenrei-zentai.pdf
202304,98,5,31,36,https://www.city.urasoe.lg.jp/doc/6656c72c699259328fa9f750/file_contents/202304nenrei-zentai.pdf
202304,24,650,585,1235,https://www.city.urasoe.lg.jp/doc/6656c72c699259328fa9f750/file_contents/202304nenrei-zentai.pdf
202304,49,939,1012,1951,https://www.city.urasoe.lg.jp/doc/6656c72c699259328fa9f750/file_contents/202304nenrei-zentai.pdf
202304,74,561,629,1190,https://www.city.urasoe.lg.jp/doc/6656c72c699259328fa9f750/file_contents/202304nenrei-zentai.pdf
202304,99,10,26,36,https://www.city.urasoe.lg.jp/doc/6656c72c699259328fa9f750/file_contents/202304nenrei-zentai.pdf
202304,100,5,18,23,https://www.city.urasoe.lg.jp/doc/6656c72c699259328fa9f750/file_contents/202304nenrei-zentai.pdf
202304,101,2,20,22,https://www.city.urasoe.lg.jp/doc/6656c72c699259328fa9f750/file_contents/202304nenrei-zentai.pdf
202305,0,533,511,1044,https://www.city.urasoe.lg.jp/doc/6656c72c699259328fa9f750/file_contents/202305nenrei-zentai.pdf
202305,25,627,631,1258,https://www.city.urasoe.lg.jp/doc/6656c72c699259328fa9f750/file_contents/202305nenrei-zentai.pdf
202305,50,915,948,1863,https://www.city.urasoe.lg.jp/doc/6656c72c699259328fa9f750/file_contents/202305nenrei-zentai.pdf
202305,75,619,670,1289,https://www.city.urasoe.lg.jp/doc/6656c72c699259328fa9f750/file_contents/202305nenrei-zentai.pdf
202305,1,597,559,1156,https://www.city.urasoe.lg.jp/doc/6656c72c699259328fa9f750/file_contents/202305nenrei-zentai.pdf
202305,26,634,630,1264,https://www.city.urasoe.lg.jp/doc/6656c72c699259328fa9f750/file_contents/202305nenrei-zentai.pdf
202305,51,841,862,1703,https://www.city.urasoe.lg.jp/doc/6656c72c699259328fa9f750/file_contents/202305nenrei-zentai.pdf
202305,76,376,426,802,https://www.city.urasoe.lg.jp/doc/6656c72c699259328fa9f750/file_contents/202305nenrei-zentai.pdf
202305,2,627,558,1185,https://www.city.urasoe.lg.jp/doc/6656c72c699259328fa9f750/file_contents/202305nenrei-zentai.pdf
202305,27,608,640,1248,https://www.city.urasoe.lg.jp/doc/6656c72c699259328fa9f750/file_contents/202305nenrei-zentai.pdf
202305,52,800,868,1668,https://www.city.urasoe.lg.jp/doc/6656c72c699259328fa9f750/file_contents/202305nenrei-zentai.pdf
202305,77,191,237,428,https://www.city.urasoe.lg.jp/doc/6656c72c699259328fa9f750/file_contents/202305nenrei-zentai.pdf
202305,3,589,558,1147,https://www.city.urasoe.lg.jp/doc/6656c72c699259328fa9f750/file_contents/202305nenrei-zentai.pdf
202305,28,642,650,1292,https://www.city.urasoe.lg.jp/doc/6656c72c699259328fa9f750/file_contents/202305nenrei-zentai.pdf
202305,53,813,797,1610,https://www.city.urasoe.lg.jp/doc/6656c72c699259328fa9f750/file_contents/202305nenrei-zentai.pdf
202305,78,253,358,611,https://www.city.urasoe.lg.jp/doc/6656c72c699259328fa9f750/file_contents/202305nenrei-zentai.pdf
202305,4,600,582,1182,https://www.city.urasoe.lg.jp/doc/6656c72c699259328fa9f750/file_contents/202305nenrei-zentai.pdf
202305,29,642,643,1285,https://www.city.urasoe.lg.jp/doc/6656c72c699259328fa9f750/file_contents/202305nenrei-zentai.pdf
202305,54,834,877,1711,https://www.city.urasoe.lg.jp/doc/6656c72c699259328fa9f750/file_contents/202305nenrei-zentai.pdf
202305,79,365,440,805,https://www.city.urasoe.lg.jp/doc/6656c72c699259328fa9f750/file_contents/202305nenrei-zentai.pdf
202305,5,625,582,1207,https://www.city.urasoe.lg.jp/doc/6656c72c699259328fa9f750/file_contents/202305nenrei-zentai.pdf
202305,30,631,647,1278,https://www.city.urasoe.lg.jp/doc/6656c72c699259328fa9f750/file_contents/202305nenrei-zentai.pdf
202305,55,780,882,1662,https://www.city.urasoe.lg.jp/doc/6656c72c699259328fa9f750/file_contents/202305nenrei-zentai.pdf
202305,80,311,425,736,https://www.city.urasoe.lg.jp/doc/6656c72c699259328fa9f750/file_contents/202305nenrei-zentai.pdf
202305,6,618,646,1264,https://www.city.urasoe.lg.jp/doc/6656c72c699259328fa9f750/file_contents/202305nenrei-zentai.pdf
202305,31,663,700,1363,https://www.city.urasoe.lg.jp/doc/6656c72c699259328fa9f750/file_contents/202305nenrei-zentai.pdf
202305,56,718,737,1455,https://www.city.urasoe.lg.jp/doc/6656c72c699259328fa9f750/file_contents/202305nenrei-zentai.pdf
202305,81,330,435,765,https://www.city.urasoe.lg.jp/doc/6656c72c699259328fa9f750/file_contents/202305nenrei-zentai.pdf
202305,7,643,614,1257,https://www.city.urasoe.lg.jp/doc/6656c72c699259328fa9f750/file_contents/202305nenrei-zentai.pdf
202305,32,641,669,1310,https://www.city.urasoe.lg.jp/doc/6656c72c699259328fa9f750/file_contents/202305nenrei-zentai.pdf
202305,57,635,678,1313,https://www.city.urasoe.lg.jp/doc/6656c72c699259328fa9f750/file_contents/202305nenrei-zentai.pdf
202305,82,343,412,755,https://www.city.urasoe.lg.jp/doc/6656c72c699259328fa9f750/file_contents/202305nenrei-zentai.pdf
202305,8,649,645,1294,https://www.city.urasoe.lg.jp/doc/6656c72c699259328fa9f750/file_contents/202305nenrei-zentai.pdf
202305,33,638,686,1324,https://www.city.urasoe.lg.jp/doc/6656c72c699259328fa9f750/file_contents/202305nenrei-zentai.pdf
202305,58,670,729,1399,https://www.city.urasoe.lg.jp/doc/6656c72c699259328fa9f750/file_contents/202305nenrei-zentai.pdf
202305,83,296,428,724,https://www.city.urasoe.lg.jp/doc/6656c72c699259328fa9f750/file_contents/202305nenrei-zentai.pdf
202305,9,665,595,1260,https://www.city.urasoe.lg.jp/doc/6656c72c699259328fa9f750/file_contents/202305nenrei-zentai.pdf
202305,34,681,701,1382,https://www.city.urasoe.lg.jp/doc/6656c72c699259328fa9f750/file_contents/202305nenrei-zentai.pdf
202305,59,647,765,1412,https://www.city.urasoe.lg.jp/doc/6656c72c699259328fa9f750/file_contents/202305nenrei-zentai.pdf
202305,84,282,345,627,https://www.city.urasoe.lg.jp/doc/6656c72c699259328fa9f750/file_contents/202305nenrei-zentai.pdf
202305,10,689,688,1377,https://www.city.urasoe.lg.jp/doc/6656c72c699259328fa9f750/file_contents/202305nenrei-zentai.pdf
202305,35,660,653,1313,https://www.city.urasoe.lg.jp/doc/6656c72c699259328fa9f750/file_contents/202305nenrei-zentai.pdf
202305,60,688,743,1431,https://www.city.urasoe.lg.jp/doc/6656c72c699259328fa9f750/file_contents/202305nenrei-zentai.pdf
202305,85,239,361,600,https://www.city.urasoe.lg.jp/doc/6656c72c699259328fa9f750/file_contents/202305nenrei-zentai.pdf
202305,11,688,696,1384,https://www.city.urasoe.lg.jp/doc/6656c72c699259328fa9f750/file_contents/202305nenrei-zentai.pdf
202305,36,747,759,1506,https://www.city.urasoe.lg.jp/doc/6656c72c699259328fa9f750/file_contents/202305nenrei-zentai.pdf
202305,61,646,702,1348,https://www.city.urasoe.lg.jp/doc/6656c72c699259328fa9f750/file_contents/202305nenrei-zentai.pdf
202305,86,197,340,537,https://www.city.urasoe.lg.jp/doc/6656c72c699259328fa9f750/file_contents/202305nenrei-zentai.pdf
202305,12,661,682,1343,https://www.city.urasoe.lg.jp/doc/6656c72c699259328fa9f750/file_contents/202305nenrei-zentai.pdf
202305,37,717,717,1434,https://www.city.urasoe.lg.jp/doc/6656c72c699259328fa9f750/file_contents/202305nenrei-zentai.pdf
202305,62,670,681,1351,https://www.city.urasoe.lg.jp/doc/6656c72c699259328fa9f750/file_contents/202305nenrei-zentai.pdf
202305,87,198,333,531,https://www.city.urasoe.lg.jp/doc/6656c72c699259328fa9f750/file_contents/202305nenrei-zentai.pdf
202305,13,730,638,1368,https://www.city.urasoe.lg.jp/doc/6656c72c699259328fa9f750/file_contents/202305nenrei-zentai.pdf
202305,38,751,827,1578,https://www.city.urasoe.lg.jp/doc/6656c72c699259328fa9f750/file_contents/202305nenrei-zentai.pdf
202305,63,643,705,1348,https://www.city.urasoe.lg.jp/doc/6656c72c699259328fa9f750/file_contents/202305nenrei-zentai.pdf
202305,88,167,309,476,https://www.city.urasoe.lg.jp/doc/6656c72c699259328fa9f750/file_contents/202305nenrei-zentai.pdf
202305,14,727,713,1440,https://www.city.urasoe.lg.jp/doc/6656c72c699259328fa9f750/file_contents/202305nenrei-zentai.pdf
202305,39,745,762,1507,https://www.city.urasoe.lg.jp/doc/6656c72c699259328fa9f750/file_contents/202305nenrei-zentai.pdf
202305,64,683,666,1349,https://www.city.urasoe.lg.jp/doc/6656c72c699259328fa9f750/file_contents/202305nenrei-zentai.pdf
202305,89,106,251,357,https://www.city.urasoe.lg.jp/doc/6656c72c699259328fa9f750/file_contents/202305nenrei-zentai.pdf
202305,15,678,670,1348,https://www.city.urasoe.lg.jp/doc/6656c72c699259328fa9f750/file_contents/202305nenrei-zentai.pdf
202305,40,708,749,1457,https://www.city.urasoe.lg.jp/doc/6656c72c699259328fa9f750/file_contents/202305nenrei-zentai.pdf
202305,65,605,608,1213,https://www.city.urasoe.lg.jp/doc/6656c72c699259328fa9f750/file_contents/202305nenrei-zentai.pdf
202305,90,115,221,336,https://www.city.urasoe.lg.jp/doc/6656c72c699259328fa9f750/file_contents/202305nenrei-zentai.pdf
202305,16,728,696,1424,https://www.city.urasoe.lg.jp/doc/6656c72c699259328fa9f750/file_contents/202305nenrei-zentai.pdf
202305,41,681,725,1406,https://www.city.urasoe.lg.jp/doc/6656c72c699259328fa9f750/file_contents/202305nenrei-zentai.pdf
202305,66,575,612,1187,https://www.city.urasoe.lg.jp/doc/6656c72c699259328fa9f750/file_contents/202305nenrei-zentai.pdf
202305,91,76,181,257,https://www.city.urasoe.lg.jp/doc/6656c72c699259328fa9f750/file_contents/202305nenrei-zentai.pdf
202305,17,698,644,1342,https://www.city.urasoe.lg.jp/doc/6656c72c699259328fa9f750/file_contents/202305nenrei-zentai.pdf
202305,42,725,772,1497,https://www.city.urasoe.lg.jp/doc/6656c72c699259328fa9f750/file_contents/202305nenrei-zentai.pdf
202305,67,587,625,1212,https://www.city.urasoe.lg.jp/doc/6656c72c699259328fa9f750/file_contents/202305nenrei-zentai.pdf
202305,92,64,146,210,https://www.city.urasoe.lg.jp/doc/6656c72c699259328fa9f750/file_contents/202305nenrei-zentai.pdf
202305,18,636,583,1219,https://www.city.urasoe.lg.jp/doc/6656c72c699259328fa9f750/file_contents/202305nenrei-zentai.pdf
202305,43,739,766,1505,https://www.city.urasoe.lg.jp/doc/6656c72c699259328fa9f750/file_contents/202305nenrei-zentai.pdf
202305,68,603,697,1300,https://www.city.urasoe.lg.jp/doc/6656c72c699259328fa9f750/file_contents/202305nenrei-zentai.pdf
202305,93,49,131,180,https://www.city.urasoe.lg.jp/doc/6656c72c699259328fa9f750/file_contents/202305nenrei-zentai.pdf
202305,19,664,621,1285,https://www.city.urasoe.lg.jp/doc/6656c72c699259328fa9f750/file_contents/202305nenrei-zentai.pdf
202305,44,802,797,1599,https://www.city.urasoe.lg.jp/doc/6656c72c699259328fa9f750/file_contents/202305nenrei-zentai.pdf
202305,69,597,689,1286,https://www.city.urasoe.lg.jp/doc/6656c72c699259328fa9f750/file_contents/202305nenrei-zentai.pdf
202305,94,38,101,139,https://www.city.urasoe.lg.jp/doc/6656c72c699259328fa9f750/file_contents/202305nenrei-zentai.pdf
202305,20,672,623,1295,https://www.city.urasoe.lg.jp/doc/6656c72c699259328fa9f750/file_contents/202305nenrei-zentai.pdf
202305,45,791,790,1581,https://www.city.urasoe.lg.jp/doc/6656c72c699259328fa9f750/file_contents/202305nenrei-zentai.pdf
202305,70,644,691,1335,https://www.city.urasoe.lg.jp/doc/6656c72c699259328fa9f750/file_contents/202305nenrei-zentai.pdf
202305,95,20,91,111,https://www.city.urasoe.lg.jp/doc/6656c72c699259328fa9f750/file_contents/202305nenrei-zentai.pdf
202305,21,656,603,1259,https://www.city.urasoe.lg.jp/doc/6656c72c699259328fa9f750/file_contents/202305nenrei-zentai.pdf
202305,46,809,846,1655,https://www.city.urasoe.lg.jp/doc/6656c72c699259328fa9f750/file_contents/202305nenrei-zentai.pdf
202305,71,595,756,1351,https://www.city.urasoe.lg.jp/doc/6656c72c699259328fa9f750/file_contents/202305nenrei-zentai.pdf
202305,96,15,66,81,https://www.city.urasoe.lg.jp/doc/6656c72c699259328fa9f750/file_contents/202305nenrei-zentai.pdf
202305,22,640,644,1284,https://www.city.urasoe.lg.jp/doc/6656c72c699259328fa9f750/file_contents/202305nenrei-zentai.pdf
202305,47,854,859,1713,https://www.city.urasoe.lg.jp/doc/6656c72c699259328fa9f750/file_contents/202305nenrei-zentai.pdf
202305,72,647,720,1367,https://www.city.urasoe.lg.jp/doc/6656c72c699259328fa9f750/file_contents/202305nenrei-zentai.pdf
202305,97,4,50,54,https://www.city.urasoe.lg.jp/doc/6656c72c699259328fa9f750/file_contents/202305nenrei-zentai.pdf
202305,23,598,605,1203,https://www.city.urasoe.lg.jp/doc/6656c72c699259328fa9f750/file_contents/202305nenrei-zentai.pdf
202305,48,910,974,1884,https://www.city.urasoe.lg.jp/doc/6656c72c699259328fa9f750/file_contents/202305nenrei-zentai.pdf
202305,73,592,652,1244,https://www.city.urasoe.lg.jp/doc/6656c72c699259328fa9f750/file_contents/202305nenrei-zentai.pdf
202305,98,6,26,32,https://www.city.urasoe.lg.jp/doc/6656c72c699259328fa9f750/file_contents/202305nenrei-zentai.pdf
202305,24,672,572,1244,https://www.city.urasoe.lg.jp/doc/6656c72c699259328fa9f750/file_contents/202305nenrei-zentai.pdf
202305,49,927,995,1922,https://www.city.urasoe.lg.jp/doc/6656c72c699259328fa9f750/file_contents/202305nenrei-zentai.pdf
202305,74,570,622,1192,https://www.city.urasoe.lg.jp/doc/6656c72c699259328fa9f750/file_contents/202305nenrei-zentai.pdf
202305,99,10,28,38,https://www.city.urasoe.lg.jp/doc/6656c72c699259328fa9f750/file_contents/202305nenrei-zentai.pdf
202305,100,5,20,25,https://www.city.urasoe.lg.jp/doc/6656c72c699259328fa9f750/file_contents/202305nenrei-zentai.pdf
202305,101,2,18,20,https://www.city.urasoe.lg.jp/doc/6656c72c699259328fa9f750/file_contents/202305nenrei-zentai.pdf
202306,0,543,530,1073,https://www.city.urasoe.lg.jp/doc/6656c72c699259328fa9f750/file_contents/202306nenrei-zentai.pdf
202306,25,640,617,1257,https://www.city.urasoe.lg.jp/doc/6656c72c699259328fa9f750/file_contents/202306nenrei-zentai.pdf
202306,50,921,950,1871,https://www.city.urasoe.lg.jp/doc/6656c72c699259328fa9f750/file_contents/202306nenrei-zentai.pdf
202306,75,612,670,1282,https://www.city.urasoe.lg.jp/doc/6656c72c699259328fa9f750/file_contents/202306nenrei-zentai.pdf
202306,1,586,548,1134,https://www.city.urasoe.lg.jp/doc/6656c72c699259328fa9f750/file_contents/202306nenrei-zentai.pdf
202306,26,621,641,1262,https://www.city.urasoe.lg.jp/doc/6656c72c699259328fa9f750/file_contents/202306nenrei-zentai.pdf
202306,51,851,857,1708,https://www.city.urasoe.lg.jp/doc/6656c72c699259328fa9f750/file_contents/202306nenrei-zentai.pdf
202306,76,390,443,833,https://www.city.urasoe.lg.jp/doc/6656c72c699259328fa9f750/file_contents/202306nenrei-zentai.pdf
202306,2,634,566,1200,https://www.city.urasoe.lg.jp/doc/6656c72c699259328fa9f750/file_contents/202306nenrei-zentai.pdf
202306,27,623,634,1257,https://www.city.urasoe.lg.jp/doc/6656c72c699259328fa9f750/file_contents/202306nenrei-zentai.pdf
202306,52,787,886,1673,https://www.city.urasoe.lg.jp/doc/6656c72c699259328fa9f750/file_contents/202306nenrei-zentai.pdf
202306,77,197,245,442,https://www.city.urasoe.lg.jp/doc/6656c72c699259328fa9f750/file_contents/202306nenrei-zentai.pdf
202306,3,563,552,1115,https://www.city.urasoe.lg.jp/doc/6656c72c699259328fa9f750/file_contents/202306nenrei-zentai.pdf
202306,28,634,658,1292,https://www.city.urasoe.lg.jp/doc/6656c72c699259328fa9f750/file_contents/202306nenrei-zentai.pdf
202306,53,815,801,1616,https://www.city.urasoe.lg.jp/doc/6656c72c699259328fa9f750/file_contents/202306nenrei-zentai.pdf
202306,78,244,350,594,https://www.city.urasoe.lg.jp/doc/6656c72c699259328fa9f750/file_contents/202306nenrei-zentai.pdf
202306,4,608,580,1188,https://www.city.urasoe.lg.jp/doc/6656c72c699259328fa9f750/file_contents/202306nenrei-zentai.pdf
202306,29,648,630,1278,https://www.city.urasoe.lg.jp/doc/6656c72c699259328fa9f750/file_contents/202306nenrei-zentai.pdf
202306,54,830,870,1700,https://www.city.urasoe.lg.jp/doc/6656c72c699259328fa9f750/file_contents/202306nenrei-zentai.pdf
202306,79,363,434,797,https://www.city.urasoe.lg.jp/doc/6656c72c699259328fa9f750/file_contents/202306nenrei-zentai.pdf
202306,5,626,574,1200,https://www.city.urasoe.lg.jp/doc/6656c72c699259328fa9f750/file_contents/202306nenrei-zentai.pdf
202306,30,631,660,1291,https://www.city.urasoe.lg.jp/doc/6656c72c699259328fa9f750/file_contents/202306nenrei-zentai.pdf
202306,55,775,869,1644,https://www.city.urasoe.lg.jp/doc/6656c72c699259328fa9f750/file_contents/202306nenrei-zentai.pdf
202306,80,306,428,734,https://www.city.urasoe.lg.jp/doc/6656c72c699259328fa9f750/file_contents/202306nenrei-zentai.pdf
202306,6,633,651,1284,https://www.city.urasoe.lg.jp/doc/6656c72c699259328fa9f750/file_contents/202306nenrei-zentai.pdf
202306,31,657,682,1339,https://www.city.urasoe.lg.jp/doc/6656c72c699259328fa9f750/file_contents/202306nenrei-zentai.pdf
202306,56,745,771,1516,https://www.city.urasoe.lg.jp/doc/6656c72c699259328fa9f750/file_contents/202306nenrei-zentai.pdf
202306,81,328,425,753,https://www.city.urasoe.lg.jp/doc/6656c72c699259328fa9f750/file_contents/202306nenrei-zentai.pdf
202306,7,635,604,1239,https://www.city.urasoe.lg.jp/doc/6656c72c699259328fa9f750/file_contents/202306nenrei-zentai.pdf
202306,32,647,685,1332,https://www.city.urasoe.lg.jp/doc/6656c72c699259328fa9f750/file_contents/202306nenrei-zentai.pdf
202306,57,625,662,1287,https://www.city.urasoe.lg.jp/doc/6656c72c699259328fa9f750/file_contents/202306nenrei-zentai.pdf
202306,82,344,420,764,https://www.city.urasoe.lg.jp/doc/6656c72c699259328fa9f750/file_contents/202306nenrei-zentai.pdf
202306,8,651,669,1320,https://www.city.urasoe.lg.jp/doc/6656c72c699259328fa9f750/file_contents/202306nenrei-zentai.pdf
202306,33,645,688,1333,https://www.city.urasoe.lg.jp/doc/6656c72c699259328fa9f750/file_contents/202306nenrei-zentai.pdf
202306,58,669,733,1402,https://www.city.urasoe.lg.jp/doc/6656c72c699259328fa9f750/file_contents/202306nenrei-zentai.pdf
202306,83,298,420,718,https://www.city.urasoe.lg.jp/doc/6656c72c699259328fa9f750/file_contents/202306nenrei-zentai.pdf
202306,9,668,584,1252,https://www.city.urasoe.lg.jp/doc/6656c72c699259328fa9f750/file_contents/202306nenrei-zentai.pdf
202306,34,671,699,1370,https://www.city.urasoe.lg.jp/doc/6656c72c699259328fa9f750/file_contents/202306nenrei-zentai.pdf
202306,59,667,759,1426,https://www.city.urasoe.lg.jp/doc/6656c72c699259328fa9f750/file_contents/202306nenrei-zentai.pdf
202306,84,278,351,629,https://www.city.urasoe.lg.jp/doc/6656c72c699259328fa9f750/file_contents/202306nenrei-zentai.pdf
202306,10,690,680,1370,https://www.city.urasoe.lg.jp/doc/6656c72c699259328fa9f750/file_contents/202306nenrei-zentai.pdf
202306,35,657,665,1322,https://www.city.urasoe.lg.jp/doc/6656c72c699259328fa9f750/file_contents/202306nenrei-zentai.pdf
202306,60,665,749,1414,https://www.city.urasoe.lg.jp/doc/6656c72c699259328fa9f750/file_contents/202306nenrei-zentai.pdf
202306,85,243,352,595,https://www.city.urasoe.lg.jp/doc/6656c72c699259328fa9f750/file_contents/202306nenrei-zentai.pdf
202306,11,699,703,1402,https://www.city.urasoe.lg.jp/doc/6656c72c699259328fa9f750/file_contents/202306nenrei-zentai.pdf
202306,36,740,746,1486,https://www.city.urasoe.lg.jp/doc/6656c72c699259328fa9f750/file_contents/202306nenrei-zentai.pdf
202306,61,650,701,1351,https://www.city.urasoe.lg.jp/doc/6656c72c699259328fa9f750/file_contents/202306nenrei-zentai.pdf
202306,86,198,354,552,https://www.city.urasoe.lg.jp/doc/6656c72c699259328fa9f750/file_contents/202306nenrei-zentai.pdf
202306,12,654,667,1321,https://www.city.urasoe.lg.jp/doc/6656c72c699259328fa9f750/file_contents/202306nenrei-zentai.pdf
202306,37,714,717,1431,https://www.city.urasoe.lg.jp/doc/6656c72c699259328fa9f750/file_contents/202306nenrei-zentai.pdf
202306,62,678,684,1362,https://www.city.urasoe.lg.jp/doc/6656c72c699259328fa9f750/file_contents/202306nenrei-zentai.pdf
202306,87,195,328,523,https://www.city.urasoe.lg.jp/doc/6656c72c699259328fa9f750/file_contents/202306nenrei-zentai.pdf
202306,13,720,653,1373,https://www.city.urasoe.lg.jp/doc/6656c72c699259328fa9f750/file_contents/202306nenrei-zentai.pdf
202306,38,753,830,1583,https://www.city.urasoe.lg.jp/doc/6656c72c699259328fa9f750/file_contents/202306nenrei-zentai.pdf
202306,63,648,713,1361,https://www.city.urasoe.lg.jp/doc/6656c72c699259328fa9f750/file_contents/202306nenrei-zentai.pdf
202306,88,166,305,471,https://www.city.urasoe.lg.jp/doc/6656c72c699259328fa9f750/file_contents/202306nenrei-zentai.pdf
202306,14,723,692,1415,https://www.city.urasoe.lg.jp/doc/6656c72c699259328fa9f750/file_contents/202306nenrei-zentai.pdf
202306,39,751,782,1533,https://www.city.urasoe.lg.jp/doc/6656c72c699259328fa9f750/file_contents/202306nenrei-zentai.pdf
202306,64,683,663,1346,https://www.city.urasoe.lg.jp/doc/6656c72c699259328fa9f750/file_contents/202306nenrei-zentai.pdf
202306,89,106,259,365,https://www.city.urasoe.lg.jp/doc/6656c72c699259328fa9f750/file_contents/202306nenrei-zentai.pdf
202306,15,690,693,1383,https://www.city.urasoe.lg.jp/doc/6656c72c699259328fa9f750/file_contents/202306nenrei-zentai.pdf
202306,40,714,721,1435,https://www.city.urasoe.lg.jp/doc/6656c72c699259328fa9f750/file_contents/202306nenrei-zentai.pdf
202306,65,605,601,1206,https://www.city.urasoe.lg.jp/doc/6656c72c699259328fa9f750/file_contents/202306nenrei-zentai.pdf
202306,90,113,223,336,https://www.city.urasoe.lg.jp/doc/6656c72c699259328fa9f750/file_contents/202306nenrei-zentai.pdf
202306,16,727,686,1413,https://www.city.urasoe.lg.jp/doc/6656c72c699259328fa9f750/file_contents/202306nenrei-zentai.pdf
202306,41,692,739,1431,https://www.city.urasoe.lg.jp/doc/6656c72c699259328fa9f750/file_contents/202306nenrei-zentai.pdf
202306,66,583,633,1216,https://www.city.urasoe.lg.jp/doc/6656c72c699259328fa9f750/file_contents/202306nenrei-zentai.pdf
202306,91,79,175,254,https://www.city.urasoe.lg.jp/doc/6656c72c699259328fa9f750/file_contents/202306nenrei-zentai.pdf
202306,17,701,664,1365,https://www.city.urasoe.lg.jp/doc/6656c72c699259328fa9f750/file_contents/202306nenrei-zentai.pdf
202306,42,712,762,1474,https://www.city.urasoe.lg.jp/doc/6656c72c699259328fa9f750/file_contents/202306nenrei-zentai.pdf
202306,67,580,613,1193,https://www.city.urasoe.lg.jp/doc/6656c72c699259328fa9f750/file_contents/202306nenrei-zentai.pdf
202306,92,62,148,210,https://www.city.urasoe.lg.jp/doc/6656c72c699259328fa9f750/file_contents/202306nenrei-zentai.pdf
202306,18,638,570,1208,https://www.city.urasoe.lg.jp/doc/6656c72c699259328fa9f750/file_contents/202306nenrei-zentai.pdf
202306,43,725,771,1496,https://www.city.urasoe.lg.jp/doc/6656c72c699259328fa9f750/file_contents/202306nenrei-zentai.pdf
202306,68,617,694,1311,https://www.city.urasoe.lg.jp/doc/6656c72c699259328fa9f750/file_contents/202306nenrei-zentai.pdf
202306,93,47,131,178,https://www.city.urasoe.lg.jp/doc/6656c72c699259328fa9f750/file_contents/202306nenrei-zentai.pdf
202306,19,664,638,1302,https://www.city.urasoe.lg.jp/doc/6656c72c699259328fa9f750/file_contents/202306nenrei-zentai.pdf
202306,44,812,801,1613,https://www.city.urasoe.lg.jp/doc/6656c72c699259328fa9f750/file_contents/202306nenrei-zentai.pdf
202306,69,583,690,1273,https://www.city.urasoe.lg.jp/doc/6656c72c699259328fa9f750/file_contents/202306nenrei-zentai.pdf
202306,94,39,104,143,https://www.city.urasoe.lg.jp/doc/6656c72c699259328fa9f750/file_contents/202306nenrei-zentai.pdf
202306,20,663,609,1272,https://www.city.urasoe.lg.jp/doc/6656c72c699259328fa9f750/file_contents/202306nenrei-zentai.pdf
202306,45,779,777,1556,https://www.city.urasoe.lg.jp/doc/6656c72c699259328fa9f750/file_contents/202306nenrei-zentai.pdf
202306,70,653,681,1334,https://www.city.urasoe.lg.jp/doc/6656c72c699259328fa9f750/file_contents/202306nenrei-zentai.pdf
202306,95,21,87,108,https://www.city.urasoe.lg.jp/doc/6656c72c699259328fa9f750/file_contents/202306nenrei-zentai.pdf
202306,21,654,600,1254,https://www.city.urasoe.lg.jp/doc/6656c72c699259328fa9f750/file_contents/202306nenrei-zentai.pdf
202306,46,815,854,1669,https://www.city.urasoe.lg.jp/doc/6656c72c699259328fa9f750/file_contents/202306nenrei-zentai.pdf
202306,71,580,747,1327,https://www.city.urasoe.lg.jp/doc/6656c72c699259328fa9f750/file_contents/202306nenrei-zentai.pdf
202306,96,13,68,81,https://www.city.urasoe.lg.jp/doc/6656c72c699259328fa9f750/file_contents/202306nenrei-zentai.pdf
202306,22,652,642,1294,https://www.city.urasoe.lg.jp/doc/6656c72c699259328fa9f750/file_contents/202306nenrei-zentai.pdf
202306,47,845,863,1708,https://www.city.urasoe.lg.jp/doc/6656c72c699259328fa9f750/file_contents/202306nenrei-zentai.pdf
202306,72,645,733,1378,https://www.city.urasoe.lg.jp/doc/6656c72c699259328fa9f750/file_contents/202306nenrei-zentai.pdf
202306,97,4,50,54,https://www.city.urasoe.lg.jp/doc/6656c72c699259328fa9f750/file_contents/202306nenrei-zentai.pdf
202306,23,595,612,1207,https://www.city.urasoe.lg.jp/doc/6656c72c699259328fa9f750/file_contents/202306nenrei-zentai.pdf
202306,48,909,952,1861,https://www.city.urasoe.lg.jp/doc/6656c72c699259328fa9f750/file_contents/202306nenrei-zentai.pdf
202306,73,603,673,1276,https://www.city.urasoe.lg.jp/doc/6656c72c699259328fa9f750/file_contents/202306nenrei-zentai.pdf
202306,98,4,27,31,https://www.city.urasoe.lg.jp/doc/6656c72c699259328fa9f750/file_contents/202306nenrei-zentai.pdf
202306,24,653,585,1238,https://www.city.urasoe.lg.jp/doc/6656c72c699259328fa9f750/file_contents/202306nenrei-zentai.pdf
202306,49,922,994,1916,https://www.city.urasoe.lg.jp/doc/6656c72c699259328fa9f750/file_contents/202306nenrei-zentai.pdf
202306,74,569,605,1174,https://www.city.urasoe.lg.jp/doc/6656c72c699259328fa9f750/file_contents/202306nenrei-zentai.pdf
202306,99,11,29,40,https://www.city.urasoe.lg.jp/doc/6656c72c699259328fa9f750/file_contents/202306nenrei-zentai.pdf
202306,100,4,18,22,https://www.city.urasoe.lg.jp/doc/6656c72c699259328fa9f750/file_contents/202306nenrei-zentai.pdf
202306,101,2,20,22,https://www.city.urasoe.lg.jp/doc/6656c72c699259328fa9f750/file_contents/202306nenrei-zentai.pdf
202307,0,540,525,1065,https://www.city.urasoe.lg.jp/doc/6656c72c699259328fa9f750/file_contents/202307nenrei-zentai.pdf
202307,25,648,618,1266,https://www.city.urasoe.lg.jp/doc/6656c72c699259328fa9f750/file_contents/202307nenrei-zentai.pdf
202307,50,931,944,1875,https://www.city.urasoe.lg.jp/doc/6656c72c699259328fa9f750/file_contents/202307nenrei-zentai.pdf
202307,75,611,660,1271,https://www.city.urasoe.lg.jp/doc/6656c72c699259328fa9f750/file_contents/202307nenrei-zentai.pdf
202307,1,575,551,1126,https://www.city.urasoe.lg.jp/doc/6656c72c699259328fa9f750/file_contents/202307nenrei-zentai.pdf
202307,26,625,654,1279,https://www.city.urasoe.lg.jp/doc/6656c72c699259328fa9f750/file_contents/202307nenrei-zentai.pdf
202307,51,849,867,1716,https://www.city.urasoe.lg.jp/doc/6656c72c699259328fa9f750/file_contents/202307nenrei-zentai.pdf
202307,76,416,479,895,https://www.city.urasoe.lg.jp/doc/6656c72c699259328fa9f750/file_contents/202307nenrei-zentai.pdf
202307,2,644,559,1203,https://www.city.urasoe.lg.jp/doc/6656c72c699259328fa9f750/file_contents/202307nenrei-zentai.pdf
202307,27,633,632,1265,https://www.city.urasoe.lg.jp/doc/6656c72c699259328fa9f750/file_contents/202307nenrei-zentai.pdf
202307,52,802,885,1687,https://www.city.urasoe.lg.jp/doc/6656c72c699259328fa9f750/file_contents/202307nenrei-zentai.pdf
202307,77,199,247,446,https://www.city.urasoe.lg.jp/doc/6656c72c699259328fa9f750/file_contents/202307nenrei-zentai.pdf
202307,3,566,564,1130,https://www.city.urasoe.lg.jp/doc/6656c72c699259328fa9f750/file_contents/202307nenrei-zentai.pdf
202307,28,621,658,1279,https://www.city.urasoe.lg.jp/doc/6656c72c699259328fa9f750/file_contents/202307nenrei-zentai.pdf
202307,53,819,813,1632,https://www.city.urasoe.lg.jp/doc/6656c72c699259328fa9f750/file_contents/202307nenrei-zentai.pdf
202307,78,228,342,570,https://www.city.urasoe.lg.jp/doc/6656c72c699259328fa9f750/file_contents/202307nenrei-zentai.pdf
202307,4,603,560,1163,https://www.city.urasoe.lg.jp/doc/6656c72c699259328fa9f750/file_contents/202307nenrei-zentai.pdf
202307,29,655,641,1296,https://www.city.urasoe.lg.jp/doc/6656c72c699259328fa9f750/file_contents/202307nenrei-zentai.pdf
202307,54,830,857,1687,https://www.city.urasoe.lg.jp/doc/6656c72c699259328fa9f750/file_contents/202307nenrei-zentai.pdf
202307,79,364,412,776,https://www.city.urasoe.lg.jp/doc/6656c72c699259328fa9f750/file_contents/202307nenrei-zentai.pdf
202307,5,630,574,1204,https://www.city.urasoe.lg.jp/doc/6656c72c699259328fa9f750/file_contents/202307nenrei-zentai.pdf
202307,30,623,660,1283,https://www.city.urasoe.lg.jp/doc/6656c72c699259328fa9f750/file_contents/202307nenrei-zentai.pdf
202307,55,777,879,1656,https://www.city.urasoe.lg.jp/doc/6656c72c699259328fa9f750/file_contents/202307nenrei-zentai.pdf
202307,80,298,437,735,https://www.city.urasoe.lg.jp/doc/6656c72c699259328fa9f750/file_contents/202307nenrei-zentai.pdf
202307,6,640,641,1281,https://www.city.urasoe.lg.jp/doc/6656c72c699259328fa9f750/file_contents/202307nenrei-zentai.pdf
202307,31,654,679,1333,https://www.city.urasoe.lg.jp/doc/6656c72c699259328fa9f750/file_contents/202307nenrei-zentai.pdf
202307,56,761,778,1539,https://www.city.urasoe.lg.jp/doc/6656c72c699259328fa9f750/file_contents/202307nenrei-zentai.pdf
202307,81,332,417,749,https://www.city.urasoe.lg.jp/doc/6656c72c699259328fa9f750/file_contents/202307nenrei-zentai.pdf
202307,7,635,614,1249,https://www.city.urasoe.lg.jp/doc/6656c72c699259328fa9f750/file_contents/202307nenrei-zentai.pdf
202307,32,642,676,1318,https://www.city.urasoe.lg.jp/doc/6656c72c699259328fa9f750/file_contents/202307nenrei-zentai.pdf
202307,57,614,677,1291,https://www.city.urasoe.lg.jp/doc/6656c72c699259328fa9f750/file_contents/202307nenrei-zentai.pdf
202307,82,334,437,771,https://www.city.urasoe.lg.jp/doc/6656c72c699259328fa9f750/file_contents/202307nenrei-zentai.pdf
202307,8,640,662,1302,https://www.city.urasoe.lg.jp/doc/6656c72c699259328fa9f750/file_contents/202307nenrei-zentai.pdf
202307,33,661,694,1355,https://www.city.urasoe.lg.jp/doc/6656c72c699259328fa9f750/file_contents/202307nenrei-zentai.pdf
202307,58,666,720,1386,https://www.city.urasoe.lg.jp/doc/6656c72c699259328fa9f750/file_contents/202307nenrei-zentai.pdf
202307,83,308,414,722,https://www.city.urasoe.lg.jp/doc/6656c72c699259328fa9f750/file_contents/202307nenrei-zentai.pdf
202307,9,670,606,1276,https://www.city.urasoe.lg.jp/doc/6656c72c699259328fa9f750/file_contents/202307nenrei-zentai.pdf
202307,34,655,710,1365,https://www.city.urasoe.lg.jp/doc/6656c72c699259328fa9f750/file_contents/202307nenrei-zentai.pdf
202307,59,684,764,1448,https://www.city.urasoe.lg.jp/doc/6656c72c699259328fa9f750/file_contents/202307nenrei-zentai.pdf
202307,84,273,359,632,https://www.city.urasoe.lg.jp/doc/6656c72c699259328fa9f750/file_contents/202307nenrei-zentai.pdf
202307,10,687,651,1338,https://www.city.urasoe.lg.jp/doc/6656c72c699259328fa9f750/file_contents/202307nenrei-zentai.pdf
202307,35,679,656,1335,https://www.city.urasoe.lg.jp/doc/6656c72c699259328fa9f750/file_contents/202307nenrei-zentai.pdf
202307,60,655,758,1413,https://www.city.urasoe.lg.jp/doc/6656c72c699259328fa9f750/file_contents/202307nenrei-zentai.pdf
202307,85,252,348,600,https://www.city.urasoe.lg.jp/doc/6656c72c699259328fa9f750/file_contents/202307nenrei-zentai.pdf
202307,11,694,709,1403,https://www.city.urasoe.lg.jp/doc/6656c72c699259328fa9f750/file_contents/202307nenrei-zentai.pdf
202307,36,743,741,1484,https://www.city.urasoe.lg.jp/doc/6656c72c699259328fa9f750/file_contents/202307nenrei-zentai.pdf
202307,61,651,692,1343,https://www.city.urasoe.lg.jp/doc/6656c72c699259328fa9f750/file_contents/202307nenrei-zentai.pdf
202307,86,192,342,534,https://www.city.urasoe.lg.jp/doc/6656c72c699259328fa9f750/file_contents/202307nenrei-zentai.pdf
202307,12,667,684,1351,https://www.city.urasoe.lg.jp/doc/6656c72c699259328fa9f750/file_contents/202307nenrei-zentai.pdf
202307,37,711,726,1437,https://www.city.urasoe.lg.jp/doc/6656c72c699259328fa9f750/file_contents/202307nenrei-zentai.pdf
202307,62,692,695,1387,https://www.city.urasoe.lg.jp/doc/6656c72c699259328fa9f750/file_contents/202307nenrei-zentai.pdf
202307,87,190,342,532,https://www.city.urasoe.lg.jp/doc/6656c72c699259328fa9f750/file_contents/202307nenrei-zentai.pdf
202307,13,704,640,1344,https://www.city.urasoe.lg.jp/doc/6656c72c699259328fa9f750/file_contents/202307nenrei-zentai.pdf
202307,38,750,820,1570,https://www.city.urasoe.lg.jp/doc/6656c72c699259328fa9f750/file_contents/202307nenrei-zentai.pdf
202307,63,646,705,1351,https://www.city.urasoe.lg.jp/doc/6656c72c699259328fa9f750/file_contents/202307nenrei-zentai.pdf
202307,88,181,300,481,https://www.city.urasoe.lg.jp/doc/6656c72c699259328fa9f750/file_contents/202307nenrei-zentai.pdf
202307,14,726,698,1424,https://www.city.urasoe.lg.jp/doc/6656c72c699259328fa9f750/file_contents/202307nenrei-zentai.pdf
202307,39,735,795,1530,https://www.city.urasoe.lg.jp/doc/6656c72c699259328fa9f750/file_contents/202307nenrei-zentai.pdf
202307,64,674,658,1332,https://www.city.urasoe.lg.jp/doc/6656c72c699259328fa9f750/file_contents/202307nenrei-zentai.pdf
202307,89,104,265,369,https://www.city.urasoe.lg.jp/doc/6656c72c699259328fa9f750/file_contents/202307nenrei-zentai.pdf
202307,15,687,698,1385,https://www.city.urasoe.lg.jp/doc/6656c72c699259328fa9f750/file_contents/202307nenrei-zentai.pdf
202307,40,729,718,1447,https://www.city.urasoe.lg.jp/doc/6656c72c699259328fa9f750/file_contents/202307nenrei-zentai.pdf
202307,65,609,630,1239,https://www.city.urasoe.lg.jp/doc/6656c72c699259328fa9f750/file_contents/202307nenrei-zentai.pdf
202307,90,108,219,327,https://www.city.urasoe.lg.jp/doc/6656c72c699259328fa9f750/file_contents/202307nenrei-zentai.pdf
202307,16,734,672,1406,https://www.city.urasoe.lg.jp/doc/6656c72c699259328fa9f750/file_contents/202307nenrei-zentai.pdf
202307,41,701,738,1439,https://www.city.urasoe.lg.jp/doc/6656c72c699259328fa9f750/file_contents/202307nenrei-zentai.pdf
202307,66,595,632,1227,https://www.city.urasoe.lg.jp/doc/6656c72c699259328fa9f750/file_contents/202307nenrei-zentai.pdf
202307,91,79,184,263,https://www.city.urasoe.lg.jp/doc/6656c72c699259328fa9f750/file_contents/202307nenrei-zentai.pdf
202307,17,698,675,1373,https://www.city.urasoe.lg.jp/doc/6656c72c699259328fa9f750/file_contents/202307nenrei-zentai.pdf
202307,42,717,772,1489,https://www.city.urasoe.lg.jp/doc/6656c72c699259328fa9f750/file_contents/202307nenrei-zentai.pdf
202307,67,574,604,1178,https://www.city.urasoe.lg.jp/doc/6656c72c699259328fa9f750/file_contents/202307nenrei-zentai.pdf
202307,92,60,139,199,https://www.city.urasoe.lg.jp/doc/6656c72c699259328fa9f750/file_contents/202307nenrei-zentai.pdf
202307,18,648,577,1225,https://www.city.urasoe.lg.jp/doc/6656c72c699259328fa9f750/file_contents/202307nenrei-zentai.pdf
202307,43,715,777,1492,https://www.city.urasoe.lg.jp/doc/6656c72c699259328fa9f750/file_contents/202307nenrei-zentai.pdf
202307,68,614,689,1303,https://www.city.urasoe.lg.jp/doc/6656c72c699259328fa9f750/file_contents/202307nenrei-zentai.pdf
202307,93,49,129,178,https://www.city.urasoe.lg.jp/doc/6656c72c699259328fa9f750/file_contents/202307nenrei-zentai.pdf
202307,19,649,646,1295,https://www.city.urasoe.lg.jp/doc/6656c72c699259328fa9f750/file_contents/202307nenrei-zentai.pdf
202307,44,816,774,1590,https://www.city.urasoe.lg.jp/doc/6656c72c699259328fa9f750/file_contents/202307nenrei-zentai.pdf
202307,69,586,685,1271,https://www.city.urasoe.lg.jp/doc/6656c72c699259328fa9f750/file_contents/202307nenrei-zentai.pdf
202307,94,38,102,140,https://www.city.urasoe.lg.jp/doc/6656c72c699259328fa9f750/file_contents/202307nenrei-zentai.pdf
202307,20,671,620,1291,https://www.city.urasoe.lg.jp/doc/6656c72c699259328fa9f750/file_contents/202307nenrei-zentai.pdf
202307,45,775,787,1562,https://www.city.urasoe.lg.jp/doc/6656c72c699259328fa9f750/file_contents/202307nenrei-zentai.pdf
202307,70,645,700,1345,https://www.city.urasoe.lg.jp/doc/6656c72c699259328fa9f750/file_contents/202307nenrei-zentai.pdf
202307,95,20,90,110,https://www.city.urasoe.lg.jp/doc/6656c72c699259328fa9f750/file_contents/202307nenrei-zentai.pdf
202307,21,669,611,1280,https://www.city.urasoe.lg.jp/doc/6656c72c699259328fa9f750/file_contents/202307nenrei-zentai.pdf
202307,46,807,853,1660,https://www.city.urasoe.lg.jp/doc/6656c72c699259328fa9f750/file_contents/202307nenrei-zentai.pdf
202307,71,584,725,1309,https://www.city.urasoe.lg.jp/doc/6656c72c699259328fa9f750/file_contents/202307nenrei-zentai.pdf
202307,96,14,70,84,https://www.city.urasoe.lg.jp/doc/6656c72c699259328fa9f750/file_contents/202307nenrei-zentai.pdf
202307,22,654,647,1301,https://www.city.urasoe.lg.jp/doc/6656c72c699259328fa9f750/file_contents/202307nenrei-zentai.pdf
202307,47,834,843,1677,https://www.city.urasoe.lg.jp/doc/6656c72c699259328fa9f750/file_contents/202307nenrei-zentai.pdf
202307,72,634,728,1362,https://www.city.urasoe.lg.jp/doc/6656c72c699259328fa9f750/file_contents/202307nenrei-zentai.pdf
202307,97,4,49,53,https://www.city.urasoe.lg.jp/doc/6656c72c699259328fa9f750/file_contents/202307nenrei-zentai.pdf
202307,23,612,620,1232,https://www.city.urasoe.lg.jp/doc/6656c72c699259328fa9f750/file_contents/202307nenrei-zentai.pdf
202307,48,923,952,1875,https://www.city.urasoe.lg.jp/doc/6656c72c699259328fa9f750/file_contents/202307nenrei-zentai.pdf
202307,73,611,686,1297,https://www.city.urasoe.lg.jp/doc/6656c72c699259328fa9f750/file_contents/202307nenrei-zentai.pdf
202307,98,3,27,30,https://www.city.urasoe.lg.jp/doc/6656c72c699259328fa9f750/file_contents/202307nenrei-zentai.pdf
202307,24,643,583,1226,https://www.city.urasoe.lg.jp/doc/6656c72c699259328fa9f750/file_contents/202307nenrei-zentai.pdf
202307,49,902,1004,1906,https://www.city.urasoe.lg.jp/doc/6656c72c699259328fa9f750/file_contents/202307nenrei-zentai.pdf
202307,74,565,598,1163,https://www.city.urasoe.lg.jp/doc/6656c72c699259328fa9f750/file_contents/202307nenrei-zentai.pdf
202307,99,11,29,40,https://www.city.urasoe.lg.jp/doc/6656c72c699259328fa9f750/file_contents/202307nenrei-zentai.pdf
202307,100,4,15,19,https://www.city.urasoe.lg.jp/doc/6656c72c699259328fa9f750/file_contents/202307nenrei-zentai.pdf
202307,101,2,18,20,https://www.city.urasoe.lg.jp/doc/6656c72c699259328fa9f750/file_contents/202307nenrei-zentai.pdf
202308,0,511,525,1036,https://www.city.urasoe.lg.jp/doc/6656c72c699259328fa9f750/file_contents/202308nenrei-zentai.pdf
202308,25,663,634,1297,https://www.city.urasoe.lg.jp/doc/6656c72c699259328fa9f750/file_contents/202308nenrei-zentai.pdf
202308,50,921,946,1867,https://www.city.urasoe.lg.jp/doc/6656c72c699259328fa9f750/file_contents/202308nenrei-zentai.pdf
202308,75,604,666,1270,https://www.city.urasoe.lg.jp/doc/6656c72c699259328fa9f750/file_contents/202308nenrei-zentai.pdf
202308,1,573,544,1117,https://www.city.urasoe.lg.jp/doc/6656c72c699259328fa9f750/file_contents/202308nenrei-zentai.pdf
202308,26,617,648,1265,https://www.city.urasoe.lg.jp/doc/6656c72c699259328fa9f750/file_contents/202308nenrei-zentai.pdf
202308,51,870,862,1732,https://www.city.urasoe.lg.jp/doc/6656c72c699259328fa9f750/file_contents/202308nenrei-zentai.pdf
202308,76,446,503,949,https://www.city.urasoe.lg.jp/doc/6656c72c699259328fa9f750/file_contents/202308nenrei-zentai.pdf
202308,2,646,558,1204,https://www.city.urasoe.lg.jp/doc/6656c72c699259328fa9f750/file_contents/202308nenrei-zentai.pdf
202308,27,643,619,1262,https://www.city.urasoe.lg.jp/doc/6656c72c699259328fa9f750/file_contents/202308nenrei-zentai.pdf
202308,52,800,890,1690,https://www.city.urasoe.lg.jp/doc/6656c72c699259328fa9f750/file_contents/202308nenrei-zentai.pdf
202308,77,208,248,456,https://www.city.urasoe.lg.jp/doc/6656c72c699259328fa9f750/file_contents/202308nenrei-zentai.pdf
202308,3,578,581,1159,https://www.city.urasoe.lg.jp/doc/6656c72c699259328fa9f750/file_contents/202308nenrei-zentai.pdf
202308,28,616,673,1289,https://www.city.urasoe.lg.jp/doc/6656c72c699259328fa9f750/file_contents/202308nenrei-zentai.pdf
202308,53,800,829,1629,https://www.city.urasoe.lg.jp/doc/6656c72c699259328fa9f750/file_contents/202308nenrei-zentai.pdf
202308,78,224,335,559,https://www.city.urasoe.lg.jp/doc/6656c72c699259328fa9f750/file_contents/202308nenrei-zentai.pdf
202308,4,601,558,1159,https://www.city.urasoe.lg.jp/doc/6656c72c699259328fa9f750/file_contents/202308nenrei-zentai.pdf
202308,29,638,643,1281,https://www.city.urasoe.lg.jp/doc/6656c72c699259328fa9f750/file_contents/202308nenrei-zentai.pdf
202308,54,840,852,1692,https://www.city.urasoe.lg.jp/doc/6656c72c699259328fa9f750/file_contents/202308nenrei-zentai.pdf
202308,79,344,401,745,https://www.city.urasoe.lg.jp/doc/6656c72c699259328fa9f750/file_contents/202308nenrei-zentai.pdf
202308,5,628,556,1184,https://www.city.urasoe.lg.jp/doc/6656c72c699259328fa9f750/file_contents/202308nenrei-zentai.pdf
202308,30,628,668,1296,https://www.city.urasoe.lg.jp/doc/6656c72c699259328fa9f750/file_contents/202308nenrei-zentai.pdf
202308,55,781,883,1664,https://www.city.urasoe.lg.jp/doc/6656c72c699259328fa9f750/file_contents/202308nenrei-zentai.pdf
202308,80,306,440,746,https://www.city.urasoe.lg.jp/doc/6656c72c699259328fa9f750/file_contents/202308nenrei-zentai.pdf
202308,6,638,634,1272,https://www.city.urasoe.lg.jp/doc/6656c72c699259328fa9f750/file_contents/202308nenrei-zentai.pdf
202308,31,648,654,1302,https://www.city.urasoe.lg.jp/doc/6656c72c699259328fa9f750/file_contents/202308nenrei-zentai.pdf
202308,56,776,794,1570,https://www.city.urasoe.lg.jp/doc/6656c72c699259328fa9f750/file_contents/202308nenrei-zentai.pdf
202308,81,327,413,740,https://www.city.urasoe.lg.jp/doc/6656c72c699259328fa9f750/file_contents/202308nenrei-zentai.pdf
202308,7,633,622,1255,https://www.city.urasoe.lg.jp/doc/6656c72c699259328fa9f750/file_contents/202308nenrei-zentai.pdf
202308,32,655,685,1340,https://www.city.urasoe.lg.jp/doc/6656c72c699259328fa9f750/file_contents/202308nenrei-zentai.pdf
202308,57,612,661,1273,https://www.city.urasoe.lg.jp/doc/6656c72c699259328fa9f750/file_contents/202308nenrei-zentai.pdf
202308,82,338,435,773,https://www.city.urasoe.lg.jp/doc/6656c72c699259328fa9f750/file_contents/202308nenrei-zentai.pdf
202308,8,626,660,1286,https://www.city.urasoe.lg.jp/doc/6656c72c699259328fa9f750/file_contents/202308nenrei-zentai.pdf
202308,33,653,689,1342,https://www.city.urasoe.lg.jp/doc/6656c72c699259328fa9f750/file_contents/202308nenrei-zentai.pdf
202308,58,667,731,1398,https://www.city.urasoe.lg.jp/doc/6656c72c699259328fa9f750/file_contents/202308nenrei-zentai.pdf
202308,83,303,426,729,https://www.city.urasoe.lg.jp/doc/6656c72c699259328fa9f750/file_contents/202308nenrei-zentai.pdf
202308,9,671,603,1274,https://www.city.urasoe.lg.jp/doc/6656c72c699259328fa9f750/file_contents/202308nenrei-zentai.pdf
202308,34,646,703,1349,https://www.city.urasoe.lg.jp/doc/6656c72c699259328fa9f750/file_contents/202308nenrei-zentai.pdf
202308,59,687,743,1430,https://www.city.urasoe.lg.jp/doc/6656c72c699259328fa9f750/file_contents/202308nenrei-zentai.pdf
202308,84,278,362,640,https://www.city.urasoe.lg.jp/doc/6656c72c699259328fa9f750/file_contents/202308nenrei-zentai.pdf
202308,10,678,650,1328,https://www.city.urasoe.lg.jp/doc/6656c72c699259328fa9f750/file_contents/202308nenrei-zentai.pdf
202308,35,675,664,1339,https://www.city.urasoe.lg.jp/doc/6656c72c699259328fa9f750/file_contents/202308nenrei-zentai.pdf
202308,60,660,780,1440,https://www.city.urasoe.lg.jp/doc/6656c72c699259328fa9f750/file_contents/202308nenrei-zentai.pdf
202308,85,252,350,602,https://www.city.urasoe.lg.jp/doc/6656c72c699259328fa9f750/file_contents/202308nenrei-zentai.pdf
202308,11,703,710,1413,https://www.city.urasoe.lg.jp/doc/6656c72c699259328fa9f750/file_contents/202308nenrei-zentai.pdf
202308,36,747,729,1476,https://www.city.urasoe.lg.jp/doc/6656c72c699259328fa9f750/file_contents/202308nenrei-zentai.pdf
202308,61,638,694,1332,https://www.city.urasoe.lg.jp/doc/6656c72c699259328fa9f750/file_contents/202308nenrei-zentai.pdf
202308,86,194,347,541,https://www.city.urasoe.lg.jp/doc/6656c72c699259328fa9f750/file_contents/202308nenrei-zentai.pdf
202308,12,670,684,1354,https://www.city.urasoe.lg.jp/doc/6656c72c699259328fa9f750/file_contents/202308nenrei-zentai.pdf
202308,37,691,719,1410,https://www.city.urasoe.lg.jp/doc/6656c72c699259328fa9f750/file_contents/202308nenrei-zentai.pdf
202308,62,704,699,1403,https://www.city.urasoe.lg.jp/doc/6656c72c699259328fa9f750/file_contents/202308nenrei-zentai.pdf
202308,87,199,347,546,https://www.city.urasoe.lg.jp/doc/6656c72c699259328fa9f750/file_contents/202308nenrei-zentai.pdf
202308,13,702,646,1348,https://www.city.urasoe.lg.jp/doc/6656c72c699259328fa9f750/file_contents/202308nenrei-zentai.pdf
202308,38,760,814,1574,https://www.city.urasoe.lg.jp/doc/6656c72c699259328fa9f750/file_contents/202308nenrei-zentai.pdf
202308,63,635,703,1338,https://www.city.urasoe.lg.jp/doc/6656c72c699259328fa9f750/file_contents/202308nenrei-zentai.pdf
202308,88,176,284,460,https://www.city.urasoe.lg.jp/doc/6656c72c699259328fa9f750/file_contents/202308nenrei-zentai.pdf
202308,14,733,684,1417,https://www.city.urasoe.lg.jp/doc/6656c72c699259328fa9f750/file_contents/202308nenrei-zentai.pdf
202308,39,747,806,1553,https://www.city.urasoe.lg.jp/doc/6656c72c699259328fa9f750/file_contents/202308nenrei-zentai.pdf
202308,64,676,644,1320,https://www.city.urasoe.lg.jp/doc/6656c72c699259328fa9f750/file_contents/202308nenrei-zentai.pdf
202308,89,106,275,381,https://www.city.urasoe.lg.jp/doc/6656c72c699259328fa9f750/file_contents/202308nenrei-zentai.pdf
202308,15,696,690,1386,https://www.city.urasoe.lg.jp/doc/6656c72c699259328fa9f750/file_contents/202308nenrei-zentai.pdf
202308,40,722,715,1437,https://www.city.urasoe.lg.jp/doc/6656c72c699259328fa9f750/file_contents/202308nenrei-zentai.pdf
202308,65,617,647,1264,https://www.city.urasoe.lg.jp/doc/6656c72c699259328fa9f750/file_contents/202308nenrei-zentai.pdf
202308,90,107,217,324,https://www.city.urasoe.lg.jp/doc/6656c72c699259328fa9f750/file_contents/202308nenrei-zentai.pdf
202308,16,729,675,1404,https://www.city.urasoe.lg.jp/doc/6656c72c699259328fa9f750/file_contents/202308nenrei-zentai.pdf
202308,41,716,738,1454,https://www.city.urasoe.lg.jp/doc/6656c72c699259328fa9f750/file_contents/202308nenrei-zentai.pdf
202308,66,593,628,1221,https://www.city.urasoe.lg.jp/doc/6656c72c699259328fa9f750/file_contents/202308nenrei-zentai.pdf
202308,91,80,189,269,https://www.city.urasoe.lg.jp/doc/6656c72c699259328fa9f750/file_contents/202308nenrei-zentai.pdf
202308,17,688,695,1383,https://www.city.urasoe.lg.jp/doc/6656c72c699259328fa9f750/file_contents/202308nenrei-zentai.pdf
202308,42,703,753,1456,https://www.city.urasoe.lg.jp/doc/6656c72c699259328fa9f750/file_contents/202308nenrei-zentai.pdf
202308,67,574,610,1184,https://www.city.urasoe.lg.jp/doc/6656c72c699259328fa9f750/file_contents/202308nenrei-zentai.pdf
202308,92,55,144,199,https://www.city.urasoe.lg.jp/doc/6656c72c699259328fa9f750/file_contents/202308nenrei-zentai.pdf
202308,18,652,567,1219,https://www.city.urasoe.lg.jp/doc/6656c72c699259328fa9f750/file_contents/202308nenrei-zentai.pdf
202308,43,725,801,1526,https://www.city.urasoe.lg.jp/doc/6656c72c699259328fa9f750/file_contents/202308nenrei-zentai.pdf
202308,68,603,683,1286,https://www.city.urasoe.lg.jp/doc/6656c72c699259328fa9f750/file_contents/202308nenrei-zentai.pdf
202308,93,50,121,171,https://www.city.urasoe.lg.jp/doc/6656c72c699259328fa9f750/file_contents/202308nenrei-zentai.pdf
202308,19,653,641,1294,https://www.city.urasoe.lg.jp/doc/6656c72c699259328fa9f750/file_contents/202308nenrei-zentai.pdf
202308,44,797,753,1550,https://www.city.urasoe.lg.jp/doc/6656c72c699259328fa9f750/file_contents/202308nenrei-zentai.pdf
202308,69,585,693,1278,https://www.city.urasoe.lg.jp/doc/6656c72c699259328fa9f750/file_contents/202308nenrei-zentai.pdf
202308,94,41,99,140,https://www.city.urasoe.lg.jp/doc/6656c72c699259328fa9f750/file_contents/202308nenrei-zentai.pdf
202308,20,684,647,1331,https://www.city.urasoe.lg.jp/doc/6656c72c699259328fa9f750/file_contents/202308nenrei-zentai.pdf
202308,45,784,795,1579,https://www.city.urasoe.lg.jp/doc/6656c72c699259328fa9f750/file_contents/202308nenrei-zentai.pdf
202308,70,642,690,1332,https://www.city.urasoe.lg.jp/doc/6656c72c699259328fa9f750/file_contents/202308nenrei-zentai.pdf
202308,95,17,89,106,https://www.city.urasoe.lg.jp/doc/6656c72c699259328fa9f750/file_contents/202308nenrei-zentai.pdf
202308,21,668,606,1274,https://www.city.urasoe.lg.jp/doc/6656c72c699259328fa9f750/file_contents/202308nenrei-zentai.pdf
202308,46,791,830,1621,https://www.city.urasoe.lg.jp/doc/6656c72c699259328fa9f750/file_contents/202308nenrei-zentai.pdf
202308,71,592,717,1309,https://www.city.urasoe.lg.jp/doc/6656c72c699259328fa9f750/file_contents/202308nenrei-zentai.pdf
202308,96,15,69,84,https://www.city.urasoe.lg.jp/doc/6656c72c699259328fa9f750/file_contents/202308nenrei-zentai.pdf
202308,22,665,646,1311,https://www.city.urasoe.lg.jp/doc/6656c72c699259328fa9f750/file_contents/202308nenrei-zentai.pdf
202308,47,832,862,1694,https://www.city.urasoe.lg.jp/doc/6656c72c699259328fa9f750/file_contents/202308nenrei-zentai.pdf
202308,72,622,734,1356,https://www.city.urasoe.lg.jp/doc/6656c72c699259328fa9f750/file_contents/202308nenrei-zentai.pdf
202308,97,5,50,55,https://www.city.urasoe.lg.jp/doc/6656c72c699259328fa9f750/file_contents/202308nenrei-zentai.pdf
202308,23,622,630,1252,https://www.city.urasoe.lg.jp/doc/6656c72c699259328fa9f750/file_contents/202308nenrei-zentai.pdf
202308,48,905,934,1839,https://www.city.urasoe.lg.jp/doc/6656c72c699259328fa9f750/file_contents/202308nenrei-zentai.pdf
202308,73,619,692,1311,https://www.city.urasoe.lg.jp/doc/6656c72c699259328fa9f750/file_contents/202308nenrei-zentai.pdf
202308,98,3,28,31,https://www.city.urasoe.lg.jp/doc/6656c72c699259328fa9f750/file_contents/202308nenrei-zentai.pdf
202308,24,651,580,1231,https://www.city.urasoe.lg.jp/doc/6656c72c699259328fa9f750/file_contents/202308nenrei-zentai.pdf
202308,49,924,1013,1937,https://www.city.urasoe.lg.jp/doc/6656c72c699259328fa9f750/file_contents/202308nenrei-zentai.pdf
202308,74,559,597,1156,https://www.city.urasoe.lg.jp/doc/6656c72c699259328fa9f750/file_contents/202308nenrei-zentai.pdf
202308,99,9,30,39,https://www.city.urasoe.lg.jp/doc/6656c72c699259328fa9f750/file_contents/202308nenrei-zentai.pdf
202308,100,5,14,19,https://www.city.urasoe.lg.jp/doc/6656c72c699259328fa9f750/file_contents/202308nenrei-zentai.pdf
202308,101,1,18,19,https://www.city.urasoe.lg.jp/doc/6656c72c699259328fa9f750/file_contents/202308nenrei-zentai.pdf
202309,0,506,491,997,https://www.city.urasoe.lg.jp/doc/6656c72c699259328fa9f750/file_contents/202309nenrei-zentai.pdf
202309,25,658,637,1295,https://www.city.urasoe.lg.jp/doc/6656c72c699259328fa9f750/file_contents/202309nenrei-zentai.pdf
202309,50,906,970,1876,https://www.city.urasoe.lg.jp/doc/6656c72c699259328fa9f750/file_contents/202309nenrei-zentai.pdf
202309,75,588,662,1250,https://www.city.urasoe.lg.jp/doc/6656c72c699259328fa9f750/file_contents/202309nenrei-zentai.pdf
202309,1,587,563,1150,https://www.city.urasoe.lg.jp/doc/6656c72c699259328fa9f750/file_contents/202309nenrei-zentai.pdf
202309,26,616,644,1260,https://www.city.urasoe.lg.jp/doc/6656c72c699259328fa9f750/file_contents/202309nenrei-zentai.pdf
202309,51,871,851,1722,https://www.city.urasoe.lg.jp/doc/6656c72c699259328fa9f750/file_contents/202309nenrei-zentai.pdf
202309,76,479,529,1008,https://www.city.urasoe.lg.jp/doc/6656c72c699259328fa9f750/file_contents/202309nenrei-zentai.pdf
202309,2,616,554,1170,https://www.city.urasoe.lg.jp/doc/6656c72c699259328fa9f750/file_contents/202309nenrei-zentai.pdf
202309,27,647,621,1268,https://www.city.urasoe.lg.jp/doc/6656c72c699259328fa9f750/file_contents/202309nenrei-zentai.pdf
202309,52,810,891,1701,https://www.city.urasoe.lg.jp/doc/6656c72c699259328fa9f750/file_contents/202309nenrei-zentai.pdf
202309,77,210,251,461,https://www.city.urasoe.lg.jp/doc/6656c72c699259328fa9f750/file_contents/202309nenrei-zentai.pdf
202309,3,605,591,1196,https://www.city.urasoe.lg.jp/doc/6656c72c699259328fa9f750/file_contents/202309nenrei-zentai.pdf
202309,28,618,649,1267,https://www.city.urasoe.lg.jp/doc/6656c72c699259328fa9f750/file_contents/202309nenrei-zentai.pdf
202309,53,811,840,1651,https://www.city.urasoe.lg.jp/doc/6656c72c699259328fa9f750/file_contents/202309nenrei-zentai.pdf
202309,78,223,319,542,https://www.city.urasoe.lg.jp/doc/6656c72c699259328fa9f750/file_contents/202309nenrei-zentai.pdf
202309,4,583,565,1148,https://www.city.urasoe.lg.jp/doc/6656c72c699259328fa9f750/file_contents/202309nenrei-zentai.pdf
202309,29,633,630,1263,https://www.city.urasoe.lg.jp/doc/6656c72c699259328fa9f750/file_contents/202309nenrei-zentai.pdf
202309,54,817,821,1638,https://www.city.urasoe.lg.jp/doc/6656c72c699259328fa9f750/file_contents/202309nenrei-zentai.pdf
202309,79,334,407,741,https://www.city.urasoe.lg.jp/doc/6656c72c699259328fa9f750/file_contents/202309nenrei-zentai.pdf
202309,5,632,548,1180,https://www.city.urasoe.lg.jp/doc/6656c72c699259328fa9f750/file_contents/202309nenrei-zentai.pdf
202309,30,634,679,1313,https://www.city.urasoe.lg.jp/doc/6656c72c699259328fa9f750/file_contents/202309nenrei-zentai.pdf
202309,55,793,880,1673,https://www.city.urasoe.lg.jp/doc/6656c72c699259328fa9f750/file_contents/202309nenrei-zentai.pdf
202309,80,317,435,752,https://www.city.urasoe.lg.jp/doc/6656c72c699259328fa9f750/file_contents/202309nenrei-zentai.pdf
202309,6,642,625,1267,https://www.city.urasoe.lg.jp/doc/6656c72c699259328fa9f750/file_contents/202309nenrei-zentai.pdf
202309,31,648,655,1303,https://www.city.urasoe.lg.jp/doc/6656c72c699259328fa9f750/file_contents/202309nenrei-zentai.pdf
202309,56,792,828,1620,https://www.city.urasoe.lg.jp/doc/6656c72c699259328fa9f750/file_contents/202309nenrei-zentai.pdf
202309,81,320,415,735,https://www.city.urasoe.lg.jp/doc/6656c72c699259328fa9f750/file_contents/202309nenrei-zentai.pdf
202309,7,624,631,1255,https://www.city.urasoe.lg.jp/doc/6656c72c699259328fa9f750/file_contents/202309nenrei-zentai.pdf
202309,32,649,693,1342,https://www.city.urasoe.lg.jp/doc/6656c72c699259328fa9f750/file_contents/202309nenrei-zentai.pdf
202309,57,608,657,1265,https://www.city.urasoe.lg.jp/doc/6656c72c699259328fa9f750/file_contents/202309nenrei-zentai.pdf
202309,82,327,441,768,https://www.city.urasoe.lg.jp/doc/6656c72c699259328fa9f750/file_contents/202309nenrei-zentai.pdf
202309,8,644,653,1297,https://www.city.urasoe.lg.jp/doc/6656c72c699259328fa9f750/file_contents/202309nenrei-zentai.pdf
202309,33,644,691,1335,https://www.city.urasoe.lg.jp/doc/6656c72c699259328fa9f750/file_contents/202309nenrei-zentai.pdf
202309,58,679,734,1413,https://www.city.urasoe.lg.jp/doc/6656c72c699259328fa9f750/file_contents/202309nenrei-zentai.pdf
202309,83,305,418,723,https://www.city.urasoe.lg.jp/doc/6656c72c699259328fa9f750/file_contents/202309nenrei-zentai.pdf
202309,9,660,595,1255,https://www.city.urasoe.lg.jp/doc/6656c72c699259328fa9f750/file_contents/202309nenrei-zentai.pdf
202309,34,657,696,1353,https://www.city.urasoe.lg.jp/doc/6656c72c699259328fa9f750/file_contents/202309nenrei-zentai.pdf
202309,59,669,738,1407,https://www.city.urasoe.lg.jp/doc/6656c72c699259328fa9f750/file_contents/202309nenrei-zentai.pdf
202309,84,286,363,649,https://www.city.urasoe.lg.jp/doc/6656c72c699259328fa9f750/file_contents/202309nenrei-zentai.pdf
202309,10,663,654,1317,https://www.city.urasoe.lg.jp/doc/6656c72c699259328fa9f750/file_contents/202309nenrei-zentai.pdf
202309,35,675,673,1348,https://www.city.urasoe.lg.jp/doc/6656c72c699259328fa9f750/file_contents/202309nenrei-zentai.pdf
202309,60,668,787,1455,https://www.city.urasoe.lg.jp/doc/6656c72c699259328fa9f750/file_contents/202309nenrei-zentai.pdf
202309,85,253,354,607,https://www.city.urasoe.lg.jp/doc/6656c72c699259328fa9f750/file_contents/202309nenrei-zentai.pdf
202309,11,703,707,1410,https://www.city.urasoe.lg.jp/doc/6656c72c699259328fa9f750/file_contents/202309nenrei-zentai.pdf
202309,36,735,702,1437,https://www.city.urasoe.lg.jp/doc/6656c72c699259328fa9f750/file_contents/202309nenrei-zentai.pdf
202309,61,627,681,1308,https://www.city.urasoe.lg.jp/doc/6656c72c699259328fa9f750/file_contents/202309nenrei-zentai.pdf
202309,86,192,344,536,https://www.city.urasoe.lg.jp/doc/6656c72c699259328fa9f750/file_contents/202309nenrei-zentai.pdf
202309,12,677,683,1360,https://www.city.urasoe.lg.jp/doc/6656c72c699259328fa9f750/file_contents/202309nenrei-zentai.pdf
202309,37,708,738,1446,https://www.city.urasoe.lg.jp/doc/6656c72c699259328fa9f750/file_contents/202309nenrei-zentai.pdf
202309,62,704,721,1425,https://www.city.urasoe.lg.jp/doc/6656c72c699259328fa9f750/file_contents/202309nenrei-zentai.pdf
202309,87,199,341,540,https://www.city.urasoe.lg.jp/doc/6656c72c699259328fa9f750/file_contents/202309nenrei-zentai.pdf
202309,13,701,657,1358,https://www.city.urasoe.lg.jp/doc/6656c72c699259328fa9f750/file_contents/202309nenrei-zentai.pdf
202309,38,743,802,1545,https://www.city.urasoe.lg.jp/doc/6656c72c699259328fa9f750/file_contents/202309nenrei-zentai.pdf
202309,63,649,678,1327,https://www.city.urasoe.lg.jp/doc/6656c72c699259328fa9f750/file_contents/202309nenrei-zentai.pdf
202309,88,176,276,452,https://www.city.urasoe.lg.jp/doc/6656c72c699259328fa9f750/file_contents/202309nenrei-zentai.pdf
202309,14,736,670,1406,https://www.city.urasoe.lg.jp/doc/6656c72c699259328fa9f750/file_contents/202309nenrei-zentai.pdf
202309,39,750,782,1532,https://www.city.urasoe.lg.jp/doc/6656c72c699259328fa9f750/file_contents/202309nenrei-zentai.pdf
202309,64,664,654,1318,https://www.city.urasoe.lg.jp/doc/6656c72c699259328fa9f750/file_contents/202309nenrei-zentai.pdf
202309,89,108,289,397,https://www.city.urasoe.lg.jp/doc/6656c72c699259328fa9f750/file_contents/202309nenrei-zentai.pdf
202309,15,687,699,1386,https://www.city.urasoe.lg.jp/doc/6656c72c699259328fa9f750/file_contents/202309nenrei-zentai.pdf
202309,40,738,723,1461,https://www.city.urasoe.lg.jp/doc/6656c72c699259328fa9f750/file_contents/202309nenrei-zentai.pdf
202309,65,625,655,1280,https://www.city.urasoe.lg.jp/doc/6656c72c699259328fa9f750/file_contents/202309nenrei-zentai.pdf
202309,90,115,212,327,https://www.city.urasoe.lg.jp/doc/6656c72c699259328fa9f750/file_contents/202309nenrei-zentai.pdf
202309,16,725,680,1405,https://www.city.urasoe.lg.jp/doc/6656c72c699259328fa9f750/file_contents/202309nenrei-zentai.pdf
202309,41,697,744,1441,https://www.city.urasoe.lg.jp/doc/6656c72c699259328fa9f750/file_contents/202309nenrei-zentai.pdf
202309,66,597,631,1228,https://www.city.urasoe.lg.jp/doc/6656c72c699259328fa9f750/file_contents/202309nenrei-zentai.pdf
202309,91,72,192,264,https://www.city.urasoe.lg.jp/doc/6656c72c699259328fa9f750/file_contents/202309nenrei-zentai.pdf
202309,17,710,694,1404,https://www.city.urasoe.lg.jp/doc/6656c72c699259328fa9f750/file_contents/202309nenrei-zentai.pdf
202309,42,723,761,1484,https://www.city.urasoe.lg.jp/doc/6656c72c699259328fa9f750/file_contents/202309nenrei-zentai.pdf
202309,67,569,610,1179,https://www.city.urasoe.lg.jp/doc/6656c72c699259328fa9f750/file_contents/202309nenrei-zentai.pdf
202309,92,57,150,207,https://www.city.urasoe.lg.jp/doc/6656c72c699259328fa9f750/file_contents/202309nenrei-zentai.pdf
202309,18,637,573,1210,https://www.city.urasoe.lg.jp/doc/6656c72c699259328fa9f750/file_contents/202309nenrei-zentai.pdf
202309,43,706,779,1485,https://www.city.urasoe.lg.jp/doc/6656c72c699259328fa9f750/file_contents/202309nenrei-zentai.pdf
202309,68,604,662,1266,https://www.city.urasoe.lg.jp/doc/6656c72c699259328fa9f750/file_contents/202309nenrei-zentai.pdf
202309,93,51,126,177,https://www.city.urasoe.lg.jp/doc/6656c72c699259328fa9f750/file_contents/202309nenrei-zentai.pdf
202309,19,662,638,1300,https://www.city.urasoe.lg.jp/doc/6656c72c699259328fa9f750/file_contents/202309nenrei-zentai.pdf
202309,44,794,769,1563,https://www.city.urasoe.lg.jp/doc/6656c72c699259328fa9f750/file_contents/202309nenrei-zentai.pdf
202309,69,598,707,1305,https://www.city.urasoe.lg.jp/doc/6656c72c699259328fa9f750/file_contents/202309nenrei-zentai.pdf
202309,94,38,98,136,https://www.city.urasoe.lg.jp/doc/6656c72c699259328fa9f750/file_contents/202309nenrei-zentai.pdf
202309,20,680,628,1308,https://www.city.urasoe.lg.jp/doc/6656c72c699259328fa9f750/file_contents/202309nenrei-zentai.pdf
202309,45,797,792,1589,https://www.city.urasoe.lg.jp/doc/6656c72c699259328fa9f750/file_contents/202309nenrei-zentai.pdf
202309,70,626,672,1298,https://www.city.urasoe.lg.jp/doc/6656c72c699259328fa9f750/file_contents/202309nenrei-zentai.pdf
202309,95,19,87,106,https://www.city.urasoe.lg.jp/doc/6656c72c699259328fa9f750/file_contents/202309nenrei-zentai.pdf
202309,21,654,612,1266,https://www.city.urasoe.lg.jp/doc/6656c72c699259328fa9f750/file_contents/202309nenrei-zentai.pdf
202309,46,778,825,1603,https://www.city.urasoe.lg.jp/doc/6656c72c699259328fa9f750/file_contents/202309nenrei-zentai.pdf
202309,71,604,731,1335,https://www.city.urasoe.lg.jp/doc/6656c72c699259328fa9f750/file_contents/202309nenrei-zentai.pdf
202309,96,16,69,85,https://www.city.urasoe.lg.jp/doc/6656c72c699259328fa9f750/file_contents/202309nenrei-zentai.pdf
202309,22,674,657,1331,https://www.city.urasoe.lg.jp/doc/6656c72c699259328fa9f750/file_contents/202309nenrei-zentai.pdf
202309,47,818,868,1686,https://www.city.urasoe.lg.jp/doc/6656c72c699259328fa9f750/file_contents/202309nenrei-zentai.pdf
202309,72,596,732,1328,https://www.city.urasoe.lg.jp/doc/6656c72c699259328fa9f750/file_contents/202309nenrei-zentai.pdf
202309,97,5,49,54,https://www.city.urasoe.lg.jp/doc/6656c72c699259328fa9f750/file_contents/202309nenrei-zentai.pdf
202309,23,626,616,1242,https://www.city.urasoe.lg.jp/doc/6656c72c699259328fa9f750/file_contents/202309nenrei-zentai.pdf
202309,48,906,919,1825,https://www.city.urasoe.lg.jp/doc/6656c72c699259328fa9f750/file_contents/202309nenrei-zentai.pdf
202309,73,628,685,1313,https://www.city.urasoe.lg.jp/doc/6656c72c699259328fa9f750/file_contents/202309nenrei-zentai.pdf
202309,98,2,29,31,https://www.city.urasoe.lg.jp/doc/6656c72c699259328fa9f750/file_contents/202309nenrei-zentai.pdf
202309,24,650,594,1244,https://www.city.urasoe.lg.jp/doc/6656c72c699259328fa9f750/file_contents/202309nenrei-zentai.pdf
202309,49,938,1001,1939,https://www.city.urasoe.lg.jp/doc/6656c72c699259328fa9f750/file_contents/202309nenrei-zentai.pdf
202309,74,567,607,1174,https://www.city.urasoe.lg.jp/doc/6656c72c699259328fa9f750/file_contents/202309nenrei-zentai.pdf
202309,99,10,28,38,https://www.city.urasoe.lg.jp/doc/6656c72c699259328fa9f750/file_contents/202309nenrei-zentai.pdf
202309,100,5,13,18,https://www.city.urasoe.lg.jp/doc/6656c72c699259328fa9f750/file_contents/202309nenrei-zentai.pdf
202309,101,1,16,17,https://www.city.urasoe.lg.jp/doc/6656c72c699259328fa9f750/file_contents/202309nenrei-zentai.pdf
202310,0,509,493,1002,https://www.city.urasoe.lg.jp/doc/6656c72c699259328fa9f750/file_contents/202310nenrei-zentai.pdf
202310,25,656,649,1305,https://www.city.urasoe.lg.jp/doc/6656c72c699259328fa9f750/file_contents/202310nenrei-zentai.pdf
202310,50,895,960,1855,https://www.city.urasoe.lg.jp/doc/6656c72c699259328fa9f750/file_contents/202310nenrei-zentai.pdf
202310,75,582,658,1240,https://www.city.urasoe.lg.jp/doc/6656c72c699259328fa9f750/file_contents/202310nenrei-zentai.pdf
202310,1,578,560,1138,https://www.city.urasoe.lg.jp/doc/6656c72c699259328fa9f750/file_contents/202310nenrei-zentai.pdf
202310,26,612,641,1253,https://www.city.urasoe.lg.jp/doc/6656c72c699259328fa9f750/file_contents/202310nenrei-zentai.pdf
202310,51,882,855,1737,https://www.city.urasoe.lg.jp/doc/6656c72c699259328fa9f750/file_contents/202310nenrei-zentai.pdf
202310,76,498,556,1054,https://www.city.urasoe.lg.jp/doc/6656c72c699259328fa9f750/file_contents/202310nenrei-zentai.pdf
202310,2,616,540,1156,https://www.city.urasoe.lg.jp/doc/6656c72c699259328fa9f750/file_contents/202310nenrei-zentai.pdf
202310,27,671,642,1313,https://www.city.urasoe.lg.jp/doc/6656c72c699259328fa9f750/file_contents/202310nenrei-zentai.pdf
202310,52,823,890,1713,https://www.city.urasoe.lg.jp/doc/6656c72c699259328fa9f750/file_contents/202310nenrei-zentai.pdf
202310,77,226,267,493,https://www.city.urasoe.lg.jp/doc/6656c72c699259328fa9f750/file_contents/202310nenrei-zentai.pdf
202310,3,602,597,1199,https://www.city.urasoe.lg.jp/doc/6656c72c699259328fa9f750/file_contents/202310nenrei-zentai.pdf
202310,28,621,636,1257,https://www.city.urasoe.lg.jp/doc/6656c72c699259328fa9f750/file_contents/202310nenrei-zentai.pdf
202310,53,807,852,1659,https://www.city.urasoe.lg.jp/doc/6656c72c699259328fa9f750/file_contents/202310nenrei-zentai.pdf
202310,78,217,303,520,https://www.city.urasoe.lg.jp/doc/6656c72c699259328fa9f750/file_contents/202310nenrei-zentai.pdf
202310,4,593,557,1150,https://www.city.urasoe.lg.jp/doc/6656c72c699259328fa9f750/file_contents/202310nenrei-zentai.pdf
202310,29,638,646,1284,https://www.city.urasoe.lg.jp/doc/6656c72c699259328fa9f750/file_contents/202310nenrei-zentai.pdf
202310,54,826,810,1636,https://www.city.urasoe.lg.jp/doc/6656c72c699259328fa9f750/file_contents/202310nenrei-zentai.pdf
202310,79,315,415,730,https://www.city.urasoe.lg.jp/doc/6656c72c699259328fa9f750/file_contents/202310nenrei-zentai.pdf
202310,5,622,560,1182,https://www.city.urasoe.lg.jp/doc/6656c72c699259328fa9f750/file_contents/202310nenrei-zentai.pdf
202310,30,616,679,1295,https://www.city.urasoe.lg.jp/doc/6656c72c699259328fa9f750/file_contents/202310nenrei-zentai.pdf
202310,55,779,892,1671,https://www.city.urasoe.lg.jp/doc/6656c72c699259328fa9f750/file_contents/202310nenrei-zentai.pdf
202310,80,334,430,764,https://www.city.urasoe.lg.jp/doc/6656c72c699259328fa9f750/file_contents/202310nenrei-zentai.pdf
202310,6,635,618,1253,https://www.city.urasoe.lg.jp/doc/6656c72c699259328fa9f750/file_contents/202310nenrei-zentai.pdf
202310,31,646,643,1289,https://www.city.urasoe.lg.jp/doc/6656c72c699259328fa9f750/file_contents/202310nenrei-zentai.pdf
202310,56,820,825,1645,https://www.city.urasoe.lg.jp/doc/6656c72c699259328fa9f750/file_contents/202310nenrei-zentai.pdf
202310,81,315,411,726,https://www.city.urasoe.lg.jp/doc/6656c72c699259328fa9f750/file_contents/202310nenrei-zentai.pdf
202310,7,629,626,1255,https://www.city.urasoe.lg.jp/doc/6656c72c699259328fa9f750/file_contents/202310nenrei-zentai.pdf
202310,32,663,710,1373,https://www.city.urasoe.lg.jp/doc/6656c72c699259328fa9f750/file_contents/202310nenrei-zentai.pdf
202310,57,613,663,1276,https://www.city.urasoe.lg.jp/doc/6656c72c699259328fa9f750/file_contents/202310nenrei-zentai.pdf
202310,82,324,446,770,https://www.city.urasoe.lg.jp/doc/6656c72c699259328fa9f750/file_contents/202310nenrei-zentai.pdf
202310,8,639,664,1303,https://www.city.urasoe.lg.jp/doc/6656c72c699259328fa9f750/file_contents/202310nenrei-zentai.pdf
202310,33,628,673,1301,https://www.city.urasoe.lg.jp/doc/6656c72c699259328fa9f750/file_contents/202310nenrei-zentai.pdf
202310,58,656,735,1391,https://www.city.urasoe.lg.jp/doc/6656c72c699259328fa9f750/file_contents/202310nenrei-zentai.pdf
202310,83,301,411,712,https://www.city.urasoe.lg.jp/doc/6656c72c699259328fa9f750/file_contents/202310nenrei-zentai.pdf
202310,9,651,585,1236,https://www.city.urasoe.lg.jp/doc/6656c72c699259328fa9f750/file_contents/202310nenrei-zentai.pdf
202310,34,673,686,1359,https://www.city.urasoe.lg.jp/doc/6656c72c699259328fa9f750/file_contents/202310nenrei-zentai.pdf
202310,59,680,725,1405,https://www.city.urasoe.lg.jp/doc/6656c72c699259328fa9f750/file_contents/202310nenrei-zentai.pdf
202310,84,289,378,667,https://www.city.urasoe.lg.jp/doc/6656c72c699259328fa9f750/file_contents/202310nenrei-zentai.pdf
202310,10,677,645,1322,https://www.city.urasoe.lg.jp/doc/6656c72c699259328fa9f750/file_contents/202310nenrei-zentai.pdf
202310,35,669,692,1361,https://www.city.urasoe.lg.jp/doc/6656c72c699259328fa9f750/file_contents/202310nenrei-zentai.pdf
202310,60,674,791,1465,https://www.city.urasoe.lg.jp/doc/6656c72c699259328fa9f750/file_contents/202310nenrei-zentai.pdf
202310,85,254,339,593,https://www.city.urasoe.lg.jp/doc/6656c72c699259328fa9f750/file_contents/202310nenrei-zentai.pdf
202310,11,698,715,1413,https://www.city.urasoe.lg.jp/doc/6656c72c699259328fa9f750/file_contents/202310nenrei-zentai.pdf
202310,36,709,680,1389,https://www.city.urasoe.lg.jp/doc/6656c72c699259328fa9f750/file_contents/202310nenrei-zentai.pdf
202310,61,623,688,1311,https://www.city.urasoe.lg.jp/doc/6656c72c699259328fa9f750/file_contents/202310nenrei-zentai.pdf
202310,86,193,354,547,https://www.city.urasoe.lg.jp/doc/6656c72c699259328fa9f750/file_contents/202310nenrei-zentai.pdf
202310,12,680,685,1365,https://www.city.urasoe.lg.jp/doc/6656c72c699259328fa9f750/file_contents/202310nenrei-zentai.pdf
202310,37,725,748,1473,https://www.city.urasoe.lg.jp/doc/6656c72c699259328fa9f750/file_contents/202310nenrei-zentai.pdf
202310,62,693,710,1403,https://www.city.urasoe.lg.jp/doc/6656c72c699259328fa9f750/file_contents/202310nenrei-zentai.pdf
202310,87,199,329,528,https://www.city.urasoe.lg.jp/doc/6656c72c699259328fa9f750/file_contents/202310nenrei-zentai.pdf
202310,13,697,660,1357,https://www.city.urasoe.lg.jp/doc/6656c72c699259328fa9f750/file_contents/202310nenrei-zentai.pdf
202310,38,729,796,1525,https://www.city.urasoe.lg.jp/doc/6656c72c699259328fa9f750/file_contents/202310nenrei-zentai.pdf
202310,63,658,685,1343,https://www.city.urasoe.lg.jp/doc/6656c72c699259328fa9f750/file_contents/202310nenrei-zentai.pdf
202310,88,170,288,458,https://www.city.urasoe.lg.jp/doc/6656c72c699259328fa9f750/file_contents/202310nenrei-zentai.pdf
202310,14,733,648,1381,https://www.city.urasoe.lg.jp/doc/6656c72c699259328fa9f750/file_contents/202310nenrei-zentai.pdf
202310,39,763,790,1553,https://www.city.urasoe.lg.jp/doc/6656c72c699259328fa9f750/file_contents/202310nenrei-zentai.pdf
202310,64,657,639,1296,https://www.city.urasoe.lg.jp/doc/6656c72c699259328fa9f750/file_contents/202310nenrei-zentai.pdf
202310,89,120,295,415,https://www.city.urasoe.lg.jp/doc/6656c72c699259328fa9f750/file_contents/202310nenrei-zentai.pdf
202310,15,686,701,1387,https://www.city.urasoe.lg.jp/doc/6656c72c699259328fa9f750/file_contents/202310nenrei-zentai.pdf
202310,40,747,735,1482,https://www.city.urasoe.lg.jp/doc/6656c72c699259328fa9f750/file_contents/202310nenrei-zentai.pdf
202310,65,617,673,1290,https://www.city.urasoe.lg.jp/doc/6656c72c699259328fa9f750/file_contents/202310nenrei-zentai.pdf
202310,90,113,210,323,https://www.city.urasoe.lg.jp/doc/6656c72c699259328fa9f750/file_contents/202310nenrei-zentai.pdf
202310,16,727,688,1415,https://www.city.urasoe.lg.jp/doc/6656c72c699259328fa9f750/file_contents/202310nenrei-zentai.pdf
202310,41,702,725,1427,https://www.city.urasoe.lg.jp/doc/6656c72c699259328fa9f750/file_contents/202310nenrei-zentai.pdf
202310,66,613,617,1230,https://www.city.urasoe.lg.jp/doc/6656c72c699259328fa9f750/file_contents/202310nenrei-zentai.pdf
202310,91,71,195,266,https://www.city.urasoe.lg.jp/doc/6656c72c699259328fa9f750/file_contents/202310nenrei-zentai.pdf
202310,17,710,687,1397,https://www.city.urasoe.lg.jp/doc/6656c72c699259328fa9f750/file_contents/202310nenrei-zentai.pdf
202310,42,709,768,1477,https://www.city.urasoe.lg.jp/doc/6656c72c699259328fa9f750/file_contents/202310nenrei-zentai.pdf
202310,67,566,616,1182,https://www.city.urasoe.lg.jp/doc/6656c72c699259328fa9f750/file_contents/202310nenrei-zentai.pdf
202310,92,56,154,210,https://www.city.urasoe.lg.jp/doc/6656c72c699259328fa9f750/file_contents/202310nenrei-zentai.pdf
202310,18,636,581,1217,https://www.city.urasoe.lg.jp/doc/6656c72c699259328fa9f750/file_contents/202310nenrei-zentai.pdf
202310,43,706,783,1489,https://www.city.urasoe.lg.jp/doc/6656c72c699259328fa9f750/file_contents/202310nenrei-zentai.pdf
202310,68,602,658,1260,https://www.city.urasoe.lg.jp/doc/6656c72c699259328fa9f750/file_contents/202310nenrei-zentai.pdf
202310,93,50,122,172,https://www.city.urasoe.lg.jp/doc/6656c72c699259328fa9f750/file_contents/202310nenrei-zentai.pdf
202310,19,668,647,1315,https://www.city.urasoe.lg.jp/doc/6656c72c699259328fa9f750/file_contents/202310nenrei-zentai.pdf
202310,44,774,760,1534,https://www.city.urasoe.lg.jp/doc/6656c72c699259328fa9f750/file_contents/202310nenrei-zentai.pdf
202310,69,602,705,1307,https://www.city.urasoe.lg.jp/doc/6656c72c699259328fa9f750/file_contents/202310nenrei-zentai.pdf
202310,94,41,101,142,https://www.city.urasoe.lg.jp/doc/6656c72c699259328fa9f750/file_contents/202310nenrei-zentai.pdf
202310,20,682,633,1315,https://www.city.urasoe.lg.jp/doc/6656c72c699259328fa9f750/file_contents/202310nenrei-zentai.pdf
202310,45,802,808,1610,https://www.city.urasoe.lg.jp/doc/6656c72c699259328fa9f750/file_contents/202310nenrei-zentai.pdf
202310,70,625,668,1293,https://www.city.urasoe.lg.jp/doc/6656c72c699259328fa9f750/file_contents/202310nenrei-zentai.pdf
202310,95,24,90,114,https://www.city.urasoe.lg.jp/doc/6656c72c699259328fa9f750/file_contents/202310nenrei-zentai.pdf
202310,21,659,610,1269,https://www.city.urasoe.lg.jp/doc/6656c72c699259328fa9f750/file_contents/202310nenrei-zentai.pdf
202310,46,782,821,1603,https://www.city.urasoe.lg.jp/doc/6656c72c699259328fa9f750/file_contents/202310nenrei-zentai.pdf
202310,71,601,737,1338,https://www.city.urasoe.lg.jp/doc/6656c72c699259328fa9f750/file_contents/202310nenrei-zentai.pdf
202310,96,16,73,89,https://www.city.urasoe.lg.jp/doc/6656c72c699259328fa9f750/file_contents/202310nenrei-zentai.pdf
202310,22,694,664,1358,https://www.city.urasoe.lg.jp/doc/6656c72c699259328fa9f750/file_contents/202310nenrei-zentai.pdf
202310,47,829,856,1685,https://www.city.urasoe.lg.jp/doc/6656c72c699259328fa9f750/file_contents/202310nenrei-zentai.pdf
202310,72,587,736,1323,https://www.city.urasoe.lg.jp/doc/6656c72c699259328fa9f750/file_contents/202310nenrei-zentai.pdf
202310,97,4,46,50,https://www.city.urasoe.lg.jp/doc/6656c72c699259328fa9f750/file_contents/202310nenrei-zentai.pdf
202310,23,616,638,1254,https://www.city.urasoe.lg.jp/doc/6656c72c699259328fa9f750/file_contents/202310nenrei-zentai.pdf
202310,48,881,902,1783,https://www.city.urasoe.lg.jp/doc/6656c72c699259328fa9f750/file_contents/202310nenrei-zentai.pdf
202310,73,624,684,1308,https://www.city.urasoe.lg.jp/doc/6656c72c699259328fa9f750/file_contents/202310nenrei-zentai.pdf
202310,98,0,32,32,https://www.city.urasoe.lg.jp/doc/6656c72c699259328fa9f750/file_contents/202310nenrei-zentai.pdf
202310,24,643,559,1202,https://www.city.urasoe.lg.jp/doc/6656c72c699259328fa9f750/file_contents/202310nenrei-zentai.pdf
202310,49,942,1015,1957,https://www.city.urasoe.lg.jp/doc/6656c72c699259328fa9f750/file_contents/202310nenrei-zentai.pdf
202310,74,586,614,1200,https://www.city.urasoe.lg.jp/doc/6656c72c699259328fa9f750/file_contents/202310nenrei-zentai.pdf
202310,99,9,28,37,https://www.city.urasoe.lg.jp/doc/6656c72c699259328fa9f750/file_contents/202310nenrei-zentai.pdf
202310,100,7,15,22,https://www.city.urasoe.lg.jp/doc/6656c72c699259328fa9f750/file_contents/202310nenrei-zentai.pdf
202310,101,1,14,15,https://www.city.urasoe.lg.jp/doc/6656c72c699259328fa9f750/file_contents/202310nenrei-zentai.pdf
202311,0,496,488,984,https://www.city.urasoe.lg.jp/doc/6656c72c699259328fa9f750/file_contents/202311nenrei-zentai.pdf
202311,25,659,621,1280,https://www.city.urasoe.lg.jp/doc/6656c72c699259328fa9f750/file_contents/202311nenrei-zentai.pdf
202311,50,878,977,1855,https://www.city.urasoe.lg.jp/doc/6656c72c699259328fa9f750/file_contents/202311nenrei-zentai.pdf
202311,75,590,648,1238,https://www.city.urasoe.lg.jp/doc/6656c72c699259328fa9f750/file_contents/202311nenrei-zentai.pdf
202311,1,580,558,1138,https://www.city.urasoe.lg.jp/doc/6656c72c699259328fa9f750/file_contents/202311nenrei-zentai.pdf
202311,26,621,655,1276,https://www.city.urasoe.lg.jp/doc/6656c72c699259328fa9f750/file_contents/202311nenrei-zentai.pdf
202311,51,884,861,1745,https://www.city.urasoe.lg.jp/doc/6656c72c699259328fa9f750/file_contents/202311nenrei-zentai.pdf
202311,76,516,578,1094,https://www.city.urasoe.lg.jp/doc/6656c72c699259328fa9f750/file_contents/202311nenrei-zentai.pdf
202311,2,614,549,1163,https://www.city.urasoe.lg.jp/doc/6656c72c699259328fa9f750/file_contents/202311nenrei-zentai.pdf
202311,27,669,621,1290,https://www.city.urasoe.lg.jp/doc/6656c72c699259328fa9f750/file_contents/202311nenrei-zentai.pdf
202311,52,838,882,1720,https://www.city.urasoe.lg.jp/doc/6656c72c699259328fa9f750/file_contents/202311nenrei-zentai.pdf
202311,77,246,286,532,https://www.city.urasoe.lg.jp/doc/6656c72c699259328fa9f750/file_contents/202311nenrei-zentai.pdf
202311,3,613,583,1196,https://www.city.urasoe.lg.jp/doc/6656c72c699259328fa9f750/file_contents/202311nenrei-zentai.pdf
202311,28,626,639,1265,https://www.city.urasoe.lg.jp/doc/6656c72c699259328fa9f750/file_contents/202311nenrei-zentai.pdf
202311,53,780,863,1643,https://www.city.urasoe.lg.jp/doc/6656c72c699259328fa9f750/file_contents/202311nenrei-zentai.pdf
202311,78,207,289,496,https://www.city.urasoe.lg.jp/doc/6656c72c699259328fa9f750/file_contents/202311nenrei-zentai.pdf
202311,4,597,549,1146,https://www.city.urasoe.lg.jp/doc/6656c72c699259328fa9f750/file_contents/202311nenrei-zentai.pdf
202311,29,628,655,1283,https://www.city.urasoe.lg.jp/doc/6656c72c699259328fa9f750/file_contents/202311nenrei-zentai.pdf
202311,54,829,803,1632,https://www.city.urasoe.lg.jp/doc/6656c72c699259328fa9f750/file_contents/202311nenrei-zentai.pdf
202311,79,300,406,706,https://www.city.urasoe.lg.jp/doc/6656c72c699259328fa9f750/file_contents/202311nenrei-zentai.pdf
202311,5,614,560,1174,https://www.city.urasoe.lg.jp/doc/6656c72c699259328fa9f750/file_contents/202311nenrei-zentai.pdf
202311,30,634,673,1307,https://www.city.urasoe.lg.jp/doc/6656c72c699259328fa9f750/file_contents/202311nenrei-zentai.pdf
202311,55,800,880,1680,https://www.city.urasoe.lg.jp/doc/6656c72c699259328fa9f750/file_contents/202311nenrei-zentai.pdf
202311,80,333,430,763,https://www.city.urasoe.lg.jp/doc/6656c72c699259328fa9f750/file_contents/202311nenrei-zentai.pdf
202311,6,616,616,1232,https://www.city.urasoe.lg.jp/doc/6656c72c699259328fa9f750/file_contents/202311nenrei-zentai.pdf
202311,31,636,629,1265,https://www.city.urasoe.lg.jp/doc/6656c72c699259328fa9f750/file_contents/202311nenrei-zentai.pdf
202311,56,812,861,1673,https://www.city.urasoe.lg.jp/doc/6656c72c699259328fa9f750/file_contents/202311nenrei-zentai.pdf
202311,81,308,402,710,https://www.city.urasoe.lg.jp/doc/6656c72c699259328fa9f750/file_contents/202311nenrei-zentai.pdf
202311,7,636,629,1265,https://www.city.urasoe.lg.jp/doc/6656c72c699259328fa9f750/file_contents/202311nenrei-zentai.pdf
202311,32,658,717,1375,https://www.city.urasoe.lg.jp/doc/6656c72c699259328fa9f750/file_contents/202311nenrei-zentai.pdf
202311,57,615,666,1281,https://www.city.urasoe.lg.jp/doc/6656c72c699259328fa9f750/file_contents/202311nenrei-zentai.pdf
202311,82,327,460,787,https://www.city.urasoe.lg.jp/doc/6656c72c699259328fa9f750/file_contents/202311nenrei-zentai.pdf
202311,8,638,663,1301,https://www.city.urasoe.lg.jp/doc/6656c72c699259328fa9f750/file_contents/202311nenrei-zentai.pdf
202311,33,643,675,1318,https://www.city.urasoe.lg.jp/doc/6656c72c699259328fa9f750/file_contents/202311nenrei-zentai.pdf
202311,58,661,728,1389,https://www.city.urasoe.lg.jp/doc/6656c72c699259328fa9f750/file_contents/202311nenrei-zentai.pdf
202311,83,299,411,710,https://www.city.urasoe.lg.jp/doc/6656c72c699259328fa9f750/file_contents/202311nenrei-zentai.pdf
202311,9,661,598,1259,https://www.city.urasoe.lg.jp/doc/6656c72c699259328fa9f750/file_contents/202311nenrei-zentai.pdf
202311,34,668,692,1360,https://www.city.urasoe.lg.jp/doc/6656c72c699259328fa9f750/file_contents/202311nenrei-zentai.pdf
202311,59,690,721,1411,https://www.city.urasoe.lg.jp/doc/6656c72c699259328fa9f750/file_contents/202311nenrei-zentai.pdf
202311,84,298,386,684,https://www.city.urasoe.lg.jp/doc/6656c72c699259328fa9f750/file_contents/202311nenrei-zentai.pdf
202311,10,659,622,1281,https://www.city.urasoe.lg.jp/doc/6656c72c699259328fa9f750/file_contents/202311nenrei-zentai.pdf
202311,35,672,695,1367,https://www.city.urasoe.lg.jp/doc/6656c72c699259328fa9f750/file_contents/202311nenrei-zentai.pdf
202311,60,660,790,1450,https://www.city.urasoe.lg.jp/doc/6656c72c699259328fa9f750/file_contents/202311nenrei-zentai.pdf
202311,85,254,327,581,https://www.city.urasoe.lg.jp/doc/6656c72c699259328fa9f750/file_contents/202311nenrei-zentai.pdf
202311,11,699,719,1418,https://www.city.urasoe.lg.jp/doc/6656c72c699259328fa9f750/file_contents/202311nenrei-zentai.pdf
202311,36,697,666,1363,https://www.city.urasoe.lg.jp/doc/6656c72c699259328fa9f750/file_contents/202311nenrei-zentai.pdf
202311,61,628,684,1312,https://www.city.urasoe.lg.jp/doc/6656c72c699259328fa9f750/file_contents/202311nenrei-zentai.pdf
202311,86,195,356,551,https://www.city.urasoe.lg.jp/doc/6656c72c699259328fa9f750/file_contents/202311nenrei-zentai.pdf
202311,12,682,689,1371,https://www.city.urasoe.lg.jp/doc/6656c72c699259328fa9f750/file_contents/202311nenrei-zentai.pdf
202311,37,746,755,1501,https://www.city.urasoe.lg.jp/doc/6656c72c699259328fa9f750/file_contents/202311nenrei-zentai.pdf
202311,62,694,717,1411,https://www.city.urasoe.lg.jp/doc/6656c72c699259328fa9f750/file_contents/202311nenrei-zentai.pdf
202311,87,195,333,528,https://www.city.urasoe.lg.jp/doc/6656c72c699259328fa9f750/file_contents/202311nenrei-zentai.pdf
202311,13,697,662,1359,https://www.city.urasoe.lg.jp/doc/6656c72c699259328fa9f750/file_contents/202311nenrei-zentai.pdf
202311,38,724,793,1517,https://www.city.urasoe.lg.jp/doc/6656c72c699259328fa9f750/file_contents/202311nenrei-zentai.pdf
202311,63,674,672,1346,https://www.city.urasoe.lg.jp/doc/6656c72c699259328fa9f750/file_contents/202311nenrei-zentai.pdf
202311,88,176,288,464,https://www.city.urasoe.lg.jp/doc/6656c72c699259328fa9f750/file_contents/202311nenrei-zentai.pdf
202311,14,727,647,1374,https://www.city.urasoe.lg.jp/doc/6656c72c699259328fa9f750/file_contents/202311nenrei-zentai.pdf
202311,39,765,781,1546,https://www.city.urasoe.lg.jp/doc/6656c72c699259328fa9f750/file_contents/202311nenrei-zentai.pdf
202311,64,645,657,1302,https://www.city.urasoe.lg.jp/doc/6656c72c699259328fa9f750/file_contents/202311nenrei-zentai.pdf
202311,89,125,298,423,https://www.city.urasoe.lg.jp/doc/6656c72c699259328fa9f750/file_contents/202311nenrei-zentai.pdf
202311,15,700,701,1401,https://www.city.urasoe.lg.jp/doc/6656c72c699259328fa9f750/file_contents/202311nenrei-zentai.pdf
202311,40,744,756,1500,https://www.city.urasoe.lg.jp/doc/6656c72c699259328fa9f750/file_contents/202311nenrei-zentai.pdf
202311,65,634,663,1297,https://www.city.urasoe.lg.jp/doc/6656c72c699259328fa9f750/file_contents/202311nenrei-zentai.pdf
202311,90,111,209,320,https://www.city.urasoe.lg.jp/doc/6656c72c699259328fa9f750/file_contents/202311nenrei-zentai.pdf
202311,16,732,686,1418,https://www.city.urasoe.lg.jp/doc/6656c72c699259328fa9f750/file_contents/202311nenrei-zentai.pdf
202311,41,707,717,1424,https://www.city.urasoe.lg.jp/doc/6656c72c699259328fa9f750/file_contents/202311nenrei-zentai.pdf
202311,66,600,604,1204,https://www.city.urasoe.lg.jp/doc/6656c72c699259328fa9f750/file_contents/202311nenrei-zentai.pdf
202311,91,71,203,274,https://www.city.urasoe.lg.jp/doc/6656c72c699259328fa9f750/file_contents/202311nenrei-zentai.pdf
202311,17,698,687,1385,https://www.city.urasoe.lg.jp/doc/6656c72c699259328fa9f750/file_contents/202311nenrei-zentai.pdf
202311,42,687,763,1450,https://www.city.urasoe.lg.jp/doc/6656c72c699259328fa9f750/file_contents/202311nenrei-zentai.pdf
202311,67,567,624,1191,https://www.city.urasoe.lg.jp/doc/6656c72c699259328fa9f750/file_contents/202311nenrei-zentai.pdf
202311,92,61,155,216,https://www.city.urasoe.lg.jp/doc/6656c72c699259328fa9f750/file_contents/202311nenrei-zentai.pdf
202311,18,648,598,1246,https://www.city.urasoe.lg.jp/doc/6656c72c699259328fa9f750/file_contents/202311nenrei-zentai.pdf
202311,43,708,782,1490,https://www.city.urasoe.lg.jp/doc/6656c72c699259328fa9f750/file_contents/202311nenrei-zentai.pdf
202311,68,587,653,1240,https://www.city.urasoe.lg.jp/doc/6656c72c699259328fa9f750/file_contents/202311nenrei-zentai.pdf
202311,93,50,118,168,https://www.city.urasoe.lg.jp/doc/6656c72c699259328fa9f750/file_contents/202311nenrei-zentai.pdf
202311,19,675,652,1327,https://www.city.urasoe.lg.jp/doc/6656c72c699259328fa9f750/file_contents/202311nenrei-zentai.pdf
202311,44,774,758,1532,https://www.city.urasoe.lg.jp/doc/6656c72c699259328fa9f750/file_contents/202311nenrei-zentai.pdf
202311,69,599,692,1291,https://www.city.urasoe.lg.jp/doc/6656c72c699259328fa9f750/file_contents/202311nenrei-zentai.pdf
202311,94,37,110,147,https://www.city.urasoe.lg.jp/doc/6656c72c699259328fa9f750/file_contents/202311nenrei-zentai.pdf
202311,20,698,644,1342,https://www.city.urasoe.lg.jp/doc/6656c72c699259328fa9f750/file_contents/202311nenrei-zentai.pdf
202311,45,807,824,1631,https://www.city.urasoe.lg.jp/doc/6656c72c699259328fa9f750/file_contents/202311nenrei-zentai.pdf
202311,70,617,677,1294,https://www.city.urasoe.lg.jp/doc/6656c72c699259328fa9f750/file_contents/202311nenrei-zentai.pdf
202311,95,31,88,119,https://www.city.urasoe.lg.jp/doc/6656c72c699259328fa9f750/file_contents/202311nenrei-zentai.pdf
202311,21,671,624,1295,https://www.city.urasoe.lg.jp/doc/6656c72c699259328fa9f750/file_contents/202311nenrei-zentai.pdf
202311,46,766,807,1573,https://www.city.urasoe.lg.jp/doc/6656c72c699259328fa9f750/file_contents/202311nenrei-zentai.pdf
202311,71,604,724,1328,https://www.city.urasoe.lg.jp/doc/6656c72c699259328fa9f750/file_contents/202311nenrei-zentai.pdf
202311,96,14,73,87,https://www.city.urasoe.lg.jp/doc/6656c72c699259328fa9f750/file_contents/202311nenrei-zentai.pdf
202311,22,695,676,1371,https://www.city.urasoe.lg.jp/doc/6656c72c699259328fa9f750/file_contents/202311nenrei-zentai.pdf
202311,47,828,845,1673,https://www.city.urasoe.lg.jp/doc/6656c72c699259328fa9f750/file_contents/202311nenrei-zentai.pdf
202311,72,593,757,1350,https://www.city.urasoe.lg.jp/doc/6656c72c699259328fa9f750/file_contents/202311nenrei-zentai.pdf
202311,97,7,51,58,https://www.city.urasoe.lg.jp/doc/6656c72c699259328fa9f750/file_contents/202311nenrei-zentai.pdf
202311,23,620,625,1245,https://www.city.urasoe.lg.jp/doc/6656c72c699259328fa9f750/file_contents/202311nenrei-zentai.pdf
202311,48,888,901,1789,https://www.city.urasoe.lg.jp/doc/6656c72c699259328fa9f750/file_contents/202311nenrei-zentai.pdf
202311,73,640,678,1318,https://www.city.urasoe.lg.jp/doc/6656c72c699259328fa9f750/file_contents/202311nenrei-zentai.pdf
202311,98,0,33,33,https://www.city.urasoe.lg.jp/doc/6656c72c699259328fa9f750/file_contents/202311nenrei-zentai.pdf
202311,24,644,582,1226,https://www.city.urasoe.lg.jp/doc/6656c72c699259328fa9f750/file_contents/202311nenrei-zentai.pdf
202311,49,946,989,1935,https://www.city.urasoe.lg.jp/doc/6656c72c699259328fa9f750/file_contents/202311nenrei-zentai.pdf
202311,74,570,632,1202,https://www.city.urasoe.lg.jp/doc/6656c72c699259328fa9f750/file_contents/202311nenrei-zentai.pdf
202311,99,8,23,31,https://www.city.urasoe.lg.jp/doc/6656c72c699259328fa9f750/file_contents/202311nenrei-zentai.pdf
202311,100,6,19,25,https://www.city.urasoe.lg.jp/doc/6656c72c699259328fa9f750/file_contents/202311nenrei-zentai.pdf
202311,101,3,11,14,https://www.city.urasoe.lg.jp/doc/6656c72c699259328fa9f750/file_contents/202311nenrei-zentai.pdf
202312,0,496,475,971,https://www.city.urasoe.lg.jp/doc/6656c72c699259328fa9f750/file_contents/202312nenrei-zentai.pdf
202312,25,656,633,1289,https://www.city.urasoe.lg.jp/doc/6656c72c699259328fa9f750/file_contents/202312nenrei-zentai.pdf
202312,50,884,1003,1887,https://www.city.urasoe.lg.jp/doc/6656c72c699259328fa9f750/file_contents/202312nenrei-zentai.pdf
202312,75,567,635,1202,https://www.city.urasoe.lg.jp/doc/6656c72c699259328fa9f750/file_contents/202312nenrei-zentai.pdf
202312,1,578,549,1127,https://www.city.urasoe.lg.jp/doc/6656c72c699259328fa9f750/file_contents/202312nenrei-zentai.pdf
202312,26,624,649,1273,https://www.city.urasoe.lg.jp/doc/6656c72c699259328fa9f750/file_contents/202312nenrei-zentai.pdf
202312,51,899,859,1758,https://www.city.urasoe.lg.jp/doc/6656c72c699259328fa9f750/file_contents/202312nenrei-zentai.pdf
202312,76,551,605,1156,https://www.city.urasoe.lg.jp/doc/6656c72c699259328fa9f750/file_contents/202312nenrei-zentai.pdf
202312,2,611,553,1164,https://www.city.urasoe.lg.jp/doc/6656c72c699259328fa9f750/file_contents/202312nenrei-zentai.pdf
202312,27,670,619,1289,https://www.city.urasoe.lg.jp/doc/6656c72c699259328fa9f750/file_contents/202312nenrei-zentai.pdf
202312,52,835,885,1720,https://www.city.urasoe.lg.jp/doc/6656c72c699259328fa9f750/file_contents/202312nenrei-zentai.pdf
202312,77,253,298,551,https://www.city.urasoe.lg.jp/doc/6656c72c699259328fa9f750/file_contents/202312nenrei-zentai.pdf
202312,3,612,595,1207,https://www.city.urasoe.lg.jp/doc/6656c72c699259328fa9f750/file_contents/202312nenrei-zentai.pdf
202312,28,625,649,1274,https://www.city.urasoe.lg.jp/doc/6656c72c699259328fa9f750/file_contents/202312nenrei-zentai.pdf
202312,53,778,869,1647,https://www.city.urasoe.lg.jp/doc/6656c72c699259328fa9f750/file_contents/202312nenrei-zentai.pdf
202312,78,202,280,482,https://www.city.urasoe.lg.jp/doc/6656c72c699259328fa9f750/file_contents/202312nenrei-zentai.pdf
202312,4,601,547,1148,https://www.city.urasoe.lg.jp/doc/6656c72c699259328fa9f750/file_contents/202312nenrei-zentai.pdf
202312,29,629,643,1272,https://www.city.urasoe.lg.jp/doc/6656c72c699259328fa9f750/file_contents/202312nenrei-zentai.pdf
202312,54,826,799,1625,https://www.city.urasoe.lg.jp/doc/6656c72c699259328fa9f750/file_contents/202312nenrei-zentai.pdf
202312,79,305,392,697,https://www.city.urasoe.lg.jp/doc/6656c72c699259328fa9f750/file_contents/202312nenrei-zentai.pdf
202312,5,610,551,1161,https://www.city.urasoe.lg.jp/doc/6656c72c699259328fa9f750/file_contents/202312nenrei-zentai.pdf
202312,30,641,681,1322,https://www.city.urasoe.lg.jp/doc/6656c72c699259328fa9f750/file_contents/202312nenrei-zentai.pdf
202312,55,813,889,1702,https://www.city.urasoe.lg.jp/doc/6656c72c699259328fa9f750/file_contents/202312nenrei-zentai.pdf
202312,80,333,428,761,https://www.city.urasoe.lg.jp/doc/6656c72c699259328fa9f750/file_contents/202312nenrei-zentai.pdf
202312,6,618,607,1225,https://www.city.urasoe.lg.jp/doc/6656c72c699259328fa9f750/file_contents/202312nenrei-zentai.pdf
202312,31,635,634,1269,https://www.city.urasoe.lg.jp/doc/6656c72c699259328fa9f750/file_contents/202312nenrei-zentai.pdf
202312,56,810,861,1671,https://www.city.urasoe.lg.jp/doc/6656c72c699259328fa9f750/file_contents/202312nenrei-zentai.pdf
202312,81,301,400,701,https://www.city.urasoe.lg.jp/doc/6656c72c699259328fa9f750/file_contents/202312nenrei-zentai.pdf
202312,7,620,631,1251,https://www.city.urasoe.lg.jp/doc/6656c72c699259328fa9f750/file_contents/202312nenrei-zentai.pdf
202312,32,658,698,1356,https://www.city.urasoe.lg.jp/doc/6656c72c699259328fa9f750/file_contents/202312nenrei-zentai.pdf
202312,57,625,666,1291,https://www.city.urasoe.lg.jp/doc/6656c72c699259328fa9f750/file_contents/202312nenrei-zentai.pdf
202312,82,322,464,786,https://www.city.urasoe.lg.jp/doc/6656c72c699259328fa9f750/file_contents/202312nenrei-zentai.pdf
202312,8,640,658,1298,https://www.city.urasoe.lg.jp/doc/6656c72c699259328fa9f750/file_contents/202312nenrei-zentai.pdf
202312,33,624,689,1313,https://www.city.urasoe.lg.jp/doc/6656c72c699259328fa9f750/file_contents/202312nenrei-zentai.pdf
202312,58,651,733,1384,https://www.city.urasoe.lg.jp/doc/6656c72c699259328fa9f750/file_contents/202312nenrei-zentai.pdf
202312,83,304,412,716,https://www.city.urasoe.lg.jp/doc/6656c72c699259328fa9f750/file_contents/202312nenrei-zentai.pdf
202312,9,653,605,1258,https://www.city.urasoe.lg.jp/doc/6656c72c699259328fa9f750/file_contents/202312nenrei-zentai.pdf
202312,34,679,667,1346,https://www.city.urasoe.lg.jp/doc/6656c72c699259328fa9f750/file_contents/202312nenrei-zentai.pdf
202312,59,693,716,1409,https://www.city.urasoe.lg.jp/doc/6656c72c699259328fa9f750/file_contents/202312nenrei-zentai.pdf
202312,84,291,392,683,https://www.city.urasoe.lg.jp/doc/6656c72c699259328fa9f750/file_contents/202312nenrei-zentai.pdf
202312,10,675,627,1302,https://www.city.urasoe.lg.jp/doc/6656c72c699259328fa9f750/file_contents/202312nenrei-zentai.pdf
202312,35,670,704,1374,https://www.city.urasoe.lg.jp/doc/6656c72c699259328fa9f750/file_contents/202312nenrei-zentai.pdf
202312,60,647,782,1429,https://www.city.urasoe.lg.jp/doc/6656c72c699259328fa9f750/file_contents/202312nenrei-zentai.pdf
202312,85,261,331,592,https://www.city.urasoe.lg.jp/doc/6656c72c699259328fa9f750/file_contents/202312nenrei-zentai.pdf
202312,11,681,708,1389,https://www.city.urasoe.lg.jp/doc/6656c72c699259328fa9f750/file_contents/202312nenrei-zentai.pdf
202312,36,683,666,1349,https://www.city.urasoe.lg.jp/doc/6656c72c699259328fa9f750/file_contents/202312nenrei-zentai.pdf
202312,61,640,699,1339,https://www.city.urasoe.lg.jp/doc/6656c72c699259328fa9f750/file_contents/202312nenrei-zentai.pdf
202312,86,197,343,540,https://www.city.urasoe.lg.jp/doc/6656c72c699259328fa9f750/file_contents/202312nenrei-zentai.pdf
202312,12,695,692,1387,https://www.city.urasoe.lg.jp/doc/6656c72c699259328fa9f750/file_contents/202312nenrei-zentai.pdf
202312,37,764,745,1509,https://www.city.urasoe.lg.jp/doc/6656c72c699259328fa9f750/file_contents/202312nenrei-zentai.pdf
202312,62,696,717,1413,https://www.city.urasoe.lg.jp/doc/6656c72c699259328fa9f750/file_contents/202312nenrei-zentai.pdf
202312,87,193,336,529,https://www.city.urasoe.lg.jp/doc/6656c72c699259328fa9f750/file_contents/202312nenrei-zentai.pdf
202312,13,681,662,1343,https://www.city.urasoe.lg.jp/doc/6656c72c699259328fa9f750/file_contents/202312nenrei-zentai.pdf
202312,38,730,800,1530,https://www.city.urasoe.lg.jp/doc/6656c72c699259328fa9f750/file_contents/202312nenrei-zentai.pdf
202312,63,675,671,1346,https://www.city.urasoe.lg.jp/doc/6656c72c699259328fa9f750/file_contents/202312nenrei-zentai.pdf
202312,88,171,296,467,https://www.city.urasoe.lg.jp/doc/6656c72c699259328fa9f750/file_contents/202312nenrei-zentai.pdf
202312,14,734,650,1384,https://www.city.urasoe.lg.jp/doc/6656c72c699259328fa9f750/file_contents/202312nenrei-zentai.pdf
202312,39,753,780,1533,https://www.city.urasoe.lg.jp/doc/6656c72c699259328fa9f750/file_contents/202312nenrei-zentai.pdf
202312,64,625,658,1283,https://www.city.urasoe.lg.jp/doc/6656c72c699259328fa9f750/file_contents/202312nenrei-zentai.pdf
202312,89,125,286,411,https://www.city.urasoe.lg.jp/doc/6656c72c699259328fa9f750/file_contents/202312nenrei-zentai.pdf
202312,15,695,698,1393,https://www.city.urasoe.lg.jp/doc/6656c72c699259328fa9f750/file_contents/202312nenrei-zentai.pdf
202312,40,737,761,1498,https://www.city.urasoe.lg.jp/doc/6656c72c699259328fa9f750/file_contents/202312nenrei-zentai.pdf
202312,65,654,657,1311,https://www.city.urasoe.lg.jp/doc/6656c72c699259328fa9f750/file_contents/202312nenrei-zentai.pdf
202312,90,114,215,329,https://www.city.urasoe.lg.jp/doc/6656c72c699259328fa9f750/file_contents/202312nenrei-zentai.pdf
202312,16,728,668,1396,https://www.city.urasoe.lg.jp/doc/6656c72c699259328fa9f750/file_contents/202312nenrei-zentai.pdf
202312,41,714,717,1431,https://www.city.urasoe.lg.jp/doc/6656c72c699259328fa9f750/file_contents/202312nenrei-zentai.pdf
202312,66,587,600,1187,https://www.city.urasoe.lg.jp/doc/6656c72c699259328fa9f750/file_contents/202312nenrei-zentai.pdf
202312,91,73,204,277,https://www.city.urasoe.lg.jp/doc/6656c72c699259328fa9f750/file_contents/202312nenrei-zentai.pdf
202312,17,702,702,1404,https://www.city.urasoe.lg.jp/doc/6656c72c699259328fa9f750/file_contents/202312nenrei-zentai.pdf
202312,42,692,758,1450,https://www.city.urasoe.lg.jp/doc/6656c72c699259328fa9f750/file_contents/202312nenrei-zentai.pdf
202312,67,574,632,1206,https://www.city.urasoe.lg.jp/doc/6656c72c699259328fa9f750/file_contents/202312nenrei-zentai.pdf
202312,92,61,158,219,https://www.city.urasoe.lg.jp/doc/6656c72c699259328fa9f750/file_contents/202312nenrei-zentai.pdf
202312,18,656,625,1281,https://www.city.urasoe.lg.jp/doc/6656c72c699259328fa9f750/file_contents/202312nenrei-zentai.pdf
202312,43,703,779,1482,https://www.city.urasoe.lg.jp/doc/6656c72c699259328fa9f750/file_contents/202312nenrei-zentai.pdf
202312,68,582,638,1220,https://www.city.urasoe.lg.jp/doc/6656c72c699259328fa9f750/file_contents/202312nenrei-zentai.pdf
202312,93,49,119,168,https://www.city.urasoe.lg.jp/doc/6656c72c699259328fa9f750/file_contents/202312nenrei-zentai.pdf
202312,19,664,629,1293,https://www.city.urasoe.lg.jp/doc/6656c72c699259328fa9f750/file_contents/202312nenrei-zentai.pdf
202312,44,764,776,1540,https://www.city.urasoe.lg.jp/doc/6656c72c699259328fa9f750/file_contents/202312nenrei-zentai.pdf
202312,69,593,697,1290,https://www.city.urasoe.lg.jp/doc/6656c72c699259328fa9f750/file_contents/202312nenrei-zentai.pdf
202312,94,34,111,145,https://www.city.urasoe.lg.jp/doc/6656c72c699259328fa9f750/file_contents/202312nenrei-zentai.pdf
202312,20,701,660,1361,https://www.city.urasoe.lg.jp/doc/6656c72c699259328fa9f750/file_contents/202312nenrei-zentai.pdf
202312,45,810,811,1621,https://www.city.urasoe.lg.jp/doc/6656c72c699259328fa9f750/file_contents/202312nenrei-zentai.pdf
202312,70,611,694,1305,https://www.city.urasoe.lg.jp/doc/6656c72c699259328fa9f750/file_contents/202312nenrei-zentai.pdf
202312,95,32,92,124,https://www.city.urasoe.lg.jp/doc/6656c72c699259328fa9f750/file_contents/202312nenrei-zentai.pdf
202312,21,685,609,1294,https://www.city.urasoe.lg.jp/doc/6656c72c699259328fa9f750/file_contents/202312nenrei-zentai.pdf
202312,46,763,797,1560,https://www.city.urasoe.lg.jp/doc/6656c72c699259328fa9f750/file_contents/202312nenrei-zentai.pdf
202312,71,616,703,1319,https://www.city.urasoe.lg.jp/doc/6656c72c699259328fa9f750/file_contents/202312nenrei-zentai.pdf
202312,96,15,69,84,https://www.city.urasoe.lg.jp/doc/6656c72c699259328fa9f750/file_contents/202312nenrei-zentai.pdf
202312,22,683,674,1357,https://www.city.urasoe.lg.jp/doc/6656c72c699259328fa9f750/file_contents/202312nenrei-zentai.pdf
202312,47,833,846,1679,https://www.city.urasoe.lg.jp/doc/6656c72c699259328fa9f750/file_contents/202312nenrei-zentai.pdf
202312,72,588,766,1354,https://www.city.urasoe.lg.jp/doc/6656c72c699259328fa9f750/file_contents/202312nenrei-zentai.pdf
202312,97,7,53,60,https://www.city.urasoe.lg.jp/doc/6656c72c699259328fa9f750/file_contents/202312nenrei-zentai.pdf
202312,23,632,625,1257,https://www.city.urasoe.lg.jp/doc/6656c72c699259328fa9f750/file_contents/202312nenrei-zentai.pdf
202312,48,886,893,1779,https://www.city.urasoe.lg.jp/doc/6656c72c699259328fa9f750/file_contents/202312nenrei-zentai.pdf
202312,73,633,683,1316,https://www.city.urasoe.lg.jp/doc/6656c72c699259328fa9f750/file_contents/202312nenrei-zentai.pdf
202312,98,0,33,33,https://www.city.urasoe.lg.jp/doc/6656c72c699259328fa9f750/file_contents/202312nenrei-zentai.pdf
202312,24,628,585,1213,https://www.city.urasoe.lg.jp/doc/6656c72c699259328fa9f750/file_contents/202312nenrei-zentai.pdf
202312,49,928,968,1896,https://www.city.urasoe.lg.jp/doc/6656c72c699259328fa9f750/file_contents/202312nenrei-zentai.pdf
202312,74,583,640,1223,https://www.city.urasoe.lg.jp/doc/6656c72c699259328fa9f750/file_contents/202312nenrei-zentai.pdf
202312,99,7,22,29,https://www.city.urasoe.lg.jp/doc/6656c72c699259328fa9f750/file_contents/202312nenrei-zentai.pdf
202312,100,6,19,25,https://www.city.urasoe.lg.jp/doc/6656c72c699259328fa9f750/file_contents/202312nenrei-zentai.pdf
202312,101,3,13,16,https://www.city.urasoe.lg.jp/doc/6656c72c699259328fa9f750/file_contents/202312nenrei-zentai.pdf
202401,0,504,477,981,https://www.city.urasoe.lg.jp/doc/2026081000041/file_contents/202401nenrei-zentai.pdf
202401,25,654,622,1276,https://www.city.urasoe.lg.jp/doc/2026081000041/file_contents/202401nenrei-zentai.pdf
202401,50,892,1018,1910,https://www.city.urasoe.lg.jp/doc/2026081000041/file_contents/202401nenrei-zentai.pdf
202401,75,569,636,1205,https://www.city.urasoe.lg.jp/doc/2026081000041/file_contents/202401nenrei-zentai.pdf
202401,1,568,530,1098,https://www.city.urasoe.lg.jp/doc/2026081000041/file_contents/202401nenrei-zentai.pdf
202401,26,621,647,1268,https://www.city.urasoe.lg.jp/doc/2026081000041/file_contents/202401nenrei-zentai.pdf
202401,51,896,879,1775,https://www.city.urasoe.lg.jp/doc/2026081000041/file_contents/202401nenrei-zentai.pdf
202401,76,570,621,1191,https://www.city.urasoe.lg.jp/doc/2026081000041/file_contents/202401nenrei-zentai.pdf
202401,2,602,566,1168,https://www.city.urasoe.lg.jp/doc/2026081000041/file_contents/202401nenrei-zentai.pdf
202401,27,678,620,1298,https://www.city.urasoe.lg.jp/doc/2026081000041/file_contents/202401nenrei-zentai.pdf
202401,52,834,888,1722,https://www.city.urasoe.lg.jp/doc/2026081000041/file_contents/202401nenrei-zentai.pdf
202401,77,276,325,601,https://www.city.urasoe.lg.jp/doc/2026081000041/file_contents/202401nenrei-zentai.pdf
202401,3,621,580,1201,https://www.city.urasoe.lg.jp/doc/2026081000041/file_contents/202401nenrei-zentai.pdf
202401,28,619,635,1254,https://www.city.urasoe.lg.jp/doc/2026081000041/file_contents/202401nenrei-zentai.pdf
202401,53,785,867,1652,https://www.city.urasoe.lg.jp/doc/2026081000041/file_contents/202401nenrei-zentai.pdf
202401,78,193,256,449,https://www.city.urasoe.lg.jp/doc/2026081000041/file_contents/202401nenrei-zentai.pdf
202401,4,608,550,1158,https://www.city.urasoe.lg.jp/doc/2026081000041/file_contents/202401nenrei-zentai.pdf
202401,29,633,659,1292,https://www.city.urasoe.lg.jp/doc/2026081000041/file_contents/202401nenrei-zentai.pdf
202401,54,809,790,1599,https://www.city.urasoe.lg.jp/doc/2026081000041/file_contents/202401nenrei-zentai.pdf
202401,79,301,397,698,https://www.city.urasoe.lg.jp/doc/2026081000041/file_contents/202401nenrei-zentai.pdf
202401,5,588,542,1130,https://www.city.urasoe.lg.jp/doc/2026081000041/file_contents/202401nenrei-zentai.pdf
202401,30,641,666,1307,https://www.city.urasoe.lg.jp/doc/2026081000041/file_contents/202401nenrei-zentai.pdf
202401,55,826,884,1710,https://www.city.urasoe.lg.jp/doc/2026081000041/file_contents/202401nenrei-zentai.pdf
202401,80,331,427,758,https://www.city.urasoe.lg.jp/doc/2026081000041/file_contents/202401nenrei-zentai.pdf
202401,6,634,614,1248,https://www.city.urasoe.lg.jp/doc/2026081000041/file_contents/202401nenrei-zentai.pdf
202401,31,610,648,1258,https://www.city.urasoe.lg.jp/doc/2026081000041/file_contents/202401nenrei-zentai.pdf
202401,56,797,881,1678,https://www.city.urasoe.lg.jp/doc/2026081000041/file_contents/202401nenrei-zentai.pdf
202401,81,308,408,716,https://www.city.urasoe.lg.jp/doc/2026081000041/file_contents/202401nenrei-zentai.pdf
202401,7,618,634,1252,https://www.city.urasoe.lg.jp/doc/2026081000041/file_contents/202401nenrei-zentai.pdf
202401,32,668,688,1356,https://www.city.urasoe.lg.jp/doc/2026081000041/file_contents/202401nenrei-zentai.pdf
202401,57,651,674,1325,https://www.city.urasoe.lg.jp/doc/2026081000041/file_contents/202401nenrei-zentai.pdf
202401,82,319,457,776,https://www.city.urasoe.lg.jp/doc/2026081000041/file_contents/202401nenrei-zentai.pdf
202401,8,654,656,1310,https://www.city.urasoe.lg.jp/doc/2026081000041/file_contents/202401nenrei-zentai.pdf
202401,33,637,702,1339,https://www.city.urasoe.lg.jp/doc/2026081000041/file_contents/202401nenrei-zentai.pdf
202401,58,647,723,1370,https://www.city.urasoe.lg.jp/doc/2026081000041/file_contents/202401nenrei-zentai.pdf
202401,83,293,416,709,https://www.city.urasoe.lg.jp/doc/2026081000041/file_contents/202401nenrei-zentai.pdf
202401,9,634,599,1233,https://www.city.urasoe.lg.jp/doc/2026081000041/file_contents/202401nenrei-zentai.pdf
202401,34,669,646,1315,https://www.city.urasoe.lg.jp/doc/2026081000041/file_contents/202401nenrei-zentai.pdf
202401,59,672,719,1391,https://www.city.urasoe.lg.jp/doc/2026081000041/file_contents/202401nenrei-zentai.pdf
202401,84,290,386,676,https://www.city.urasoe.lg.jp/doc/2026081000041/file_contents/202401nenrei-zentai.pdf
202401,10,674,627,1301,https://www.city.urasoe.lg.jp/doc/2026081000041/file_contents/202401nenrei-zentai.pdf
202401,35,665,727,1392,https://www.city.urasoe.lg.jp/doc/2026081000041/file_contents/202401nenrei-zentai.pdf
202401,60,658,773,1431,https://www.city.urasoe.lg.jp/doc/2026081000041/file_contents/202401nenrei-zentai.pdf
202401,85,269,337,606,https://www.city.urasoe.lg.jp/doc/2026081000041/file_contents/202401nenrei-zentai.pdf
202401,11,684,700,1384,https://www.city.urasoe.lg.jp/doc/2026081000041/file_contents/202401nenrei-zentai.pdf
202401,36,688,643,1331,https://www.city.urasoe.lg.jp/doc/2026081000041/file_contents/202401nenrei-zentai.pdf
202401,61,637,716,1353,https://www.city.urasoe.lg.jp/doc/2026081000041/file_contents/202401nenrei-zentai.pdf
202401,86,205,342,547,https://www.city.urasoe.lg.jp/doc/2026081000041/file_contents/202401nenrei-zentai.pdf
202401,12,706,690,1396,https://www.city.urasoe.lg.jp/doc/2026081000041/file_contents/202401nenrei-zentai.pdf
202401,37,766,750,1516,https://www.city.urasoe.lg.jp/doc/2026081000041/file_contents/202401nenrei-zentai.pdf
202401,62,696,718,1414,https://www.city.urasoe.lg.jp/doc/2026081000041/file_contents/202401nenrei-zentai.pdf
202401,87,189,334,523,https://www.city.urasoe.lg.jp/doc/2026081000041/file_contents/202401nenrei-zentai.pdf
202401,13,656,677,1333,https://www.city.urasoe.lg.jp/doc/2026081000041/file_contents/202401nenrei-zentai.pdf
202401,38,730,779,1509,https://www.city.urasoe.lg.jp/doc/2026081000041/file_contents/202401nenrei-zentai.pdf
202401,63,661,660,1321,https://www.city.urasoe.lg.jp/doc/2026081000041/file_contents/202401nenrei-zentai.pdf
202401,88,170,302,472,https://www.city.urasoe.lg.jp/doc/2026081000041/file_contents/202401nenrei-zentai.pdf
202401,14,730,638,1368,https://www.city.urasoe.lg.jp/doc/2026081000041/file_contents/202401nenrei-zentai.pdf
202401,39,751,793,1544,https://www.city.urasoe.lg.jp/doc/2026081000041/file_contents/202401nenrei-zentai.pdf
202401,64,638,667,1305,https://www.city.urasoe.lg.jp/doc/2026081000041/file_contents/202401nenrei-zentai.pdf
202401,89,133,279,412,https://www.city.urasoe.lg.jp/doc/2026081000041/file_contents/202401nenrei-zentai.pdf
202401,15,715,707,1422,https://www.city.urasoe.lg.jp/doc/2026081000041/file_contents/202401nenrei-zentai.pdf
202401,40,741,770,1511,https://www.city.urasoe.lg.jp/doc/2026081000041/file_contents/202401nenrei-zentai.pdf
202401,65,663,647,1310,https://www.city.urasoe.lg.jp/doc/2026081000041/file_contents/202401nenrei-zentai.pdf
202401,90,103,229,332,https://www.city.urasoe.lg.jp/doc/2026081000041/file_contents/202401nenrei-zentai.pdf
202401,16,707,657,1364,https://www.city.urasoe.lg.jp/doc/2026081000041/file_contents/202401nenrei-zentai.pdf
202401,41,710,718,1428,https://www.city.urasoe.lg.jp/doc/2026081000041/file_contents/202401nenrei-zentai.pdf
202401,66,582,604,1186,https://www.city.urasoe.lg.jp/doc/2026081000041/file_contents/202401nenrei-zentai.pdf
202401,91,76,201,277,https://www.city.urasoe.lg.jp/doc/2026081000041/file_contents/202401nenrei-zentai.pdf
202401,17,725,714,1439,https://www.city.urasoe.lg.jp/doc/2026081000041/file_contents/202401nenrei-zentai.pdf
202401,42,679,760,1439,https://www.city.urasoe.lg.jp/doc/2026081000041/file_contents/202401nenrei-zentai.pdf
202401,67,577,635,1212,https://www.city.urasoe.lg.jp/doc/2026081000041/file_contents/202401nenrei-zentai.pdf
202401,92,60,156,216,https://www.city.urasoe.lg.jp/doc/2026081000041/file_contents/202401nenrei-zentai.pdf
202401,18,655,619,1274,https://www.city.urasoe.lg.jp/doc/2026081000041/file_contents/202401nenrei-zentai.pdf
202401,43,714,769,1483,https://www.city.urasoe.lg.jp/doc/2026081000041/file_contents/202401nenrei-zentai.pdf
202401,68,578,637,1215,https://www.city.urasoe.lg.jp/doc/2026081000041/file_contents/202401nenrei-zentai.pdf
202401,93,49,123,172,https://www.city.urasoe.lg.jp/doc/2026081000041/file_contents/202401nenrei-zentai.pdf
202401,19,655,610,1265,https://www.city.urasoe.lg.jp/doc/2026081000041/file_contents/202401nenrei-zentai.pdf
202401,44,754,772,1526,https://www.city.urasoe.lg.jp/doc/2026081000041/file_contents/202401nenrei-zentai.pdf
202401,69,590,680,1270,https://www.city.urasoe.lg.jp/doc/2026081000041/file_contents/202401nenrei-zentai.pdf
202401,94,35,112,147,https://www.city.urasoe.lg.jp/doc/2026081000041/file_contents/202401nenrei-zentai.pdf
202401,20,706,676,1382,https://www.city.urasoe.lg.jp/doc/2026081000041/file_contents/202401nenrei-zentai.pdf
202401,45,810,796,1606,https://www.city.urasoe.lg.jp/doc/2026081000041/file_contents/202401nenrei-zentai.pdf
202401,70,604,691,1295,https://www.city.urasoe.lg.jp/doc/2026081000041/file_contents/202401nenrei-zentai.pdf
202401,95,29,90,119,https://www.city.urasoe.lg.jp/doc/2026081000041/file_contents/202401nenrei-zentai.pdf
202401,21,677,618,1295,https://www.city.urasoe.lg.jp/doc/2026081000041/file_contents/202401nenrei-zentai.pdf
202401,46,775,795,1570,https://www.city.urasoe.lg.jp/doc/2026081000041/file_contents/202401nenrei-zentai.pdf
202401,71,635,718,1353,https://www.city.urasoe.lg.jp/doc/2026081000041/file_contents/202401nenrei-zentai.pdf
202401,96,17,69,86,https://www.city.urasoe.lg.jp/doc/2026081000041/file_contents/202401nenrei-zentai.pdf
202401,22,678,661,1339,https://www.city.urasoe.lg.jp/doc/2026081000041/file_contents/202401nenrei-zentai.pdf
202401,47,823,874,1697,https://www.city.urasoe.lg.jp/doc/2026081000041/file_contents/202401nenrei-zentai.pdf
202401,72,591,763,1354,https://www.city.urasoe.lg.jp/doc/2026081000041/file_contents/202401nenrei-zentai.pdf
202401,97,9,53,62,https://www.city.urasoe.lg.jp/doc/2026081000041/file_contents/202401nenrei-zentai.pdf
202401,23,630,627,1257,https://www.city.urasoe.lg.jp/doc/2026081000041/file_contents/202401nenrei-zentai.pdf
202401,48,873,865,1738,https://www.city.urasoe.lg.jp/doc/2026081000041/file_contents/202401nenrei-zentai.pdf
202401,73,634,692,1326,https://www.city.urasoe.lg.jp/doc/2026081000041/file_contents/202401nenrei-zentai.pdf
202401,98,0,37,37,https://www.city.urasoe.lg.jp/doc/2026081000041/file_contents/202401nenrei-zentai.pdf
202401,24,638,611,1249,https://www.city.urasoe.lg.jp/doc/2026081000041/file_contents/202401nenrei-zentai.pdf
202401,49,919,946,1865,https://www.city.urasoe.lg.jp/doc/2026081000041/file_contents/202401nenrei-zentai.pdf
202401,74,563,629,1192,https://www.city.urasoe.lg.jp/doc/2026081000041/file_contents/202401nenrei-zentai.pdf
202401,99,6,19,25,https://www.city.urasoe.lg.jp/doc/2026081000041/file_contents/202401nenrei-zentai.pdf
202401,100,5,20,25,https://www.city.urasoe.lg.jp/doc/2026081000041/file_contents/202401nenrei-zentai.pdf
202401,101,4,13,17,https://www.city.urasoe.lg.jp/doc/2026081000041/file_contents/202401nenrei-zentai.pdf
202402,0,504,470,974,https://www.city.urasoe.lg.jp/doc/2026081000041/file_contents/202402nenrei-zentai.pdf
202402,25,667,621,1288,https://www.city.urasoe.lg.jp/doc/2026081000041/file_contents/202402nenrei-zentai.pdf
202402,50,917,1015,1932,https://www.city.urasoe.lg.jp/doc/2026081000041/file_contents/202402nenrei-zentai.pdf
202402,75,553,636,1189,https://www.city.urasoe.lg.jp/doc/2026081000041/file_contents/202402nenrei-zentai.pdf
202402,1,572,531,1103,https://www.city.urasoe.lg.jp/doc/2026081000041/file_contents/202402nenrei-zentai.pdf
202402,26,617,654,1271,https://www.city.urasoe.lg.jp/doc/2026081000041/file_contents/202402nenrei-zentai.pdf
202402,51,874,888,1762,https://www.city.urasoe.lg.jp/doc/2026081000041/file_contents/202402nenrei-zentai.pdf
202402,76,580,629,1209,https://www.city.urasoe.lg.jp/doc/2026081000041/file_contents/202402nenrei-zentai.pdf
202402,2,596,565,1161,https://www.city.urasoe.lg.jp/doc/2026081000041/file_contents/202402nenrei-zentai.pdf
202402,27,658,593,1251,https://www.city.urasoe.lg.jp/doc/2026081000041/file_contents/202402nenrei-zentai.pdf
202402,52,837,872,1709,https://www.city.urasoe.lg.jp/doc/2026081000041/file_contents/202402nenrei-zentai.pdf
202402,77,302,344,646,https://www.city.urasoe.lg.jp/doc/2026081000041/file_contents/202402nenrei-zentai.pdf
202402,3,624,576,1200,https://www.city.urasoe.lg.jp/doc/2026081000041/file_contents/202402nenrei-zentai.pdf
202402,28,632,638,1270,https://www.city.urasoe.lg.jp/doc/2026081000041/file_contents/202402nenrei-zentai.pdf
202402,53,806,867,1673,https://www.city.urasoe.lg.jp/doc/2026081000041/file_contents/202402nenrei-zentai.pdf
202402,78,194,250,444,https://www.city.urasoe.lg.jp/doc/2026081000041/file_contents/202402nenrei-zentai.pdf
202402,4,604,545,1149,https://www.city.urasoe.lg.jp/doc/2026081000041/file_contents/202402nenrei-zentai.pdf
202402,29,623,667,1290,https://www.city.urasoe.lg.jp/doc/2026081000041/file_contents/202402nenrei-zentai.pdf
202402,54,788,787,1575,https://www.city.urasoe.lg.jp/doc/2026081000041/file_contents/202402nenrei-zentai.pdf
202402,79,277,387,664,https://www.city.urasoe.lg.jp/doc/2026081000041/file_contents/202402nenrei-zentai.pdf
202402,5,585,551,1136,https://www.city.urasoe.lg.jp/doc/2026081000041/file_contents/202402nenrei-zentai.pdf
202402,30,636,658,1294,https://www.city.urasoe.lg.jp/doc/2026081000041/file_contents/202402nenrei-zentai.pdf
202402,55,833,891,1724,https://www.city.urasoe.lg.jp/doc/2026081000041/file_contents/202402nenrei-zentai.pdf
202402,80,338,424,762,https://www.city.urasoe.lg.jp/doc/2026081000041/file_contents/202402nenrei-zentai.pdf
202402,6,622,599,1221,https://www.city.urasoe.lg.jp/doc/2026081000041/file_contents/202402nenrei-zentai.pdf
202402,31,616,654,1270,https://www.city.urasoe.lg.jp/doc/2026081000041/file_contents/202402nenrei-zentai.pdf
202402,56,796,872,1668,https://www.city.urasoe.lg.jp/doc/2026081000041/file_contents/202402nenrei-zentai.pdf
202402,81,304,418,722,https://www.city.urasoe.lg.jp/doc/2026081000041/file_contents/202402nenrei-zentai.pdf
202402,7,628,648,1276,https://www.city.urasoe.lg.jp/doc/2026081000041/file_contents/202402nenrei-zentai.pdf
202402,32,661,679,1340,https://www.city.urasoe.lg.jp/doc/2026081000041/file_contents/202402nenrei-zentai.pdf
202402,57,650,695,1345,https://www.city.urasoe.lg.jp/doc/2026081000041/file_contents/202402nenrei-zentai.pdf
202402,82,313,455,768,https://www.city.urasoe.lg.jp/doc/2026081000041/file_contents/202402nenrei-zentai.pdf
202402,8,648,637,1285,https://www.city.urasoe.lg.jp/doc/2026081000041/file_contents/202402nenrei-zentai.pdf
202402,33,645,713,1358,https://www.city.urasoe.lg.jp/doc/2026081000041/file_contents/202402nenrei-zentai.pdf
202402,58,662,722,1384,https://www.city.urasoe.lg.jp/doc/2026081000041/file_contents/202402nenrei-zentai.pdf
202402,83,308,409,717,https://www.city.urasoe.lg.jp/doc/2026081000041/file_contents/202402nenrei-zentai.pdf
202402,9,631,617,1248,https://www.city.urasoe.lg.jp/doc/2026081000041/file_contents/202402nenrei-zentai.pdf
202402,34,665,644,1309,https://www.city.urasoe.lg.jp/doc/2026081000041/file_contents/202402nenrei-zentai.pdf
202402,59,654,706,1360,https://www.city.urasoe.lg.jp/doc/2026081000041/file_contents/202402nenrei-zentai.pdf
202402,84,283,394,677,https://www.city.urasoe.lg.jp/doc/2026081000041/file_contents/202402nenrei-zentai.pdf
202402,10,682,620,1302,https://www.city.urasoe.lg.jp/doc/2026081000041/file_contents/202402nenrei-zentai.pdf
202402,35,663,715,1378,https://www.city.urasoe.lg.jp/doc/2026081000041/file_contents/202402nenrei-zentai.pdf
202402,60,663,768,1431,https://www.city.urasoe.lg.jp/doc/2026081000041/file_contents/202402nenrei-zentai.pdf
202402,85,271,323,594,https://www.city.urasoe.lg.jp/doc/2026081000041/file_contents/202402nenrei-zentai.pdf
202402,11,672,682,1354,https://www.city.urasoe.lg.jp/doc/2026081000041/file_contents/202402nenrei-zentai.pdf
202402,36,680,653,1333,https://www.city.urasoe.lg.jp/doc/2026081000041/file_contents/202402nenrei-zentai.pdf
202402,61,628,733,1361,https://www.city.urasoe.lg.jp/doc/2026081000041/file_contents/202402nenrei-zentai.pdf
202402,86,215,346,561,https://www.city.urasoe.lg.jp/doc/2026081000041/file_contents/202402nenrei-zentai.pdf
202402,12,699,699,1398,https://www.city.urasoe.lg.jp/doc/2026081000041/file_contents/202402nenrei-zentai.pdf
202402,37,759,751,1510,https://www.city.urasoe.lg.jp/doc/2026081000041/file_contents/202402nenrei-zentai.pdf
202402,62,697,707,1404,https://www.city.urasoe.lg.jp/doc/2026081000041/file_contents/202402nenrei-zentai.pdf
202402,87,182,323,505,https://www.city.urasoe.lg.jp/doc/2026081000041/file_contents/202402nenrei-zentai.pdf
202402,13,669,682,1351,https://www.city.urasoe.lg.jp/doc/2026081000041/file_contents/202402nenrei-zentai.pdf
202402,38,723,751,1474,https://www.city.urasoe.lg.jp/doc/2026081000041/file_contents/202402nenrei-zentai.pdf
202402,63,661,668,1329,https://www.city.urasoe.lg.jp/doc/2026081000041/file_contents/202402nenrei-zentai.pdf
202402,88,172,302,474,https://www.city.urasoe.lg.jp/doc/2026081000041/file_contents/202402nenrei-zentai.pdf
202402,14,729,638,1367,https://www.city.urasoe.lg.jp/doc/2026081000041/file_contents/202402nenrei-zentai.pdf
202402,39,746,810,1556,https://www.city.urasoe.lg.jp/doc/2026081000041/file_contents/202402nenrei-zentai.pdf
202402,64,644,673,1317,https://www.city.urasoe.lg.jp/doc/2026081000041/file_contents/202402nenrei-zentai.pdf
202402,89,136,281,417,https://www.city.urasoe.lg.jp/doc/2026081000041/file_contents/202402nenrei-zentai.pdf
202402,15,718,693,1411,https://www.city.urasoe.lg.jp/doc/2026081000041/file_contents/202402nenrei-zentai.pdf
202402,40,756,771,1527,https://www.city.urasoe.lg.jp/doc/2026081000041/file_contents/202402nenrei-zentai.pdf
202402,65,668,651,1319,https://www.city.urasoe.lg.jp/doc/2026081000041/file_contents/202402nenrei-zentai.pdf
202402,90,95,238,333,https://www.city.urasoe.lg.jp/doc/2026081000041/file_contents/202402nenrei-zentai.pdf
202402,16,694,668,1362,https://www.city.urasoe.lg.jp/doc/2026081000041/file_contents/202402nenrei-zentai.pdf
202402,41,706,715,1421,https://www.city.urasoe.lg.jp/doc/2026081000041/file_contents/202402nenrei-zentai.pdf
202402,66,555,594,1149,https://www.city.urasoe.lg.jp/doc/2026081000041/file_contents/202402nenrei-zentai.pdf
202402,91,85,200,285,https://www.city.urasoe.lg.jp/doc/2026081000041/file_contents/202402nenrei-zentai.pdf
202402,17,729,714,1443,https://www.city.urasoe.lg.jp/doc/2026081000041/file_contents/202402nenrei-zentai.pdf
202402,42,675,760,1435,https://www.city.urasoe.lg.jp/doc/2026081000041/file_contents/202402nenrei-zentai.pdf
202402,67,610,636,1246,https://www.city.urasoe.lg.jp/doc/2026081000041/file_contents/202402nenrei-zentai.pdf
202402,92,60,161,221,https://www.city.urasoe.lg.jp/doc/2026081000041/file_contents/202402nenrei-zentai.pdf
202402,18,673,633,1306,https://www.city.urasoe.lg.jp/doc/2026081000041/file_contents/202402nenrei-zentai.pdf
202402,43,725,759,1484,https://www.city.urasoe.lg.jp/doc/2026081000041/file_contents/202402nenrei-zentai.pdf
202402,68,550,626,1176,https://www.city.urasoe.lg.jp/doc/2026081000041/file_contents/202402nenrei-zentai.pdf
202402,93,49,125,174,https://www.city.urasoe.lg.jp/doc/2026081000041/file_contents/202402nenrei-zentai.pdf
202402,19,643,587,1230,https://www.city.urasoe.lg.jp/doc/2026081000041/file_contents/202402nenrei-zentai.pdf
202402,44,752,762,1514,https://www.city.urasoe.lg.jp/doc/2026081000041/file_contents/202402nenrei-zentai.pdf
202402,69,600,687,1287,https://www.city.urasoe.lg.jp/doc/2026081000041/file_contents/202402nenrei-zentai.pdf
202402,94,37,109,146,https://www.city.urasoe.lg.jp/doc/2026081000041/file_contents/202402nenrei-zentai.pdf
202402,20,701,674,1375,https://www.city.urasoe.lg.jp/doc/2026081000041/file_contents/202402nenrei-zentai.pdf
202402,45,794,798,1592,https://www.city.urasoe.lg.jp/doc/2026081000041/file_contents/202402nenrei-zentai.pdf
202402,70,597,692,1289,https://www.city.urasoe.lg.jp/doc/2026081000041/file_contents/202402nenrei-zentai.pdf
202402,95,27,88,115,https://www.city.urasoe.lg.jp/doc/2026081000041/file_contents/202402nenrei-zentai.pdf
202402,21,689,652,1341,https://www.city.urasoe.lg.jp/doc/2026081000041/file_contents/202402nenrei-zentai.pdf
202402,46,781,787,1568,https://www.city.urasoe.lg.jp/doc/2026081000041/file_contents/202402nenrei-zentai.pdf
202402,71,644,712,1356,https://www.city.urasoe.lg.jp/doc/2026081000041/file_contents/202402nenrei-zentai.pdf
202402,96,19,67,86,https://www.city.urasoe.lg.jp/doc/2026081000041/file_contents/202402nenrei-zentai.pdf
202402,22,663,639,1302,https://www.city.urasoe.lg.jp/doc/2026081000041/file_contents/202402nenrei-zentai.pdf
202402,47,809,867,1676,https://www.city.urasoe.lg.jp/doc/2026081000041/file_contents/202402nenrei-zentai.pdf
202402,72,605,755,1360,https://www.city.urasoe.lg.jp/doc/2026081000041/file_contents/202402nenrei-zentai.pdf
202402,97,8,57,65,https://www.city.urasoe.lg.jp/doc/2026081000041/file_contents/202402nenrei-zentai.pdf
202402,23,643,640,1283,https://www.city.urasoe.lg.jp/doc/2026081000041/file_contents/202402nenrei-zentai.pdf
202402,48,867,874,1741,https://www.city.urasoe.lg.jp/doc/2026081000041/file_contents/202402nenrei-zentai.pdf
202402,73,625,716,1341,https://www.city.urasoe.lg.jp/doc/2026081000041/file_contents/202402nenrei-zentai.pdf
202402,98,0,36,36,https://www.city.urasoe.lg.jp/doc/2026081000041/file_contents/202402nenrei-zentai.pdf
202402,24,627,608,1235,https://www.city.urasoe.lg.jp/doc/2026081000041/file_contents/202402nenrei-zentai.pdf
202402,49,922,955,1877,https://www.city.urasoe.lg.jp/doc/2026081000041/file_contents/202402nenrei-zentai.pdf
202402,74,567,619,1186,https://www.city.urasoe.lg.jp/doc/2026081000041/file_contents/202402nenrei-zentai.pdf
202402,99,3,24,27,https://www.city.urasoe.lg.jp/doc/2026081000041/file_contents/202402nenrei-zentai.pdf
202402,100,7,19,26,https://www.city.urasoe.lg.jp/doc/2026081000041/file_contents/202402nenrei-zentai.pdf
202402,101,5,12,17,https://www.city.urasoe.lg.jp/doc/2026081000041/file_contents/202402nenrei-zentai.pdf
202403,0,509,469,978,https://www.city.urasoe.lg.jp/doc/2026081000041/file_contents/202403nenrei-zentai.pdf
202403,25,663,604,1267,https://www.city.urasoe.lg.jp/doc/2026081000041/file_contents/202403nenrei-zentai.pdf
202403,50,922,1014,1936,https://www.city.urasoe.lg.jp/doc/2026081000041/file_contents/202403nenrei-zentai.pdf
202403,75,542,621,1163,https://www.city.urasoe.lg.jp/doc/2026081000041/file_contents/202403nenrei-zentai.pdf
202403,1,570,508,1078,https://www.city.urasoe.lg.jp/doc/2026081000041/file_contents/202403nenrei-zentai.pdf
202403,26,628,641,1269,https://www.city.urasoe.lg.jp/doc/2026081000041/file_contents/202403nenrei-zentai.pdf
202403,51,895,910,1805,https://www.city.urasoe.lg.jp/doc/2026081000041/file_contents/202403nenrei-zentai.pdf
202403,76,594,635,1229,https://www.city.urasoe.lg.jp/doc/2026081000041/file_contents/202403nenrei-zentai.pdf
202403,2,592,577,1169,https://www.city.urasoe.lg.jp/doc/2026081000041/file_contents/202403nenrei-zentai.pdf
202403,27,639,612,1251,https://www.city.urasoe.lg.jp/doc/2026081000041/file_contents/202403nenrei-zentai.pdf
202403,52,825,850,1675,https://www.city.urasoe.lg.jp/doc/2026081000041/file_contents/202403nenrei-zentai.pdf
202403,77,321,368,689,https://www.city.urasoe.lg.jp/doc/2026081000041/file_contents/202403nenrei-zentai.pdf
202403,3,630,571,1201,https://www.city.urasoe.lg.jp/doc/2026081000041/file_contents/202403nenrei-zentai.pdf
202403,28,607,626,1233,https://www.city.urasoe.lg.jp/doc/2026081000041/file_contents/202403nenrei-zentai.pdf
202403,53,789,870,1659,https://www.city.urasoe.lg.jp/doc/2026081000041/file_contents/202403nenrei-zentai.pdf
202403,78,190,246,436,https://www.city.urasoe.lg.jp/doc/2026081000041/file_contents/202403nenrei-zentai.pdf
202403,4,591,549,1140,https://www.city.urasoe.lg.jp/doc/2026081000041/file_contents/202403nenrei-zentai.pdf
202403,29,622,651,1273,https://www.city.urasoe.lg.jp/doc/2026081000041/file_contents/202403nenrei-zentai.pdf
202403,54,793,780,1573,https://www.city.urasoe.lg.jp/doc/2026081000041/file_contents/202403nenrei-zentai.pdf
202403,79,257,360,617,https://www.city.urasoe.lg.jp/doc/2026081000041/file_contents/202403nenrei-zentai.pdf
202403,5,575,541,1116,https://www.city.urasoe.lg.jp/doc/2026081000041/file_contents/202403nenrei-zentai.pdf
202403,30,617,663,1280,https://www.city.urasoe.lg.jp/doc/2026081000041/file_contents/202403nenrei-zentai.pdf
202403,55,823,885,1708,https://www.city.urasoe.lg.jp/doc/2026081000041/file_contents/202403nenrei-zentai.pdf
202403,80,352,448,800,https://www.city.urasoe.lg.jp/doc/2026081000041/file_contents/202403nenrei-zentai.pdf
202403,6,630,593,1223,https://www.city.urasoe.lg.jp/doc/2026081000041/file_contents/202403nenrei-zentai.pdf
202403,31,637,652,1289,https://www.city.urasoe.lg.jp/doc/2026081000041/file_contents/202403nenrei-zentai.pdf
202403,56,807,884,1691,https://www.city.urasoe.lg.jp/doc/2026081000041/file_contents/202403nenrei-zentai.pdf
202403,81,302,415,717,https://www.city.urasoe.lg.jp/doc/2026081000041/file_contents/202403nenrei-zentai.pdf
202403,7,622,653,1275,https://www.city.urasoe.lg.jp/doc/2026081000041/file_contents/202403nenrei-zentai.pdf
202403,32,642,683,1325,https://www.city.urasoe.lg.jp/doc/2026081000041/file_contents/202403nenrei-zentai.pdf
202403,57,679,705,1384,https://www.city.urasoe.lg.jp/doc/2026081000041/file_contents/202403nenrei-zentai.pdf
202403,82,312,438,750,https://www.city.urasoe.lg.jp/doc/2026081000041/file_contents/202403nenrei-zentai.pdf
202403,8,645,622,1267,https://www.city.urasoe.lg.jp/doc/2026081000041/file_contents/202403nenrei-zentai.pdf
202403,33,662,696,1358,https://www.city.urasoe.lg.jp/doc/2026081000041/file_contents/202403nenrei-zentai.pdf
202403,58,652,712,1364,https://www.city.urasoe.lg.jp/doc/2026081000041/file_contents/202403nenrei-zentai.pdf
202403,83,309,387,696,https://www.city.urasoe.lg.jp/doc/2026081000041/file_contents/202403nenrei-zentai.pdf
202403,9,638,636,1274,https://www.city.urasoe.lg.jp/doc/2026081000041/file_contents/202403nenrei-zentai.pdf
202403,34,638,642,1280,https://www.city.urasoe.lg.jp/doc/2026081000041/file_contents/202403nenrei-zentai.pdf
202403,59,651,700,1351,https://www.city.urasoe.lg.jp/doc/2026081000041/file_contents/202403nenrei-zentai.pdf
202403,84,286,416,702,https://www.city.urasoe.lg.jp/doc/2026081000041/file_contents/202403nenrei-zentai.pdf
202403,10,664,619,1283,https://www.city.urasoe.lg.jp/doc/2026081000041/file_contents/202403nenrei-zentai.pdf
202403,35,670,714,1384,https://www.city.urasoe.lg.jp/doc/2026081000041/file_contents/202403nenrei-zentai.pdf
202403,60,656,765,1421,https://www.city.urasoe.lg.jp/doc/2026081000041/file_contents/202403nenrei-zentai.pdf
202403,85,261,328,589,https://www.city.urasoe.lg.jp/doc/2026081000041/file_contents/202403nenrei-zentai.pdf
202403,11,689,669,1358,https://www.city.urasoe.lg.jp/doc/2026081000041/file_contents/202403nenrei-zentai.pdf
202403,36,681,650,1331,https://www.city.urasoe.lg.jp/doc/2026081000041/file_contents/202403nenrei-zentai.pdf
202403,61,647,753,1400,https://www.city.urasoe.lg.jp/doc/2026081000041/file_contents/202403nenrei-zentai.pdf
202403,86,221,348,569,https://www.city.urasoe.lg.jp/doc/2026081000041/file_contents/202403nenrei-zentai.pdf
202403,12,685,687,1372,https://www.city.urasoe.lg.jp/doc/2026081000041/file_contents/202403nenrei-zentai.pdf
202403,37,749,745,1494,https://www.city.urasoe.lg.jp/doc/2026081000041/file_contents/202403nenrei-zentai.pdf
202403,62,677,691,1368,https://www.city.urasoe.lg.jp/doc/2026081000041/file_contents/202403nenrei-zentai.pdf
202403,87,177,320,497,https://www.city.urasoe.lg.jp/doc/2026081000041/file_contents/202403nenrei-zentai.pdf
202403,13,666,687,1353,https://www.city.urasoe.lg.jp/doc/2026081000041/file_contents/202403nenrei-zentai.pdf
202403,38,715,740,1455,https://www.city.urasoe.lg.jp/doc/2026081000041/file_contents/202403nenrei-zentai.pdf
202403,63,664,672,1336,https://www.city.urasoe.lg.jp/doc/2026081000041/file_contents/202403nenrei-zentai.pdf
202403,88,173,308,481,https://www.city.urasoe.lg.jp/doc/2026081000041/file_contents/202403nenrei-zentai.pdf
202403,14,733,642,1375,https://www.city.urasoe.lg.jp/doc/2026081000041/file_contents/202403nenrei-zentai.pdf
202403,39,751,791,1542,https://www.city.urasoe.lg.jp/doc/2026081000041/file_contents/202403nenrei-zentai.pdf
202403,64,650,671,1321,https://www.city.urasoe.lg.jp/doc/2026081000041/file_contents/202403nenrei-zentai.pdf
202403,89,141,283,424,https://www.city.urasoe.lg.jp/doc/2026081000041/file_contents/202403nenrei-zentai.pdf
202403,15,709,699,1408,https://www.city.urasoe.lg.jp/doc/2026081000041/file_contents/202403nenrei-zentai.pdf
202403,40,756,779,1535,https://www.city.urasoe.lg.jp/doc/2026081000041/file_contents/202403nenrei-zentai.pdf
202403,65,657,652,1309,https://www.city.urasoe.lg.jp/doc/2026081000041/file_contents/202403nenrei-zentai.pdf
202403,90,91,243,334,https://www.city.urasoe.lg.jp/doc/2026081000041/file_contents/202403nenrei-zentai.pdf
202403,16,686,667,1353,https://www.city.urasoe.lg.jp/doc/2026081000041/file_contents/202403nenrei-zentai.pdf
202403,41,704,725,1429,https://www.city.urasoe.lg.jp/doc/2026081000041/file_contents/202403nenrei-zentai.pdf
202403,66,570,600,1170,https://www.city.urasoe.lg.jp/doc/2026081000041/file_contents/202403nenrei-zentai.pdf
202403,91,92,184,276,https://www.city.urasoe.lg.jp/doc/2026081000041/file_contents/202403nenrei-zentai.pdf
202403,17,728,712,1440,https://www.city.urasoe.lg.jp/doc/2026081000041/file_contents/202403nenrei-zentai.pdf
202403,42,665,754,1419,https://www.city.urasoe.lg.jp/doc/2026081000041/file_contents/202403nenrei-zentai.pdf
202403,67,602,626,1228,https://www.city.urasoe.lg.jp/doc/2026081000041/file_contents/202403nenrei-zentai.pdf
202403,92,59,167,226,https://www.city.urasoe.lg.jp/doc/2026081000041/file_contents/202403nenrei-zentai.pdf
202403,18,620,592,1212,https://www.city.urasoe.lg.jp/doc/2026081000041/file_contents/202403nenrei-zentai.pdf
202403,43,742,753,1495,https://www.city.urasoe.lg.jp/doc/2026081000041/file_contents/202403nenrei-zentai.pdf
202403,68,548,630,1178,https://www.city.urasoe.lg.jp/doc/2026081000041/file_contents/202403nenrei-zentai.pdf
202403,93,50,128,178,https://www.city.urasoe.lg.jp/doc/2026081000041/file_contents/202403nenrei-zentai.pdf
202403,19,642,566,1208,https://www.city.urasoe.lg.jp/doc/2026081000041/file_contents/202403nenrei-zentai.pdf
202403,44,736,765,1501,https://www.city.urasoe.lg.jp/doc/2026081000041/file_contents/202403nenrei-zentai.pdf
202403,69,595,687,1282,https://www.city.urasoe.lg.jp/doc/2026081000041/file_contents/202403nenrei-zentai.pdf
202403,94,35,106,141,https://www.city.urasoe.lg.jp/doc/2026081000041/file_contents/202403nenrei-zentai.pdf
202403,20,656,647,1303,https://www.city.urasoe.lg.jp/doc/2026081000041/file_contents/202403nenrei-zentai.pdf
202403,45,789,802,1591,https://www.city.urasoe.lg.jp/doc/2026081000041/file_contents/202403nenrei-zentai.pdf
202403,70,601,683,1284,https://www.city.urasoe.lg.jp/doc/2026081000041/file_contents/202403nenrei-zentai.pdf
202403,95,31,95,126,https://www.city.urasoe.lg.jp/doc/2026081000041/file_contents/202403nenrei-zentai.pdf
202403,21,681,623,1304,https://www.city.urasoe.lg.jp/doc/2026081000041/file_contents/202403nenrei-zentai.pdf
202403,46,786,792,1578,https://www.city.urasoe.lg.jp/doc/2026081000041/file_contents/202403nenrei-zentai.pdf
202403,71,641,722,1363,https://www.city.urasoe.lg.jp/doc/2026081000041/file_contents/202403nenrei-zentai.pdf
202403,96,18,67,85,https://www.city.urasoe.lg.jp/doc/2026081000041/file_contents/202403nenrei-zentai.pdf
202403,22,630,607,1237,https://www.city.urasoe.lg.jp/doc/2026081000041/file_contents/202403nenrei-zentai.pdf
202403,47,807,840,1647,https://www.city.urasoe.lg.jp/doc/2026081000041/file_contents/202403nenrei-zentai.pdf
202403,72,583,731,1314,https://www.city.urasoe.lg.jp/doc/2026081000041/file_contents/202403nenrei-zentai.pdf
202403,97,9,57,66,https://www.city.urasoe.lg.jp/doc/2026081000041/file_contents/202403nenrei-zentai.pdf
202403,23,626,632,1258,https://www.city.urasoe.lg.jp/doc/2026081000041/file_contents/202403nenrei-zentai.pdf
202403,48,865,885,1750,https://www.city.urasoe.lg.jp/doc/2026081000041/file_contents/202403nenrei-zentai.pdf
202403,73,639,739,1378,https://www.city.urasoe.lg.jp/doc/2026081000041/file_contents/202403nenrei-zentai.pdf
202403,98,0,38,38,https://www.city.urasoe.lg.jp/doc/2026081000041/file_contents/202403nenrei-zentai.pdf
202403,24,606,608,1214,https://www.city.urasoe.lg.jp/doc/2026081000041/file_contents/202403nenrei-zentai.pdf
202403,49,892,942,1834,https://www.city.urasoe.lg.jp/doc/2026081000041/file_contents/202403nenrei-zentai.pdf
202403,74,562,626,1188,https://www.city.urasoe.lg.jp/doc/2026081000041/file_contents/202403nenrei-zentai.pdf
202403,99,3,24,27,https://www.city.urasoe.lg.jp/doc/2026081000041/file_contents/202403nenrei-zentai.pdf
202403,100,7,20,27,https://www.city.urasoe.lg.jp/doc/2026081000041/file_contents/202403nenrei-zentai.pdf
202403,101,5,11,16,https://www.city.urasoe.lg.jp/doc/2026081000041/file_contents/202403nenrei-zentai.pdf
202404,0,516,465,981,https://www.city.urasoe.lg.jp/doc/2026081000041/file_contents/202404nenrei-zentai.pdf
202404,25,666,608,1274,https://www.city.urasoe.lg.jp/doc/2026081000041/file_contents/202404nenrei-zentai.pdf
202404,50,933,1010,1943,https://www.city.urasoe.lg.jp/doc/2026081000041/file_contents/202404nenrei-zentai.pdf
202404,75,537,619,1156,https://www.city.urasoe.lg.jp/doc/2026081000041/file_contents/202404nenrei-zentai.pdf
202404,1,551,519,1070,https://www.city.urasoe.lg.jp/doc/2026081000041/file_contents/202404nenrei-zentai.pdf
202404,26,648,642,1290,https://www.city.urasoe.lg.jp/doc/2026081000041/file_contents/202404nenrei-zentai.pdf
202404,51,885,915,1800,https://www.city.urasoe.lg.jp/doc/2026081000041/file_contents/202404nenrei-zentai.pdf
202404,76,592,641,1233,https://www.city.urasoe.lg.jp/doc/2026081000041/file_contents/202404nenrei-zentai.pdf
202404,2,585,566,1151,https://www.city.urasoe.lg.jp/doc/2026081000041/file_contents/202404nenrei-zentai.pdf
202404,27,665,621,1286,https://www.city.urasoe.lg.jp/doc/2026081000041/file_contents/202404nenrei-zentai.pdf
202404,52,841,861,1702,https://www.city.urasoe.lg.jp/doc/2026081000041/file_contents/202404nenrei-zentai.pdf
202404,77,348,397,745,https://www.city.urasoe.lg.jp/doc/2026081000041/file_contents/202404nenrei-zentai.pdf
202404,3,630,562,1192,https://www.city.urasoe.lg.jp/doc/2026081000041/file_contents/202404nenrei-zentai.pdf
202404,28,617,649,1266,https://www.city.urasoe.lg.jp/doc/2026081000041/file_contents/202404nenrei-zentai.pdf
202404,53,794,863,1657,https://www.city.urasoe.lg.jp/doc/2026081000041/file_contents/202404nenrei-zentai.pdf
202404,78,188,242,430,https://www.city.urasoe.lg.jp/doc/2026081000041/file_contents/202404nenrei-zentai.pdf
202404,4,588,557,1145,https://www.city.urasoe.lg.jp/doc/2026081000041/file_contents/202404nenrei-zentai.pdf
202404,29,611,659,1270,https://www.city.urasoe.lg.jp/doc/2026081000041/file_contents/202404nenrei-zentai.pdf
202404,54,806,784,1590,https://www.city.urasoe.lg.jp/doc/2026081000041/file_contents/202404nenrei-zentai.pdf
202404,79,253,355,608,https://www.city.urasoe.lg.jp/doc/2026081000041/file_contents/202404nenrei-zentai.pdf
202404,5,606,565,1171,https://www.city.urasoe.lg.jp/doc/2026081000041/file_contents/202404nenrei-zentai.pdf
202404,30,635,656,1291,https://www.city.urasoe.lg.jp/doc/2026081000041/file_contents/202404nenrei-zentai.pdf
202404,55,823,882,1705,https://www.city.urasoe.lg.jp/doc/2026081000041/file_contents/202404nenrei-zentai.pdf
202404,80,356,435,791,https://www.city.urasoe.lg.jp/doc/2026081000041/file_contents/202404nenrei-zentai.pdf
202404,6,619,578,1197,https://www.city.urasoe.lg.jp/doc/2026081000041/file_contents/202404nenrei-zentai.pdf
202404,31,635,644,1279,https://www.city.urasoe.lg.jp/doc/2026081000041/file_contents/202404nenrei-zentai.pdf
202404,56,814,886,1700,https://www.city.urasoe.lg.jp/doc/2026081000041/file_contents/202404nenrei-zentai.pdf
202404,81,296,424,720,https://www.city.urasoe.lg.jp/doc/2026081000041/file_contents/202404nenrei-zentai.pdf
202404,7,616,648,1264,https://www.city.urasoe.lg.jp/doc/2026081000041/file_contents/202404nenrei-zentai.pdf
202404,32,649,687,1336,https://www.city.urasoe.lg.jp/doc/2026081000041/file_contents/202404nenrei-zentai.pdf
202404,57,680,711,1391,https://www.city.urasoe.lg.jp/doc/2026081000041/file_contents/202404nenrei-zentai.pdf
202404,82,311,428,739,https://www.city.urasoe.lg.jp/doc/2026081000041/file_contents/202404nenrei-zentai.pdf
202404,8,649,624,1273,https://www.city.urasoe.lg.jp/doc/2026081000041/file_contents/202404nenrei-zentai.pdf
202404,33,652,686,1338,https://www.city.urasoe.lg.jp/doc/2026081000041/file_contents/202404nenrei-zentai.pdf
202404,58,643,702,1345,https://www.city.urasoe.lg.jp/doc/2026081000041/file_contents/202404nenrei-zentai.pdf
202404,83,314,399,713,https://www.city.urasoe.lg.jp/doc/2026081000041/file_contents/202404nenrei-zentai.pdf
202404,9,645,637,1282,https://www.city.urasoe.lg.jp/doc/2026081000041/file_contents/202404nenrei-zentai.pdf
202404,34,650,663,1313,https://www.city.urasoe.lg.jp/doc/2026081000041/file_contents/202404nenrei-zentai.pdf
202404,59,660,713,1373,https://www.city.urasoe.lg.jp/doc/2026081000041/file_contents/202404nenrei-zentai.pdf
202404,84,288,410,698,https://www.city.urasoe.lg.jp/doc/2026081000041/file_contents/202404nenrei-zentai.pdf
202404,10,662,615,1277,https://www.city.urasoe.lg.jp/doc/2026081000041/file_contents/202404nenrei-zentai.pdf
202404,35,659,711,1370,https://www.city.urasoe.lg.jp/doc/2026081000041/file_contents/202404nenrei-zentai.pdf
202404,60,656,757,1413,https://www.city.urasoe.lg.jp/doc/2026081000041/file_contents/202404nenrei-zentai.pdf
202404,85,259,322,581,https://www.city.urasoe.lg.jp/doc/2026081000041/file_contents/202404nenrei-zentai.pdf
202404,11,696,671,1367,https://www.city.urasoe.lg.jp/doc/2026081000041/file_contents/202404nenrei-zentai.pdf
202404,36,687,648,1335,https://www.city.urasoe.lg.jp/doc/2026081000041/file_contents/202404nenrei-zentai.pdf
202404,61,666,756,1422,https://www.city.urasoe.lg.jp/doc/2026081000041/file_contents/202404nenrei-zentai.pdf
202404,86,226,356,582,https://www.city.urasoe.lg.jp/doc/2026081000041/file_contents/202404nenrei-zentai.pdf
202404,12,690,701,1391,https://www.city.urasoe.lg.jp/doc/2026081000041/file_contents/202404nenrei-zentai.pdf
202404,37,764,755,1519,https://www.city.urasoe.lg.jp/doc/2026081000041/file_contents/202404nenrei-zentai.pdf
202404,62,660,692,1352,https://www.city.urasoe.lg.jp/doc/2026081000041/file_contents/202404nenrei-zentai.pdf
202404,87,165,327,492,https://www.city.urasoe.lg.jp/doc/2026081000041/file_contents/202404nenrei-zentai.pdf
202404,13,653,680,1333,https://www.city.urasoe.lg.jp/doc/2026081000041/file_contents/202404nenrei-zentai.pdf
202404,38,699,717,1416,https://www.city.urasoe.lg.jp/doc/2026081000041/file_contents/202404nenrei-zentai.pdf
202404,63,673,672,1345,https://www.city.urasoe.lg.jp/doc/2026081000041/file_contents/202404nenrei-zentai.pdf
202404,88,182,311,493,https://www.city.urasoe.lg.jp/doc/2026081000041/file_contents/202404nenrei-zentai.pdf
202404,14,737,642,1379,https://www.city.urasoe.lg.jp/doc/2026081000041/file_contents/202404nenrei-zentai.pdf
202404,39,758,807,1565,https://www.city.urasoe.lg.jp/doc/2026081000041/file_contents/202404nenrei-zentai.pdf
202404,64,637,680,1317,https://www.city.urasoe.lg.jp/doc/2026081000041/file_contents/202404nenrei-zentai.pdf
202404,89,139,282,421,https://www.city.urasoe.lg.jp/doc/2026081000041/file_contents/202404nenrei-zentai.pdf
202404,15,696,708,1404,https://www.city.urasoe.lg.jp/doc/2026081000041/file_contents/202404nenrei-zentai.pdf
202404,40,758,764,1522,https://www.city.urasoe.lg.jp/doc/2026081000041/file_contents/202404nenrei-zentai.pdf
202404,65,673,658,1331,https://www.city.urasoe.lg.jp/doc/2026081000041/file_contents/202404nenrei-zentai.pdf
202404,90,91,240,331,https://www.city.urasoe.lg.jp/doc/2026081000041/file_contents/202404nenrei-zentai.pdf
202404,16,691,668,1359,https://www.city.urasoe.lg.jp/doc/2026081000041/file_contents/202404nenrei-zentai.pdf
202404,41,709,740,1449,https://www.city.urasoe.lg.jp/doc/2026081000041/file_contents/202404nenrei-zentai.pdf
202404,66,580,614,1194,https://www.city.urasoe.lg.jp/doc/2026081000041/file_contents/202404nenrei-zentai.pdf
202404,91,94,195,289,https://www.city.urasoe.lg.jp/doc/2026081000041/file_contents/202404nenrei-zentai.pdf
202404,17,719,698,1417,https://www.city.urasoe.lg.jp/doc/2026081000041/file_contents/202404nenrei-zentai.pdf
202404,42,669,750,1419,https://www.city.urasoe.lg.jp/doc/2026081000041/file_contents/202404nenrei-zentai.pdf
202404,67,588,614,1202,https://www.city.urasoe.lg.jp/doc/2026081000041/file_contents/202404nenrei-zentai.pdf
202404,92,59,164,223,https://www.city.urasoe.lg.jp/doc/2026081000041/file_contents/202404nenrei-zentai.pdf
202404,18,623,590,1213,https://www.city.urasoe.lg.jp/doc/2026081000041/file_contents/202404nenrei-zentai.pdf
202404,43,748,754,1502,https://www.city.urasoe.lg.jp/doc/2026081000041/file_contents/202404nenrei-zentai.pdf
202404,68,560,635,1195,https://www.city.urasoe.lg.jp/doc/2026081000041/file_contents/202404nenrei-zentai.pdf
202404,93,52,130,182,https://www.city.urasoe.lg.jp/doc/2026081000041/file_contents/202404nenrei-zentai.pdf
202404,19,639,577,1216,https://www.city.urasoe.lg.jp/doc/2026081000041/file_contents/202404nenrei-zentai.pdf
202404,44,728,771,1499,https://www.city.urasoe.lg.jp/doc/2026081000041/file_contents/202404nenrei-zentai.pdf
202404,69,603,685,1288,https://www.city.urasoe.lg.jp/doc/2026081000041/file_contents/202404nenrei-zentai.pdf
202404,94,35,109,144,https://www.city.urasoe.lg.jp/doc/2026081000041/file_contents/202404nenrei-zentai.pdf
202404,20,677,642,1319,https://www.city.urasoe.lg.jp/doc/2026081000041/file_contents/202404nenrei-zentai.pdf
202404,45,800,796,1596,https://www.city.urasoe.lg.jp/doc/2026081000041/file_contents/202404nenrei-zentai.pdf
202404,70,585,677,1262,https://www.city.urasoe.lg.jp/doc/2026081000041/file_contents/202404nenrei-zentai.pdf
202404,95,31,87,118,https://www.city.urasoe.lg.jp/doc/2026081000041/file_contents/202404nenrei-zentai.pdf
202404,21,674,649,1323,https://www.city.urasoe.lg.jp/doc/2026081000041/file_contents/202404nenrei-zentai.pdf
202404,46,791,792,1583,https://www.city.urasoe.lg.jp/doc/2026081000041/file_contents/202404nenrei-zentai.pdf
202404,71,636,694,1330,https://www.city.urasoe.lg.jp/doc/2026081000041/file_contents/202404nenrei-zentai.pdf
202404,96,19,73,92,https://www.city.urasoe.lg.jp/doc/2026081000041/file_contents/202404nenrei-zentai.pdf
202404,22,638,608,1246,https://www.city.urasoe.lg.jp/doc/2026081000041/file_contents/202404nenrei-zentai.pdf
202404,47,796,841,1637,https://www.city.urasoe.lg.jp/doc/2026081000041/file_contents/202404nenrei-zentai.pdf
202404,72,585,753,1338,https://www.city.urasoe.lg.jp/doc/2026081000041/file_contents/202404nenrei-zentai.pdf
202404,97,9,59,68,https://www.city.urasoe.lg.jp/doc/2026081000041/file_contents/202404nenrei-zentai.pdf
202404,23,621,628,1249,https://www.city.urasoe.lg.jp/doc/2026081000041/file_contents/202404nenrei-zentai.pdf
202404,48,866,876,1742,https://www.city.urasoe.lg.jp/doc/2026081000041/file_contents/202404nenrei-zentai.pdf
202404,73,632,727,1359,https://www.city.urasoe.lg.jp/doc/2026081000041/file_contents/202404nenrei-zentai.pdf
202404,98,0,35,35,https://www.city.urasoe.lg.jp/doc/2026081000041/file_contents/202404nenrei-zentai.pdf
202404,24,611,626,1237,https://www.city.urasoe.lg.jp/doc/2026081000041/file_contents/202404nenrei-zentai.pdf
202404,49,883,950,1833,https://www.city.urasoe.lg.jp/doc/2026081000041/file_contents/202404nenrei-zentai.pdf
202404,74,567,636,1203,https://www.city.urasoe.lg.jp/doc/2026081000041/file_contents/202404nenrei-zentai.pdf
202404,99,2,24,26,https://www.city.urasoe.lg.jp/doc/2026081000041/file_contents/202404nenrei-zentai.pdf
202404,100,7,22,29,https://www.city.urasoe.lg.jp/doc/2026081000041/file_contents/202404nenrei-zentai.pdf
202404,101,5,9,14,https://www.city.urasoe.lg.jp/doc/2026081000041/file_contents/202404nenrei-zentai.pdf
202405,0,526,474,1000,https://www.city.urasoe.lg.jp/doc/2026081000041/file_contents/202405nenrei-zentai.pdf
202405,25,683,594,1277,https://www.city.urasoe.lg.jp/doc/2026081000041/file_contents/202405nenrei-zentai.pdf
202405,50,923,992,1915,https://www.city.urasoe.lg.jp/doc/2026081000041/file_contents/202405nenrei-zentai.pdf
202405,75,548,616,1164,https://www.city.urasoe.lg.jp/doc/2026081000041/file_contents/202405nenrei-zentai.pdf
202405,1,539,516,1055,https://www.city.urasoe.lg.jp/doc/2026081000041/file_contents/202405nenrei-zentai.pdf
202405,26,658,645,1303,https://www.city.urasoe.lg.jp/doc/2026081000041/file_contents/202405nenrei-zentai.pdf
202405,51,902,936,1838,https://www.city.urasoe.lg.jp/doc/2026081000041/file_contents/202405nenrei-zentai.pdf
202405,76,594,661,1255,https://www.city.urasoe.lg.jp/doc/2026081000041/file_contents/202405nenrei-zentai.pdf
202405,2,597,559,1156,https://www.city.urasoe.lg.jp/doc/2026081000041/file_contents/202405nenrei-zentai.pdf
202405,27,651,634,1285,https://www.city.urasoe.lg.jp/doc/2026081000041/file_contents/202405nenrei-zentai.pdf
202405,52,849,855,1704,https://www.city.urasoe.lg.jp/doc/2026081000041/file_contents/202405nenrei-zentai.pdf
202405,77,361,413,774,https://www.city.urasoe.lg.jp/doc/2026081000041/file_contents/202405nenrei-zentai.pdf
202405,3,630,556,1186,https://www.city.urasoe.lg.jp/doc/2026081000041/file_contents/202405nenrei-zentai.pdf
202405,28,618,660,1278,https://www.city.urasoe.lg.jp/doc/2026081000041/file_contents/202405nenrei-zentai.pdf
202405,53,792,861,1653,https://www.city.urasoe.lg.jp/doc/2026081000041/file_contents/202405nenrei-zentai.pdf
202405,78,189,232,421,https://www.city.urasoe.lg.jp/doc/2026081000041/file_contents/202405nenrei-zentai.pdf
202405,4,587,562,1149,https://www.city.urasoe.lg.jp/doc/2026081000041/file_contents/202405nenrei-zentai.pdf
202405,29,629,660,1289,https://www.city.urasoe.lg.jp/doc/2026081000041/file_contents/202405nenrei-zentai.pdf
202405,54,808,792,1600,https://www.city.urasoe.lg.jp/doc/2026081000041/file_contents/202405nenrei-zentai.pdf
202405,79,248,353,601,https://www.city.urasoe.lg.jp/doc/2026081000041/file_contents/202405nenrei-zentai.pdf
202405,5,597,570,1167,https://www.city.urasoe.lg.jp/doc/2026081000041/file_contents/202405nenrei-zentai.pdf
202405,30,639,646,1285,https://www.city.urasoe.lg.jp/doc/2026081000041/file_contents/202405nenrei-zentai.pdf
202405,55,827,879,1706,https://www.city.urasoe.lg.jp/doc/2026081000041/file_contents/202405nenrei-zentai.pdf
202405,80,347,437,784,https://www.city.urasoe.lg.jp/doc/2026081000041/file_contents/202405nenrei-zentai.pdf
202405,6,626,571,1197,https://www.city.urasoe.lg.jp/doc/2026081000041/file_contents/202405nenrei-zentai.pdf
202405,31,626,640,1266,https://www.city.urasoe.lg.jp/doc/2026081000041/file_contents/202405nenrei-zentai.pdf
202405,56,786,877,1663,https://www.city.urasoe.lg.jp/doc/2026081000041/file_contents/202405nenrei-zentai.pdf
202405,81,293,421,714,https://www.city.urasoe.lg.jp/doc/2026081000041/file_contents/202405nenrei-zentai.pdf
202405,7,622,642,1264,https://www.city.urasoe.lg.jp/doc/2026081000041/file_contents/202405nenrei-zentai.pdf
202405,32,665,690,1355,https://www.city.urasoe.lg.jp/doc/2026081000041/file_contents/202405nenrei-zentai.pdf
202405,57,713,739,1452,https://www.city.urasoe.lg.jp/doc/2026081000041/file_contents/202405nenrei-zentai.pdf
202405,82,314,423,737,https://www.city.urasoe.lg.jp/doc/2026081000041/file_contents/202405nenrei-zentai.pdf
202405,8,637,622,1259,https://www.city.urasoe.lg.jp/doc/2026081000041/file_contents/202405nenrei-zentai.pdf
202405,33,639,674,1313,https://www.city.urasoe.lg.jp/doc/2026081000041/file_contents/202405nenrei-zentai.pdf
202405,58,635,680,1315,https://www.city.urasoe.lg.jp/doc/2026081000041/file_contents/202405nenrei-zentai.pdf
202405,83,321,391,712,https://www.city.urasoe.lg.jp/doc/2026081000041/file_contents/202405nenrei-zentai.pdf
202405,9,648,643,1291,https://www.city.urasoe.lg.jp/doc/2026081000041/file_contents/202405nenrei-zentai.pdf
202405,34,638,684,1322,https://www.city.urasoe.lg.jp/doc/2026081000041/file_contents/202405nenrei-zentai.pdf
202405,59,662,729,1391,https://www.city.urasoe.lg.jp/doc/2026081000041/file_contents/202405nenrei-zentai.pdf
202405,84,276,417,693,https://www.city.urasoe.lg.jp/doc/2026081000041/file_contents/202405nenrei-zentai.pdf
202405,10,669,605,1274,https://www.city.urasoe.lg.jp/doc/2026081000041/file_contents/202405nenrei-zentai.pdf
202405,35,685,708,1393,https://www.city.urasoe.lg.jp/doc/2026081000041/file_contents/202405nenrei-zentai.pdf
202405,60,648,760,1408,https://www.city.urasoe.lg.jp/doc/2026081000041/file_contents/202405nenrei-zentai.pdf
202405,85,265,331,596,https://www.city.urasoe.lg.jp/doc/2026081000041/file_contents/202405nenrei-zentai.pdf
202405,11,685,681,1366,https://www.city.urasoe.lg.jp/doc/2026081000041/file_contents/202405nenrei-zentai.pdf
202405,36,675,659,1334,https://www.city.urasoe.lg.jp/doc/2026081000041/file_contents/202405nenrei-zentai.pdf
202405,61,684,757,1441,https://www.city.urasoe.lg.jp/doc/2026081000041/file_contents/202405nenrei-zentai.pdf
202405,86,223,355,578,https://www.city.urasoe.lg.jp/doc/2026081000041/file_contents/202405nenrei-zentai.pdf
202405,12,686,699,1385,https://www.city.urasoe.lg.jp/doc/2026081000041/file_contents/202405nenrei-zentai.pdf
202405,37,761,746,1507,https://www.city.urasoe.lg.jp/doc/2026081000041/file_contents/202405nenrei-zentai.pdf
202405,62,646,690,1336,https://www.city.urasoe.lg.jp/doc/2026081000041/file_contents/202405nenrei-zentai.pdf
202405,87,172,322,494,https://www.city.urasoe.lg.jp/doc/2026081000041/file_contents/202405nenrei-zentai.pdf
202405,13,658,682,1340,https://www.city.urasoe.lg.jp/doc/2026081000041/file_contents/202405nenrei-zentai.pdf
202405,38,715,716,1431,https://www.city.urasoe.lg.jp/doc/2026081000041/file_contents/202405nenrei-zentai.pdf
202405,63,673,669,1342,https://www.city.urasoe.lg.jp/doc/2026081000041/file_contents/202405nenrei-zentai.pdf
202405,88,176,314,490,https://www.city.urasoe.lg.jp/doc/2026081000041/file_contents/202405nenrei-zentai.pdf
202405,14,730,630,1360,https://www.city.urasoe.lg.jp/doc/2026081000041/file_contents/202405nenrei-zentai.pdf
202405,39,756,813,1569,https://www.city.urasoe.lg.jp/doc/2026081000041/file_contents/202405nenrei-zentai.pdf
202405,64,631,697,1328,https://www.city.urasoe.lg.jp/doc/2026081000041/file_contents/202405nenrei-zentai.pdf
202405,89,146,283,429,https://www.city.urasoe.lg.jp/doc/2026081000041/file_contents/202405nenrei-zentai.pdf
202405,15,720,722,1442,https://www.city.urasoe.lg.jp/doc/2026081000041/file_contents/202405nenrei-zentai.pdf
202405,40,750,766,1516,https://www.city.urasoe.lg.jp/doc/2026081000041/file_contents/202405nenrei-zentai.pdf
202405,65,674,661,1335,https://www.city.urasoe.lg.jp/doc/2026081000041/file_contents/202405nenrei-zentai.pdf
202405,90,91,236,327,https://www.city.urasoe.lg.jp/doc/2026081000041/file_contents/202405nenrei-zentai.pdf
202405,16,677,660,1337,https://www.city.urasoe.lg.jp/doc/2026081000041/file_contents/202405nenrei-zentai.pdf
202405,41,713,745,1458,https://www.city.urasoe.lg.jp/doc/2026081000041/file_contents/202405nenrei-zentai.pdf
202405,66,599,608,1207,https://www.city.urasoe.lg.jp/doc/2026081000041/file_contents/202405nenrei-zentai.pdf
202405,91,96,201,297,https://www.city.urasoe.lg.jp/doc/2026081000041/file_contents/202405nenrei-zentai.pdf
202405,17,717,688,1405,https://www.city.urasoe.lg.jp/doc/2026081000041/file_contents/202405nenrei-zentai.pdf
202405,42,678,718,1396,https://www.city.urasoe.lg.jp/doc/2026081000041/file_contents/202405nenrei-zentai.pdf
202405,67,573,612,1185,https://www.city.urasoe.lg.jp/doc/2026081000041/file_contents/202405nenrei-zentai.pdf
202405,92,58,163,221,https://www.city.urasoe.lg.jp/doc/2026081000041/file_contents/202405nenrei-zentai.pdf
202405,18,645,614,1259,https://www.city.urasoe.lg.jp/doc/2026081000041/file_contents/202405nenrei-zentai.pdf
202405,43,735,770,1505,https://www.city.urasoe.lg.jp/doc/2026081000041/file_contents/202405nenrei-zentai.pdf
202405,68,570,623,1193,https://www.city.urasoe.lg.jp/doc/2026081000041/file_contents/202405nenrei-zentai.pdf
202405,93,52,131,183,https://www.city.urasoe.lg.jp/doc/2026081000041/file_contents/202405nenrei-zentai.pdf
202405,19,626,578,1204,https://www.city.urasoe.lg.jp/doc/2026081000041/file_contents/202405nenrei-zentai.pdf
202405,44,739,769,1508,https://www.city.urasoe.lg.jp/doc/2026081000041/file_contents/202405nenrei-zentai.pdf
202405,69,593,696,1289,https://www.city.urasoe.lg.jp/doc/2026081000041/file_contents/202405nenrei-zentai.pdf
202405,94,38,112,150,https://www.city.urasoe.lg.jp/doc/2026081000041/file_contents/202405nenrei-zentai.pdf
202405,20,665,638,1303,https://www.city.urasoe.lg.jp/doc/2026081000041/file_contents/202405nenrei-zentai.pdf
202405,45,800,794,1594,https://www.city.urasoe.lg.jp/doc/2026081000041/file_contents/202405nenrei-zentai.pdf
202405,70,588,684,1272,https://www.city.urasoe.lg.jp/doc/2026081000041/file_contents/202405nenrei-zentai.pdf
202405,95,29,85,114,https://www.city.urasoe.lg.jp/doc/2026081000041/file_contents/202405nenrei-zentai.pdf
202405,21,682,659,1341,https://www.city.urasoe.lg.jp/doc/2026081000041/file_contents/202405nenrei-zentai.pdf
202405,46,784,791,1575,https://www.city.urasoe.lg.jp/doc/2026081000041/file_contents/202405nenrei-zentai.pdf
202405,71,635,688,1323,https://www.city.urasoe.lg.jp/doc/2026081000041/file_contents/202405nenrei-zentai.pdf
202405,96,16,78,94,https://www.city.urasoe.lg.jp/doc/2026081000041/file_contents/202405nenrei-zentai.pdf
202405,22,656,631,1287,https://www.city.urasoe.lg.jp/doc/2026081000041/file_contents/202405nenrei-zentai.pdf
202405,47,804,849,1653,https://www.city.urasoe.lg.jp/doc/2026081000041/file_contents/202405nenrei-zentai.pdf
202405,72,579,745,1324,https://www.city.urasoe.lg.jp/doc/2026081000041/file_contents/202405nenrei-zentai.pdf
202405,97,11,53,64,https://www.city.urasoe.lg.jp/doc/2026081000041/file_contents/202405nenrei-zentai.pdf
202405,23,621,638,1259,https://www.city.urasoe.lg.jp/doc/2026081000041/file_contents/202405nenrei-zentai.pdf
202405,48,846,856,1702,https://www.city.urasoe.lg.jp/doc/2026081000041/file_contents/202405nenrei-zentai.pdf
202405,73,621,711,1332,https://www.city.urasoe.lg.jp/doc/2026081000041/file_contents/202405nenrei-zentai.pdf
202405,98,1,39,40,https://www.city.urasoe.lg.jp/doc/2026081000041/file_contents/202405nenrei-zentai.pdf
202405,24,600,624,1224,https://www.city.urasoe.lg.jp/doc/2026081000041/file_contents/202405nenrei-zentai.pdf
202405,49,890,961,1851,https://www.city.urasoe.lg.jp/doc/2026081000041/file_contents/202405nenrei-zentai.pdf
202405,74,571,651,1222,https://www.city.urasoe.lg.jp/doc/2026081000041/file_contents/202405nenrei-zentai.pdf
202405,99,1,20,21,https://www.city.urasoe.lg.jp/doc/2026081000041/file_contents/202405nenrei-zentai.pdf
202405,100,7,24,31,https://www.city.urasoe.lg.jp/doc/2026081000041/file_contents/202405nenrei-zentai.pdf
202405,101,5,10,15,https://www.city.urasoe.lg.jp/doc/2026081000041/file_contents/202405nenrei-zentai.pdf
202406,0,502,469,971,https://www.city.urasoe.lg.jp/doc/2026081000041/file_contents/202406nenrei-zentai.pdf
202406,25,664,607,1271,https://www.city.urasoe.lg.jp/doc/2026081000041/file_contents/202406nenrei-zentai.pdf
202406,50,923,986,1909,https://www.city.urasoe.lg.jp/doc/2026081000041/file_contents/202406nenrei-zentai.pdf
202406,75,545,599,1144,https://www.city.urasoe.lg.jp/doc/2026081000041/file_contents/202406nenrei-zentai.pdf
202406,1,542,525,1067,https://www.city.urasoe.lg.jp/doc/2026081000041/file_contents/202406nenrei-zentai.pdf
202406,26,667,629,1296,https://www.city.urasoe.lg.jp/doc/2026081000041/file_contents/202406nenrei-zentai.pdf
202406,51,908,935,1843,https://www.city.urasoe.lg.jp/doc/2026081000041/file_contents/202406nenrei-zentai.pdf
202406,76,580,659,1239,https://www.city.urasoe.lg.jp/doc/2026081000041/file_contents/202406nenrei-zentai.pdf
202406,2,587,543,1130,https://www.city.urasoe.lg.jp/doc/2026081000041/file_contents/202406nenrei-zentai.pdf
202406,27,639,654,1293,https://www.city.urasoe.lg.jp/doc/2026081000041/file_contents/202406nenrei-zentai.pdf
202406,52,857,851,1708,https://www.city.urasoe.lg.jp/doc/2026081000041/file_contents/202406nenrei-zentai.pdf
202406,77,375,429,804,https://www.city.urasoe.lg.jp/doc/2026081000041/file_contents/202406nenrei-zentai.pdf
202406,3,634,562,1196,https://www.city.urasoe.lg.jp/doc/2026081000041/file_contents/202406nenrei-zentai.pdf
202406,28,635,651,1286,https://www.city.urasoe.lg.jp/doc/2026081000041/file_contents/202406nenrei-zentai.pdf
202406,53,789,883,1672,https://www.city.urasoe.lg.jp/doc/2026081000041/file_contents/202406nenrei-zentai.pdf
202406,78,193,242,435,https://www.city.urasoe.lg.jp/doc/2026081000041/file_contents/202406nenrei-zentai.pdf
202406,4,567,557,1124,https://www.city.urasoe.lg.jp/doc/2026081000041/file_contents/202406nenrei-zentai.pdf
202406,29,618,660,1278,https://www.city.urasoe.lg.jp/doc/2026081000041/file_contents/202406nenrei-zentai.pdf
202406,54,814,799,1613,https://www.city.urasoe.lg.jp/doc/2026081000041/file_contents/202406nenrei-zentai.pdf
202406,79,241,345,586,https://www.city.urasoe.lg.jp/doc/2026081000041/file_contents/202406nenrei-zentai.pdf
202406,5,608,570,1178,https://www.city.urasoe.lg.jp/doc/2026081000041/file_contents/202406nenrei-zentai.pdf
202406,30,655,641,1296,https://www.city.urasoe.lg.jp/doc/2026081000041/file_contents/202406nenrei-zentai.pdf
202406,55,823,865,1688,https://www.city.urasoe.lg.jp/doc/2026081000041/file_contents/202406nenrei-zentai.pdf
202406,80,348,429,777,https://www.city.urasoe.lg.jp/doc/2026081000041/file_contents/202406nenrei-zentai.pdf
202406,6,623,560,1183,https://www.city.urasoe.lg.jp/doc/2026081000041/file_contents/202406nenrei-zentai.pdf
202406,31,616,656,1272,https://www.city.urasoe.lg.jp/doc/2026081000041/file_contents/202406nenrei-zentai.pdf
202406,56,782,867,1649,https://www.city.urasoe.lg.jp/doc/2026081000041/file_contents/202406nenrei-zentai.pdf
202406,81,292,424,716,https://www.city.urasoe.lg.jp/doc/2026081000041/file_contents/202406nenrei-zentai.pdf
202406,7,637,644,1281,https://www.city.urasoe.lg.jp/doc/2026081000041/file_contents/202406nenrei-zentai.pdf
202406,32,654,676,1330,https://www.city.urasoe.lg.jp/doc/2026081000041/file_contents/202406nenrei-zentai.pdf
202406,57,742,772,1514,https://www.city.urasoe.lg.jp/doc/2026081000041/file_contents/202406nenrei-zentai.pdf
202406,82,313,412,725,https://www.city.urasoe.lg.jp/doc/2026081000041/file_contents/202406nenrei-zentai.pdf
202406,8,629,615,1244,https://www.city.urasoe.lg.jp/doc/2026081000041/file_contents/202406nenrei-zentai.pdf
202406,33,654,679,1333,https://www.city.urasoe.lg.jp/doc/2026081000041/file_contents/202406nenrei-zentai.pdf
202406,58,624,663,1287,https://www.city.urasoe.lg.jp/doc/2026081000041/file_contents/202406nenrei-zentai.pdf
202406,83,321,402,723,https://www.city.urasoe.lg.jp/doc/2026081000041/file_contents/202406nenrei-zentai.pdf
202406,9,647,666,1313,https://www.city.urasoe.lg.jp/doc/2026081000041/file_contents/202406nenrei-zentai.pdf
202406,34,637,685,1322,https://www.city.urasoe.lg.jp/doc/2026081000041/file_contents/202406nenrei-zentai.pdf
202406,59,666,736,1402,https://www.city.urasoe.lg.jp/doc/2026081000041/file_contents/202406nenrei-zentai.pdf
202406,84,281,407,688,https://www.city.urasoe.lg.jp/doc/2026081000041/file_contents/202406nenrei-zentai.pdf
202406,10,672,594,1266,https://www.city.urasoe.lg.jp/doc/2026081000041/file_contents/202406nenrei-zentai.pdf
202406,35,666,696,1362,https://www.city.urasoe.lg.jp/doc/2026081000041/file_contents/202406nenrei-zentai.pdf
202406,60,668,756,1424,https://www.city.urasoe.lg.jp/doc/2026081000041/file_contents/202406nenrei-zentai.pdf
202406,85,262,341,603,https://www.city.urasoe.lg.jp/doc/2026081000041/file_contents/202406nenrei-zentai.pdf
202406,11,687,672,1359,https://www.city.urasoe.lg.jp/doc/2026081000041/file_contents/202406nenrei-zentai.pdf
202406,36,673,674,1347,https://www.city.urasoe.lg.jp/doc/2026081000041/file_contents/202406nenrei-zentai.pdf
202406,61,660,758,1418,https://www.city.urasoe.lg.jp/doc/2026081000041/file_contents/202406nenrei-zentai.pdf
202406,86,228,347,575,https://www.city.urasoe.lg.jp/doc/2026081000041/file_contents/202406nenrei-zentai.pdf
202406,12,694,706,1400,https://www.city.urasoe.lg.jp/doc/2026081000041/file_contents/202406nenrei-zentai.pdf
202406,37,756,733,1489,https://www.city.urasoe.lg.jp/doc/2026081000041/file_contents/202406nenrei-zentai.pdf
202406,62,647,694,1341,https://www.city.urasoe.lg.jp/doc/2026081000041/file_contents/202406nenrei-zentai.pdf
202406,87,176,335,511,https://www.city.urasoe.lg.jp/doc/2026081000041/file_contents/202406nenrei-zentai.pdf
202406,13,655,667,1322,https://www.city.urasoe.lg.jp/doc/2026081000041/file_contents/202406nenrei-zentai.pdf
202406,38,711,715,1426,https://www.city.urasoe.lg.jp/doc/2026081000041/file_contents/202406nenrei-zentai.pdf
202406,63,683,673,1356,https://www.city.urasoe.lg.jp/doc/2026081000041/file_contents/202406nenrei-zentai.pdf
202406,88,173,309,482,https://www.city.urasoe.lg.jp/doc/2026081000041/file_contents/202406nenrei-zentai.pdf
202406,14,718,645,1363,https://www.city.urasoe.lg.jp/doc/2026081000041/file_contents/202406nenrei-zentai.pdf
202406,39,757,822,1579,https://www.city.urasoe.lg.jp/doc/2026081000041/file_contents/202406nenrei-zentai.pdf
202406,64,637,701,1338,https://www.city.urasoe.lg.jp/doc/2026081000041/file_contents/202406nenrei-zentai.pdf
202406,89,149,283,432,https://www.city.urasoe.lg.jp/doc/2026081000041/file_contents/202406nenrei-zentai.pdf
202406,15,716,699,1415,https://www.city.urasoe.lg.jp/doc/2026081000041/file_contents/202406nenrei-zentai.pdf
202406,40,758,787,1545,https://www.city.urasoe.lg.jp/doc/2026081000041/file_contents/202406nenrei-zentai.pdf
202406,65,668,661,1329,https://www.city.urasoe.lg.jp/doc/2026081000041/file_contents/202406nenrei-zentai.pdf
202406,90,93,241,334,https://www.city.urasoe.lg.jp/doc/2026081000041/file_contents/202406nenrei-zentai.pdf
202406,16,687,682,1369,https://www.city.urasoe.lg.jp/doc/2026081000041/file_contents/202406nenrei-zentai.pdf
202406,41,722,718,1440,https://www.city.urasoe.lg.jp/doc/2026081000041/file_contents/202406nenrei-zentai.pdf
202406,66,604,599,1203,https://www.city.urasoe.lg.jp/doc/2026081000041/file_contents/202406nenrei-zentai.pdf
202406,91,95,205,300,https://www.city.urasoe.lg.jp/doc/2026081000041/file_contents/202406nenrei-zentai.pdf
202406,17,717,677,1394,https://www.city.urasoe.lg.jp/doc/2026081000041/file_contents/202406nenrei-zentai.pdf
202406,42,686,737,1423,https://www.city.urasoe.lg.jp/doc/2026081000041/file_contents/202406nenrei-zentai.pdf
202406,67,580,630,1210,https://www.city.urasoe.lg.jp/doc/2026081000041/file_contents/202406nenrei-zentai.pdf
202406,92,62,157,219,https://www.city.urasoe.lg.jp/doc/2026081000041/file_contents/202406nenrei-zentai.pdf
202406,18,650,631,1281,https://www.city.urasoe.lg.jp/doc/2026081000041/file_contents/202406nenrei-zentai.pdf
202406,43,725,760,1485,https://www.city.urasoe.lg.jp/doc/2026081000041/file_contents/202406nenrei-zentai.pdf
202406,68,561,611,1172,https://www.city.urasoe.lg.jp/doc/2026081000041/file_contents/202406nenrei-zentai.pdf
202406,93,49,130,179,https://www.city.urasoe.lg.jp/doc/2026081000041/file_contents/202406nenrei-zentai.pdf
202406,19,621,561,1182,https://www.city.urasoe.lg.jp/doc/2026081000041/file_contents/202406nenrei-zentai.pdf
202406,44,719,778,1497,https://www.city.urasoe.lg.jp/doc/2026081000041/file_contents/202406nenrei-zentai.pdf
202406,69,605,694,1299,https://www.city.urasoe.lg.jp/doc/2026081000041/file_contents/202406nenrei-zentai.pdf
202406,94,41,114,155,https://www.city.urasoe.lg.jp/doc/2026081000041/file_contents/202406nenrei-zentai.pdf
202406,20,653,655,1308,https://www.city.urasoe.lg.jp/doc/2026081000041/file_contents/202406nenrei-zentai.pdf
202406,45,810,794,1604,https://www.city.urasoe.lg.jp/doc/2026081000041/file_contents/202406nenrei-zentai.pdf
202406,70,574,684,1258,https://www.city.urasoe.lg.jp/doc/2026081000041/file_contents/202406nenrei-zentai.pdf
202406,95,29,87,116,https://www.city.urasoe.lg.jp/doc/2026081000041/file_contents/202406nenrei-zentai.pdf
202406,21,672,647,1319,https://www.city.urasoe.lg.jp/doc/2026081000041/file_contents/202406nenrei-zentai.pdf
202406,46,769,779,1548,https://www.city.urasoe.lg.jp/doc/2026081000041/file_contents/202406nenrei-zentai.pdf
202406,71,643,679,1322,https://www.city.urasoe.lg.jp/doc/2026081000041/file_contents/202406nenrei-zentai.pdf
202406,96,17,75,92,https://www.city.urasoe.lg.jp/doc/2026081000041/file_contents/202406nenrei-zentai.pdf
202406,22,656,622,1278,https://www.city.urasoe.lg.jp/doc/2026081000041/file_contents/202406nenrei-zentai.pdf
202406,47,810,855,1665,https://www.city.urasoe.lg.jp/doc/2026081000041/file_contents/202406nenrei-zentai.pdf
202406,72,571,736,1307,https://www.city.urasoe.lg.jp/doc/2026081000041/file_contents/202406nenrei-zentai.pdf
202406,97,9,56,65,https://www.city.urasoe.lg.jp/doc/2026081000041/file_contents/202406nenrei-zentai.pdf
202406,23,638,640,1278,https://www.city.urasoe.lg.jp/doc/2026081000041/file_contents/202406nenrei-zentai.pdf
202406,48,842,854,1696,https://www.city.urasoe.lg.jp/doc/2026081000041/file_contents/202406nenrei-zentai.pdf
202406,73,614,723,1337,https://www.city.urasoe.lg.jp/doc/2026081000041/file_contents/202406nenrei-zentai.pdf
202406,98,2,39,41,https://www.city.urasoe.lg.jp/doc/2026081000041/file_contents/202406nenrei-zentai.pdf
202406,24,605,630,1235,https://www.city.urasoe.lg.jp/doc/2026081000041/file_contents/202406nenrei-zentai.pdf
202406,49,890,947,1837,https://www.city.urasoe.lg.jp/doc/2026081000041/file_contents/202406nenrei-zentai.pdf
202406,74,583,669,1252,https://www.city.urasoe.lg.jp/doc/2026081000041/file_contents/202406nenrei-zentai.pdf
202406,99,1,21,22,https://www.city.urasoe.lg.jp/doc/2026081000041/file_contents/202406nenrei-zentai.pdf
202406,100,7,25,32,https://www.city.urasoe.lg.jp/doc/2026081000041/file_contents/202406nenrei-zentai.pdf
202406,101,4,9,13,https://www.city.urasoe.lg.jp/doc/2026081000041/file_contents/202406nenrei-zentai.pdf
202407,0,501,467,968,https://www.city.urasoe.lg.jp/doc/2026081000041/file_contents/202407nenrei-zentai.pdf
202407,25,652,592,1244,https://www.city.urasoe.lg.jp/doc/2026081000041/file_contents/202407nenrei-zentai.pdf
202407,50,902,992,1894,https://www.city.urasoe.lg.jp/doc/2026081000041/file_contents/202407nenrei-zentai.pdf
202407,75,538,589,1127,https://www.city.urasoe.lg.jp/doc/2026081000041/file_contents/202407nenrei-zentai.pdf
202407,1,545,528,1073,https://www.city.urasoe.lg.jp/doc/2026081000041/file_contents/202407nenrei-zentai.pdf
202407,26,678,633,1311,https://www.city.urasoe.lg.jp/doc/2026081000041/file_contents/202407nenrei-zentai.pdf
202407,51,919,932,1851,https://www.city.urasoe.lg.jp/doc/2026081000041/file_contents/202407nenrei-zentai.pdf
202407,76,578,650,1228,https://www.city.urasoe.lg.jp/doc/2026081000041/file_contents/202407nenrei-zentai.pdf
202407,2,579,546,1125,https://www.city.urasoe.lg.jp/doc/2026081000041/file_contents/202407nenrei-zentai.pdf
202407,27,632,672,1304,https://www.city.urasoe.lg.jp/doc/2026081000041/file_contents/202407nenrei-zentai.pdf
202407,52,849,862,1711,https://www.city.urasoe.lg.jp/doc/2026081000041/file_contents/202407nenrei-zentai.pdf
202407,77,399,463,862,https://www.city.urasoe.lg.jp/doc/2026081000041/file_contents/202407nenrei-zentai.pdf
202407,3,640,552,1192,https://www.city.urasoe.lg.jp/doc/2026081000041/file_contents/202407nenrei-zentai.pdf
202407,28,653,649,1302,https://www.city.urasoe.lg.jp/doc/2026081000041/file_contents/202407nenrei-zentai.pdf
202407,53,801,879,1680,https://www.city.urasoe.lg.jp/doc/2026081000041/file_contents/202407nenrei-zentai.pdf
202407,78,194,243,437,https://www.city.urasoe.lg.jp/doc/2026081000041/file_contents/202407nenrei-zentai.pdf
202407,4,568,568,1136,https://www.city.urasoe.lg.jp/doc/2026081000041/file_contents/202407nenrei-zentai.pdf
202407,29,618,660,1278,https://www.city.urasoe.lg.jp/doc/2026081000041/file_contents/202407nenrei-zentai.pdf
202407,54,816,808,1624,https://www.city.urasoe.lg.jp/doc/2026081000041/file_contents/202407nenrei-zentai.pdf
202407,79,225,336,561,https://www.city.urasoe.lg.jp/doc/2026081000041/file_contents/202407nenrei-zentai.pdf
202407,5,604,552,1156,https://www.city.urasoe.lg.jp/doc/2026081000041/file_contents/202407nenrei-zentai.pdf
202407,30,666,657,1323,https://www.city.urasoe.lg.jp/doc/2026081000041/file_contents/202407nenrei-zentai.pdf
202407,55,818,856,1674,https://www.city.urasoe.lg.jp/doc/2026081000041/file_contents/202407nenrei-zentai.pdf
202407,80,348,407,755,https://www.city.urasoe.lg.jp/doc/2026081000041/file_contents/202407nenrei-zentai.pdf
202407,6,625,561,1186,https://www.city.urasoe.lg.jp/doc/2026081000041/file_contents/202407nenrei-zentai.pdf
202407,31,613,657,1270,https://www.city.urasoe.lg.jp/doc/2026081000041/file_contents/202407nenrei-zentai.pdf
202407,56,786,872,1658,https://www.city.urasoe.lg.jp/doc/2026081000041/file_contents/202407nenrei-zentai.pdf
202407,81,283,431,714,https://www.city.urasoe.lg.jp/doc/2026081000041/file_contents/202407nenrei-zentai.pdf
202407,7,642,636,1278,https://www.city.urasoe.lg.jp/doc/2026081000041/file_contents/202407nenrei-zentai.pdf
202407,32,655,673,1328,https://www.city.urasoe.lg.jp/doc/2026081000041/file_contents/202407nenrei-zentai.pdf
202407,57,763,780,1543,https://www.city.urasoe.lg.jp/doc/2026081000041/file_contents/202407nenrei-zentai.pdf
202407,82,311,403,714,https://www.city.urasoe.lg.jp/doc/2026081000041/file_contents/202407nenrei-zentai.pdf
202407,8,630,621,1251,https://www.city.urasoe.lg.jp/doc/2026081000041/file_contents/202407nenrei-zentai.pdf
202407,33,640,671,1311,https://www.city.urasoe.lg.jp/doc/2026081000041/file_contents/202407nenrei-zentai.pdf
202407,58,611,680,1291,https://www.city.urasoe.lg.jp/doc/2026081000041/file_contents/202407nenrei-zentai.pdf
202407,83,313,423,736,https://www.city.urasoe.lg.jp/doc/2026081000041/file_contents/202407nenrei-zentai.pdf
202407,9,633,663,1296,https://www.city.urasoe.lg.jp/doc/2026081000041/file_contents/202407nenrei-zentai.pdf
202407,34,665,686,1351,https://www.city.urasoe.lg.jp/doc/2026081000041/file_contents/202407nenrei-zentai.pdf
202407,59,663,719,1382,https://www.city.urasoe.lg.jp/doc/2026081000041/file_contents/202407nenrei-zentai.pdf
202407,84,286,397,683,https://www.city.urasoe.lg.jp/doc/2026081000041/file_contents/202407nenrei-zentai.pdf
202407,10,674,607,1281,https://www.city.urasoe.lg.jp/doc/2026081000041/file_contents/202407nenrei-zentai.pdf
202407,35,653,702,1355,https://www.city.urasoe.lg.jp/doc/2026081000041/file_contents/202407nenrei-zentai.pdf
202407,60,689,763,1452,https://www.city.urasoe.lg.jp/doc/2026081000041/file_contents/202407nenrei-zentai.pdf
202407,85,257,350,607,https://www.city.urasoe.lg.jp/doc/2026081000041/file_contents/202407nenrei-zentai.pdf
202407,11,687,642,1329,https://www.city.urasoe.lg.jp/doc/2026081000041/file_contents/202407nenrei-zentai.pdf
202407,36,672,656,1328,https://www.city.urasoe.lg.jp/doc/2026081000041/file_contents/202407nenrei-zentai.pdf
202407,61,647,762,1409,https://www.city.urasoe.lg.jp/doc/2026081000041/file_contents/202407nenrei-zentai.pdf
202407,86,240,339,579,https://www.city.urasoe.lg.jp/doc/2026081000041/file_contents/202407nenrei-zentai.pdf
202407,12,695,706,1401,https://www.city.urasoe.lg.jp/doc/2026081000041/file_contents/202407nenrei-zentai.pdf
202407,37,758,731,1489,https://www.city.urasoe.lg.jp/doc/2026081000041/file_contents/202407nenrei-zentai.pdf
202407,62,649,685,1334,https://www.city.urasoe.lg.jp/doc/2026081000041/file_contents/202407nenrei-zentai.pdf
202407,87,171,322,493,https://www.city.urasoe.lg.jp/doc/2026081000041/file_contents/202407nenrei-zentai.pdf
202407,13,661,686,1347,https://www.city.urasoe.lg.jp/doc/2026081000041/file_contents/202407nenrei-zentai.pdf
202407,38,709,723,1432,https://www.city.urasoe.lg.jp/doc/2026081000041/file_contents/202407nenrei-zentai.pdf
202407,63,694,687,1381,https://www.city.urasoe.lg.jp/doc/2026081000041/file_contents/202407nenrei-zentai.pdf
202407,88,163,320,483,https://www.city.urasoe.lg.jp/doc/2026081000041/file_contents/202407nenrei-zentai.pdf
202407,14,703,633,1336,https://www.city.urasoe.lg.jp/doc/2026081000041/file_contents/202407nenrei-zentai.pdf
202407,39,747,810,1557,https://www.city.urasoe.lg.jp/doc/2026081000041/file_contents/202407nenrei-zentai.pdf
202407,64,633,686,1319,https://www.city.urasoe.lg.jp/doc/2026081000041/file_contents/202407nenrei-zentai.pdf
202407,89,161,278,439,https://www.city.urasoe.lg.jp/doc/2026081000041/file_contents/202407nenrei-zentai.pdf
202407,15,720,703,1423,https://www.city.urasoe.lg.jp/doc/2026081000041/file_contents/202407nenrei-zentai.pdf
202407,40,743,793,1536,https://www.city.urasoe.lg.jp/doc/2026081000041/file_contents/202407nenrei-zentai.pdf
202407,65,664,656,1320,https://www.city.urasoe.lg.jp/doc/2026081000041/file_contents/202407nenrei-zentai.pdf
202407,90,91,242,333,https://www.city.urasoe.lg.jp/doc/2026081000041/file_contents/202407nenrei-zentai.pdf
202407,16,684,693,1377,https://www.city.urasoe.lg.jp/doc/2026081000041/file_contents/202407nenrei-zentai.pdf
202407,41,739,718,1457,https://www.city.urasoe.lg.jp/doc/2026081000041/file_contents/202407nenrei-zentai.pdf
202407,66,601,627,1228,https://www.city.urasoe.lg.jp/doc/2026081000041/file_contents/202407nenrei-zentai.pdf
202407,91,95,200,295,https://www.city.urasoe.lg.jp/doc/2026081000041/file_contents/202407nenrei-zentai.pdf
202407,17,724,667,1391,https://www.city.urasoe.lg.jp/doc/2026081000041/file_contents/202407nenrei-zentai.pdf
202407,42,705,731,1436,https://www.city.urasoe.lg.jp/doc/2026081000041/file_contents/202407nenrei-zentai.pdf
202407,67,595,628,1223,https://www.city.urasoe.lg.jp/doc/2026081000041/file_contents/202407nenrei-zentai.pdf
202407,92,61,166,227,https://www.city.urasoe.lg.jp/doc/2026081000041/file_contents/202407nenrei-zentai.pdf
202407,18,660,648,1308,https://www.city.urasoe.lg.jp/doc/2026081000041/file_contents/202407nenrei-zentai.pdf
202407,43,725,770,1495,https://www.city.urasoe.lg.jp/doc/2026081000041/file_contents/202407nenrei-zentai.pdf
202407,68,559,603,1162,https://www.city.urasoe.lg.jp/doc/2026081000041/file_contents/202407nenrei-zentai.pdf
202407,93,49,127,176,https://www.city.urasoe.lg.jp/doc/2026081000041/file_contents/202407nenrei-zentai.pdf
202407,19,626,571,1197,https://www.city.urasoe.lg.jp/doc/2026081000041/file_contents/202407nenrei-zentai.pdf
202407,44,716,785,1501,https://www.city.urasoe.lg.jp/doc/2026081000041/file_contents/202407nenrei-zentai.pdf
202407,69,603,688,1291,https://www.city.urasoe.lg.jp/doc/2026081000041/file_contents/202407nenrei-zentai.pdf
202407,94,42,108,150,https://www.city.urasoe.lg.jp/doc/2026081000041/file_contents/202407nenrei-zentai.pdf
202407,20,651,641,1292,https://www.city.urasoe.lg.jp/doc/2026081000041/file_contents/202407nenrei-zentai.pdf
202407,45,804,767,1571,https://www.city.urasoe.lg.jp/doc/2026081000041/file_contents/202407nenrei-zentai.pdf
202407,70,573,677,1250,https://www.city.urasoe.lg.jp/doc/2026081000041/file_contents/202407nenrei-zentai.pdf
202407,95,28,87,115,https://www.city.urasoe.lg.jp/doc/2026081000041/file_contents/202407nenrei-zentai.pdf
202407,21,684,654,1338,https://www.city.urasoe.lg.jp/doc/2026081000041/file_contents/202407nenrei-zentai.pdf
202407,46,777,787,1564,https://www.city.urasoe.lg.jp/doc/2026081000041/file_contents/202407nenrei-zentai.pdf
202407,71,634,696,1330,https://www.city.urasoe.lg.jp/doc/2026081000041/file_contents/202407nenrei-zentai.pdf
202407,96,17,78,95,https://www.city.urasoe.lg.jp/doc/2026081000041/file_contents/202407nenrei-zentai.pdf
202407,22,663,636,1299,https://www.city.urasoe.lg.jp/doc/2026081000041/file_contents/202407nenrei-zentai.pdf
202407,47,808,855,1663,https://www.city.urasoe.lg.jp/doc/2026081000041/file_contents/202407nenrei-zentai.pdf
202407,72,574,719,1293,https://www.city.urasoe.lg.jp/doc/2026081000041/file_contents/202407nenrei-zentai.pdf
202407,97,10,59,69,https://www.city.urasoe.lg.jp/doc/2026081000041/file_contents/202407nenrei-zentai.pdf
202407,23,639,639,1278,https://www.city.urasoe.lg.jp/doc/2026081000041/file_contents/202407nenrei-zentai.pdf
202407,48,832,840,1672,https://www.city.urasoe.lg.jp/doc/2026081000041/file_contents/202407nenrei-zentai.pdf
202407,73,606,720,1326,https://www.city.urasoe.lg.jp/doc/2026081000041/file_contents/202407nenrei-zentai.pdf
202407,98,2,41,43,https://www.city.urasoe.lg.jp/doc/2026081000041/file_contents/202407nenrei-zentai.pdf
202407,24,614,634,1248,https://www.city.urasoe.lg.jp/doc/2026081000041/file_contents/202407nenrei-zentai.pdf
202407,49,903,945,1848,https://www.city.urasoe.lg.jp/doc/2026081000041/file_contents/202407nenrei-zentai.pdf
202407,74,588,681,1269,https://www.city.urasoe.lg.jp/doc/2026081000041/file_contents/202407nenrei-zentai.pdf
202407,99,1,20,21,https://www.city.urasoe.lg.jp/doc/2026081000041/file_contents/202407nenrei-zentai.pdf
202407,100,6,24,30,https://www.city.urasoe.lg.jp/doc/2026081000041/file_contents/202407nenrei-zentai.pdf
202407,101,3,9,12,https://www.city.urasoe.lg.jp/doc/2026081000041/file_contents/202407nenrei-zentai.pdf
202408,0,505,470,975,https://www.city.urasoe.lg.jp/doc/2026081000041/file_contents/202408nenrei-zentai.pdf
202408,25,652,582,1234,https://www.city.urasoe.lg.jp/doc/2026081000041/file_contents/202408nenrei-zentai.pdf
202408,50,917,992,1909,https://www.city.urasoe.lg.jp/doc/2026081000041/file_contents/202408nenrei-zentai.pdf
202408,75,537,590,1127,https://www.city.urasoe.lg.jp/doc/2026081000041/file_contents/202408nenrei-zentai.pdf
202408,1,515,526,1041,https://www.city.urasoe.lg.jp/doc/2026081000041/file_contents/202408nenrei-zentai.pdf
202408,26,686,651,1337,https://www.city.urasoe.lg.jp/doc/2026081000041/file_contents/202408nenrei-zentai.pdf
202408,51,909,938,1847,https://www.city.urasoe.lg.jp/doc/2026081000041/file_contents/202408nenrei-zentai.pdf
202408,76,569,654,1223,https://www.city.urasoe.lg.jp/doc/2026081000041/file_contents/202408nenrei-zentai.pdf
202408,2,582,543,1125,https://www.city.urasoe.lg.jp/doc/2026081000041/file_contents/202408nenrei-zentai.pdf
202408,27,621,653,1274,https://www.city.urasoe.lg.jp/doc/2026081000041/file_contents/202408nenrei-zentai.pdf
202408,52,870,861,1731,https://www.city.urasoe.lg.jp/doc/2026081000041/file_contents/202408nenrei-zentai.pdf
202408,77,430,486,916,https://www.city.urasoe.lg.jp/doc/2026081000041/file_contents/202408nenrei-zentai.pdf
202408,3,639,549,1188,https://www.city.urasoe.lg.jp/doc/2026081000041/file_contents/202408nenrei-zentai.pdf
202408,28,646,630,1276,https://www.city.urasoe.lg.jp/doc/2026081000041/file_contents/202408nenrei-zentai.pdf
202408,53,799,885,1684,https://www.city.urasoe.lg.jp/doc/2026081000041/file_contents/202408nenrei-zentai.pdf
202408,78,201,244,445,https://www.city.urasoe.lg.jp/doc/2026081000041/file_contents/202408nenrei-zentai.pdf
202408,4,577,587,1164,https://www.city.urasoe.lg.jp/doc/2026081000041/file_contents/202408nenrei-zentai.pdf
202408,29,627,679,1306,https://www.city.urasoe.lg.jp/doc/2026081000041/file_contents/202408nenrei-zentai.pdf
202408,54,794,826,1620,https://www.city.urasoe.lg.jp/doc/2026081000041/file_contents/202408nenrei-zentai.pdf
202408,79,218,328,546,https://www.city.urasoe.lg.jp/doc/2026081000041/file_contents/202408nenrei-zentai.pdf
202408,5,600,547,1147,https://www.city.urasoe.lg.jp/doc/2026081000041/file_contents/202408nenrei-zentai.pdf
202408,30,650,657,1307,https://www.city.urasoe.lg.jp/doc/2026081000041/file_contents/202408nenrei-zentai.pdf
202408,55,830,842,1672,https://www.city.urasoe.lg.jp/doc/2026081000041/file_contents/202408nenrei-zentai.pdf
202408,80,330,396,726,https://www.city.urasoe.lg.jp/doc/2026081000041/file_contents/202408nenrei-zentai.pdf
202408,6,629,545,1174,https://www.city.urasoe.lg.jp/doc/2026081000041/file_contents/202408nenrei-zentai.pdf
202408,31,612,661,1273,https://www.city.urasoe.lg.jp/doc/2026081000041/file_contents/202408nenrei-zentai.pdf
202408,56,792,883,1675,https://www.city.urasoe.lg.jp/doc/2026081000041/file_contents/202408nenrei-zentai.pdf
202408,81,291,432,723,https://www.city.urasoe.lg.jp/doc/2026081000041/file_contents/202408nenrei-zentai.pdf
202408,7,638,627,1265,https://www.city.urasoe.lg.jp/doc/2026081000041/file_contents/202408nenrei-zentai.pdf
202408,32,652,658,1310,https://www.city.urasoe.lg.jp/doc/2026081000041/file_contents/202408nenrei-zentai.pdf
202408,57,781,798,1579,https://www.city.urasoe.lg.jp/doc/2026081000041/file_contents/202408nenrei-zentai.pdf
202408,82,309,403,712,https://www.city.urasoe.lg.jp/doc/2026081000041/file_contents/202408nenrei-zentai.pdf
202408,8,628,630,1258,https://www.city.urasoe.lg.jp/doc/2026081000041/file_contents/202408nenrei-zentai.pdf
202408,33,656,677,1333,https://www.city.urasoe.lg.jp/doc/2026081000041/file_contents/202408nenrei-zentai.pdf
202408,58,605,659,1264,https://www.city.urasoe.lg.jp/doc/2026081000041/file_contents/202408nenrei-zentai.pdf
202408,83,318,421,739,https://www.city.urasoe.lg.jp/doc/2026081000041/file_contents/202408nenrei-zentai.pdf
202408,9,618,662,1280,https://www.city.urasoe.lg.jp/doc/2026081000041/file_contents/202408nenrei-zentai.pdf
202408,34,666,682,1348,https://www.city.urasoe.lg.jp/doc/2026081000041/file_contents/202408nenrei-zentai.pdf
202408,59,664,732,1396,https://www.city.urasoe.lg.jp/doc/2026081000041/file_contents/202408nenrei-zentai.pdf
202408,84,277,414,691,https://www.city.urasoe.lg.jp/doc/2026081000041/file_contents/202408nenrei-zentai.pdf
202408,10,678,606,1284,https://www.city.urasoe.lg.jp/doc/2026081000041/file_contents/202408nenrei-zentai.pdf
202408,35,644,687,1331,https://www.city.urasoe.lg.jp/doc/2026081000041/file_contents/202408nenrei-zentai.pdf
202408,60,691,741,1432,https://www.city.urasoe.lg.jp/doc/2026081000041/file_contents/202408nenrei-zentai.pdf
202408,85,264,352,616,https://www.city.urasoe.lg.jp/doc/2026081000041/file_contents/202408nenrei-zentai.pdf
202408,11,683,638,1321,https://www.city.urasoe.lg.jp/doc/2026081000041/file_contents/202408nenrei-zentai.pdf
202408,36,673,664,1337,https://www.city.urasoe.lg.jp/doc/2026081000041/file_contents/202408nenrei-zentai.pdf
202408,61,654,779,1433,https://www.city.urasoe.lg.jp/doc/2026081000041/file_contents/202408nenrei-zentai.pdf
202408,86,236,337,573,https://www.city.urasoe.lg.jp/doc/2026081000041/file_contents/202408nenrei-zentai.pdf
202408,12,701,708,1409,https://www.city.urasoe.lg.jp/doc/2026081000041/file_contents/202408nenrei-zentai.pdf
202408,37,764,726,1490,https://www.city.urasoe.lg.jp/doc/2026081000041/file_contents/202408nenrei-zentai.pdf
202408,62,634,691,1325,https://www.city.urasoe.lg.jp/doc/2026081000041/file_contents/202408nenrei-zentai.pdf
202408,87,171,325,496,https://www.city.urasoe.lg.jp/doc/2026081000041/file_contents/202408nenrei-zentai.pdf
202408,13,660,689,1349,https://www.city.urasoe.lg.jp/doc/2026081000041/file_contents/202408nenrei-zentai.pdf
202408,38,693,719,1412,https://www.city.urasoe.lg.jp/doc/2026081000041/file_contents/202408nenrei-zentai.pdf
202408,63,703,696,1399,https://www.city.urasoe.lg.jp/doc/2026081000041/file_contents/202408nenrei-zentai.pdf
202408,88,169,320,489,https://www.city.urasoe.lg.jp/doc/2026081000041/file_contents/202408nenrei-zentai.pdf
202408,14,698,643,1341,https://www.city.urasoe.lg.jp/doc/2026081000041/file_contents/202408nenrei-zentai.pdf
202408,39,761,800,1561,https://www.city.urasoe.lg.jp/doc/2026081000041/file_contents/202408nenrei-zentai.pdf
202408,64,623,686,1309,https://www.city.urasoe.lg.jp/doc/2026081000041/file_contents/202408nenrei-zentai.pdf
202408,89,159,268,427,https://www.city.urasoe.lg.jp/doc/2026081000041/file_contents/202408nenrei-zentai.pdf
202408,15,723,688,1411,https://www.city.urasoe.lg.jp/doc/2026081000041/file_contents/202408nenrei-zentai.pdf
202408,40,747,797,1544,https://www.city.urasoe.lg.jp/doc/2026081000041/file_contents/202408nenrei-zentai.pdf
202408,65,665,640,1305,https://www.city.urasoe.lg.jp/doc/2026081000041/file_contents/202408nenrei-zentai.pdf
202408,90,91,249,340,https://www.city.urasoe.lg.jp/doc/2026081000041/file_contents/202408nenrei-zentai.pdf
202408,16,694,686,1380,https://www.city.urasoe.lg.jp/doc/2026081000041/file_contents/202408nenrei-zentai.pdf
202408,41,734,709,1443,https://www.city.urasoe.lg.jp/doc/2026081000041/file_contents/202408nenrei-zentai.pdf
202408,66,607,646,1253,https://www.city.urasoe.lg.jp/doc/2026081000041/file_contents/202408nenrei-zentai.pdf
202408,91,95,198,293,https://www.city.urasoe.lg.jp/doc/2026081000041/file_contents/202408nenrei-zentai.pdf
202408,17,721,666,1387,https://www.city.urasoe.lg.jp/doc/2026081000041/file_contents/202408nenrei-zentai.pdf
202408,42,715,732,1447,https://www.city.urasoe.lg.jp/doc/2026081000041/file_contents/202408nenrei-zentai.pdf
202408,67,590,625,1215,https://www.city.urasoe.lg.jp/doc/2026081000041/file_contents/202408nenrei-zentai.pdf
202408,92,66,170,236,https://www.city.urasoe.lg.jp/doc/2026081000041/file_contents/202408nenrei-zentai.pdf
202408,18,657,670,1327,https://www.city.urasoe.lg.jp/doc/2026081000041/file_contents/202408nenrei-zentai.pdf
202408,43,713,759,1472,https://www.city.urasoe.lg.jp/doc/2026081000041/file_contents/202408nenrei-zentai.pdf
202408,68,563,608,1171,https://www.city.urasoe.lg.jp/doc/2026081000041/file_contents/202408nenrei-zentai.pdf
202408,93,43,133,176,https://www.city.urasoe.lg.jp/doc/2026081000041/file_contents/202408nenrei-zentai.pdf
202408,19,626,550,1176,https://www.city.urasoe.lg.jp/doc/2026081000041/file_contents/202408nenrei-zentai.pdf
202408,44,721,805,1526,https://www.city.urasoe.lg.jp/doc/2026081000041/file_contents/202408nenrei-zentai.pdf
202408,69,594,679,1273,https://www.city.urasoe.lg.jp/doc/2026081000041/file_contents/202408nenrei-zentai.pdf
202408,94,45,106,151,https://www.city.urasoe.lg.jp/doc/2026081000041/file_contents/202408nenrei-zentai.pdf
202408,20,648,644,1292,https://www.city.urasoe.lg.jp/doc/2026081000041/file_contents/202408nenrei-zentai.pdf
202408,45,796,747,1543,https://www.city.urasoe.lg.jp/doc/2026081000041/file_contents/202408nenrei-zentai.pdf
202408,70,572,687,1259,https://www.city.urasoe.lg.jp/doc/2026081000041/file_contents/202408nenrei-zentai.pdf
202408,95,32,85,117,https://www.city.urasoe.lg.jp/doc/2026081000041/file_contents/202408nenrei-zentai.pdf
202408,21,690,670,1360,https://www.city.urasoe.lg.jp/doc/2026081000041/file_contents/202408nenrei-zentai.pdf
202408,46,776,792,1568,https://www.city.urasoe.lg.jp/doc/2026081000041/file_contents/202408nenrei-zentai.pdf
202408,71,632,684,1316,https://www.city.urasoe.lg.jp/doc/2026081000041/file_contents/202408nenrei-zentai.pdf
202408,96,15,78,93,https://www.city.urasoe.lg.jp/doc/2026081000041/file_contents/202408nenrei-zentai.pdf
202408,22,664,625,1289,https://www.city.urasoe.lg.jp/doc/2026081000041/file_contents/202408nenrei-zentai.pdf
202408,47,790,832,1622,https://www.city.urasoe.lg.jp/doc/2026081000041/file_contents/202408nenrei-zentai.pdf
202408,72,581,713,1294,https://www.city.urasoe.lg.jp/doc/2026081000041/file_contents/202408nenrei-zentai.pdf
202408,97,9,61,70,https://www.city.urasoe.lg.jp/doc/2026081000041/file_contents/202408nenrei-zentai.pdf
202408,23,630,636,1266,https://www.city.urasoe.lg.jp/doc/2026081000041/file_contents/202408nenrei-zentai.pdf
202408,48,834,854,1688,https://www.city.urasoe.lg.jp/doc/2026081000041/file_contents/202408nenrei-zentai.pdf
202408,73,602,724,1326,https://www.city.urasoe.lg.jp/doc/2026081000041/file_contents/202408nenrei-zentai.pdf
202408,98,2,43,45,https://www.city.urasoe.lg.jp/doc/2026081000041/file_contents/202408nenrei-zentai.pdf
202408,24,619,659,1278,https://www.city.urasoe.lg.jp/doc/2026081000041/file_contents/202408nenrei-zentai.pdf
202408,49,891,936,1827,https://www.city.urasoe.lg.jp/doc/2026081000041/file_contents/202408nenrei-zentai.pdf
202408,74,592,686,1278,https://www.city.urasoe.lg.jp/doc/2026081000041/file_contents/202408nenrei-zentai.pdf
202408,99,1,21,22,https://www.city.urasoe.lg.jp/doc/2026081000041/file_contents/202408nenrei-zentai.pdf
202408,100,5,23,28,https://www.city.urasoe.lg.jp/doc/2026081000041/file_contents/202408nenrei-zentai.pdf
202408,101,4,10,14,https://www.city.urasoe.lg.jp/doc/2026081000041/file_contents/202408nenrei-zentai.pdf
202409,0,510,476,986,https://www.city.urasoe.lg.jp/doc/2026081000041/file_contents/202409nenrei-zentai.pdf
202409,25,650,609,1259,https://www.city.urasoe.lg.jp/doc/2026081000041/file_contents/202409nenrei-zentai.pdf
202409,50,929,983,1912,https://www.city.urasoe.lg.jp/doc/2026081000041/file_contents/202409nenrei-zentai.pdf
202409,75,543,603,1146,https://www.city.urasoe.lg.jp/doc/2026081000041/file_contents/202409nenrei-zentai.pdf
202409,1,497,492,989,https://www.city.urasoe.lg.jp/doc/2026081000041/file_contents/202409nenrei-zentai.pdf
202409,26,675,647,1322,https://www.city.urasoe.lg.jp/doc/2026081000041/file_contents/202409nenrei-zentai.pdf
202409,51,897,964,1861,https://www.city.urasoe.lg.jp/doc/2026081000041/file_contents/202409nenrei-zentai.pdf
202409,76,557,650,1207,https://www.city.urasoe.lg.jp/doc/2026081000041/file_contents/202409nenrei-zentai.pdf
202409,2,601,562,1163,https://www.city.urasoe.lg.jp/doc/2026081000041/file_contents/202409nenrei-zentai.pdf
202409,27,627,654,1281,https://www.city.urasoe.lg.jp/doc/2026081000041/file_contents/202409nenrei-zentai.pdf
202409,52,870,847,1717,https://www.city.urasoe.lg.jp/doc/2026081000041/file_contents/202409nenrei-zentai.pdf
202409,77,460,513,973,https://www.city.urasoe.lg.jp/doc/2026081000041/file_contents/202409nenrei-zentai.pdf
202409,3,609,547,1156,https://www.city.urasoe.lg.jp/doc/2026081000041/file_contents/202409nenrei-zentai.pdf
202409,28,643,631,1274,https://www.city.urasoe.lg.jp/doc/2026081000041/file_contents/202409nenrei-zentai.pdf
202409,53,808,884,1692,https://www.city.urasoe.lg.jp/doc/2026081000041/file_contents/202409nenrei-zentai.pdf
202409,78,204,250,454,https://www.city.urasoe.lg.jp/doc/2026081000041/file_contents/202409nenrei-zentai.pdf
202409,4,607,589,1196,https://www.city.urasoe.lg.jp/doc/2026081000041/file_contents/202409nenrei-zentai.pdf
202409,29,632,659,1291,https://www.city.urasoe.lg.jp/doc/2026081000041/file_contents/202409nenrei-zentai.pdf
202409,54,810,837,1647,https://www.city.urasoe.lg.jp/doc/2026081000041/file_contents/202409nenrei-zentai.pdf
202409,79,213,312,525,https://www.city.urasoe.lg.jp/doc/2026081000041/file_contents/202409nenrei-zentai.pdf
202409,5,580,556,1136,https://www.city.urasoe.lg.jp/doc/2026081000041/file_contents/202409nenrei-zentai.pdf
202409,30,646,642,1288,https://www.city.urasoe.lg.jp/doc/2026081000041/file_contents/202409nenrei-zentai.pdf
202409,55,800,817,1617,https://www.city.urasoe.lg.jp/doc/2026081000041/file_contents/202409nenrei-zentai.pdf
202409,80,325,403,728,https://www.city.urasoe.lg.jp/doc/2026081000041/file_contents/202409nenrei-zentai.pdf
202409,6,637,535,1172,https://www.city.urasoe.lg.jp/doc/2026081000041/file_contents/202409nenrei-zentai.pdf
202409,31,620,667,1287,https://www.city.urasoe.lg.jp/doc/2026081000041/file_contents/202409nenrei-zentai.pdf
202409,56,804,881,1685,https://www.city.urasoe.lg.jp/doc/2026081000041/file_contents/202409nenrei-zentai.pdf
202409,81,300,427,727,https://www.city.urasoe.lg.jp/doc/2026081000041/file_contents/202409nenrei-zentai.pdf
202409,7,644,620,1264,https://www.city.urasoe.lg.jp/doc/2026081000041/file_contents/202409nenrei-zentai.pdf
202409,32,649,656,1305,https://www.city.urasoe.lg.jp/doc/2026081000041/file_contents/202409nenrei-zentai.pdf
202409,57,798,832,1630,https://www.city.urasoe.lg.jp/doc/2026081000041/file_contents/202409nenrei-zentai.pdf
202409,82,303,406,709,https://www.city.urasoe.lg.jp/doc/2026081000041/file_contents/202409nenrei-zentai.pdf
202409,8,619,640,1259,https://www.city.urasoe.lg.jp/doc/2026081000041/file_contents/202409nenrei-zentai.pdf
202409,33,651,691,1342,https://www.city.urasoe.lg.jp/doc/2026081000041/file_contents/202409nenrei-zentai.pdf
202409,58,603,657,1260,https://www.city.urasoe.lg.jp/doc/2026081000041/file_contents/202409nenrei-zentai.pdf
202409,83,307,426,733,https://www.city.urasoe.lg.jp/doc/2026081000041/file_contents/202409nenrei-zentai.pdf
202409,9,638,655,1293,https://www.city.urasoe.lg.jp/doc/2026081000041/file_contents/202409nenrei-zentai.pdf
202409,34,659,681,1340,https://www.city.urasoe.lg.jp/doc/2026081000041/file_contents/202409nenrei-zentai.pdf
202409,59,677,737,1414,https://www.city.urasoe.lg.jp/doc/2026081000041/file_contents/202409nenrei-zentai.pdf
202409,84,278,408,686,https://www.city.urasoe.lg.jp/doc/2026081000041/file_contents/202409nenrei-zentai.pdf
202409,10,666,597,1263,https://www.city.urasoe.lg.jp/doc/2026081000041/file_contents/202409nenrei-zentai.pdf
202409,35,652,680,1332,https://www.city.urasoe.lg.jp/doc/2026081000041/file_contents/202409nenrei-zentai.pdf
202409,60,673,735,1408,https://www.city.urasoe.lg.jp/doc/2026081000041/file_contents/202409nenrei-zentai.pdf
202409,85,270,353,623,https://www.city.urasoe.lg.jp/doc/2026081000041/file_contents/202409nenrei-zentai.pdf
202409,11,668,643,1311,https://www.city.urasoe.lg.jp/doc/2026081000041/file_contents/202409nenrei-zentai.pdf
202409,36,675,682,1357,https://www.city.urasoe.lg.jp/doc/2026081000041/file_contents/202409nenrei-zentai.pdf
202409,61,663,785,1448,https://www.city.urasoe.lg.jp/doc/2026081000041/file_contents/202409nenrei-zentai.pdf
202409,86,239,342,581,https://www.city.urasoe.lg.jp/doc/2026081000041/file_contents/202409nenrei-zentai.pdf
202409,12,700,705,1405,https://www.city.urasoe.lg.jp/doc/2026081000041/file_contents/202409nenrei-zentai.pdf
202409,37,744,706,1450,https://www.city.urasoe.lg.jp/doc/2026081000041/file_contents/202409nenrei-zentai.pdf
202409,62,626,683,1309,https://www.city.urasoe.lg.jp/doc/2026081000041/file_contents/202409nenrei-zentai.pdf
202409,87,172,326,498,https://www.city.urasoe.lg.jp/doc/2026081000041/file_contents/202409nenrei-zentai.pdf
202409,13,671,686,1357,https://www.city.urasoe.lg.jp/doc/2026081000041/file_contents/202409nenrei-zentai.pdf
202409,38,703,737,1440,https://www.city.urasoe.lg.jp/doc/2026081000041/file_contents/202409nenrei-zentai.pdf
202409,63,702,714,1416,https://www.city.urasoe.lg.jp/doc/2026081000041/file_contents/202409nenrei-zentai.pdf
202409,88,171,318,489,https://www.city.urasoe.lg.jp/doc/2026081000041/file_contents/202409nenrei-zentai.pdf
202409,14,699,656,1355,https://www.city.urasoe.lg.jp/doc/2026081000041/file_contents/202409nenrei-zentai.pdf
202409,39,746,787,1533,https://www.city.urasoe.lg.jp/doc/2026081000041/file_contents/202409nenrei-zentai.pdf
202409,64,639,668,1307,https://www.city.urasoe.lg.jp/doc/2026081000041/file_contents/202409nenrei-zentai.pdf
202409,89,154,255,409,https://www.city.urasoe.lg.jp/doc/2026081000041/file_contents/202409nenrei-zentai.pdf
202409,15,729,672,1401,https://www.city.urasoe.lg.jp/doc/2026081000041/file_contents/202409nenrei-zentai.pdf
202409,40,753,778,1531,https://www.city.urasoe.lg.jp/doc/2026081000041/file_contents/202409nenrei-zentai.pdf
202409,65,654,650,1304,https://www.city.urasoe.lg.jp/doc/2026081000041/file_contents/202409nenrei-zentai.pdf
202409,90,94,263,357,https://www.city.urasoe.lg.jp/doc/2026081000041/file_contents/202409nenrei-zentai.pdf
202409,16,685,693,1378,https://www.city.urasoe.lg.jp/doc/2026081000041/file_contents/202409nenrei-zentai.pdf
202409,41,749,713,1462,https://www.city.urasoe.lg.jp/doc/2026081000041/file_contents/202409nenrei-zentai.pdf
202409,66,616,652,1268,https://www.city.urasoe.lg.jp/doc/2026081000041/file_contents/202409nenrei-zentai.pdf
202409,91,100,196,296,https://www.city.urasoe.lg.jp/doc/2026081000041/file_contents/202409nenrei-zentai.pdf
202409,17,719,668,1387,https://www.city.urasoe.lg.jp/doc/2026081000041/file_contents/202409nenrei-zentai.pdf
202409,42,696,736,1432,https://www.city.urasoe.lg.jp/doc/2026081000041/file_contents/202409nenrei-zentai.pdf
202409,67,591,629,1220,https://www.city.urasoe.lg.jp/doc/2026081000041/file_contents/202409nenrei-zentai.pdf
202409,92,62,171,233,https://www.city.urasoe.lg.jp/doc/2026081000041/file_contents/202409nenrei-zentai.pdf
202409,18,679,672,1351,https://www.city.urasoe.lg.jp/doc/2026081000041/file_contents/202409nenrei-zentai.pdf
202409,43,723,764,1487,https://www.city.urasoe.lg.jp/doc/2026081000041/file_contents/202409nenrei-zentai.pdf
202409,68,559,607,1166,https://www.city.urasoe.lg.jp/doc/2026081000041/file_contents/202409nenrei-zentai.pdf
202409,93,45,138,183,https://www.city.urasoe.lg.jp/doc/2026081000041/file_contents/202409nenrei-zentai.pdf
202409,19,611,553,1164,https://www.city.urasoe.lg.jp/doc/2026081000041/file_contents/202409nenrei-zentai.pdf
202409,44,714,780,1494,https://www.city.urasoe.lg.jp/doc/2026081000041/file_contents/202409nenrei-zentai.pdf
202409,69,593,660,1253,https://www.city.urasoe.lg.jp/doc/2026081000041/file_contents/202409nenrei-zentai.pdf
202409,94,46,109,155,https://www.city.urasoe.lg.jp/doc/2026081000041/file_contents/202409nenrei-zentai.pdf
202409,20,646,637,1283,https://www.city.urasoe.lg.jp/doc/2026081000041/file_contents/202409nenrei-zentai.pdf
202409,45,795,767,1562,https://www.city.urasoe.lg.jp/doc/2026081000041/file_contents/202409nenrei-zentai.pdf
202409,70,584,700,1284,https://www.city.urasoe.lg.jp/doc/2026081000041/file_contents/202409nenrei-zentai.pdf
202409,95,31,84,115,https://www.city.urasoe.lg.jp/doc/2026081000041/file_contents/202409nenrei-zentai.pdf
202409,21,684,653,1337,https://www.city.urasoe.lg.jp/doc/2026081000041/file_contents/202409nenrei-zentai.pdf
202409,46,789,790,1579,https://www.city.urasoe.lg.jp/doc/2026081000041/file_contents/202409nenrei-zentai.pdf
202409,71,613,666,1279,https://www.city.urasoe.lg.jp/doc/2026081000041/file_contents/202409nenrei-zentai.pdf
202409,96,15,75,90,https://www.city.urasoe.lg.jp/doc/2026081000041/file_contents/202409nenrei-zentai.pdf
202409,22,660,628,1288,https://www.city.urasoe.lg.jp/doc/2026081000041/file_contents/202409nenrei-zentai.pdf
202409,47,777,824,1601,https://www.city.urasoe.lg.jp/doc/2026081000041/file_contents/202409nenrei-zentai.pdf
202409,72,594,724,1318,https://www.city.urasoe.lg.jp/doc/2026081000041/file_contents/202409nenrei-zentai.pdf
202409,97,10,62,72,https://www.city.urasoe.lg.jp/doc/2026081000041/file_contents/202409nenrei-zentai.pdf
202409,23,640,655,1295,https://www.city.urasoe.lg.jp/doc/2026081000041/file_contents/202409nenrei-zentai.pdf
202409,48,815,862,1677,https://www.city.urasoe.lg.jp/doc/2026081000041/file_contents/202409nenrei-zentai.pdf
202409,73,577,719,1296,https://www.city.urasoe.lg.jp/doc/2026081000041/file_contents/202409nenrei-zentai.pdf
202409,98,2,42,44,https://www.city.urasoe.lg.jp/doc/2026081000041/file_contents/202409nenrei-zentai.pdf
202409,24,618,650,1268,https://www.city.urasoe.lg.jp/doc/2026081000041/file_contents/202409nenrei-zentai.pdf
202409,49,893,922,1815,https://www.city.urasoe.lg.jp/doc/2026081000041/file_contents/202409nenrei-zentai.pdf
202409,74,603,677,1280,https://www.city.urasoe.lg.jp/doc/2026081000041/file_contents/202409nenrei-zentai.pdf
202409,99,1,22,23,https://www.city.urasoe.lg.jp/doc/2026081000041/file_contents/202409nenrei-zentai.pdf
202409,100,4,23,27,https://www.city.urasoe.lg.jp/doc/2026081000041/file_contents/202409nenrei-zentai.pdf
202409,101,4,9,13,https://www.city.urasoe.lg.jp/doc/2026081000041/file_contents/202409nenrei-zentai.pdf
202410,0,516,487,1003,https://www.city.urasoe.lg.jp/doc/2026081000041/file_contents/202410nenrei-zentai.pdf
202410,25,661,589,1250,https://www.city.urasoe.lg.jp/doc/2026081000041/file_contents/202410nenrei-zentai.pdf
202410,50,931,1003,1934,https://www.city.urasoe.lg.jp/doc/2026081000041/file_contents/202410nenrei-zentai.pdf
202410,75,560,605,1165,https://www.city.urasoe.lg.jp/doc/2026081000041/file_contents/202410nenrei-zentai.pdf
202410,1,500,499,999,https://www.city.urasoe.lg.jp/doc/2026081000041/file_contents/202410nenrei-zentai.pdf
202410,26,671,659,1330,https://www.city.urasoe.lg.jp/doc/2026081000041/file_contents/202410nenrei-zentai.pdf
202410,51,891,951,1842,https://www.city.urasoe.lg.jp/doc/2026081000041/file_contents/202410nenrei-zentai.pdf
202410,76,555,648,1203,https://www.city.urasoe.lg.jp/doc/2026081000041/file_contents/202410nenrei-zentai.pdf
202410,2,590,556,1146,https://www.city.urasoe.lg.jp/doc/2026081000041/file_contents/202410nenrei-zentai.pdf
202410,27,626,665,1291,https://www.city.urasoe.lg.jp/doc/2026081000041/file_contents/202410nenrei-zentai.pdf
202410,52,877,851,1728,https://www.city.urasoe.lg.jp/doc/2026081000041/file_contents/202410nenrei-zentai.pdf
202410,77,474,537,1011,https://www.city.urasoe.lg.jp/doc/2026081000041/file_contents/202410nenrei-zentai.pdf
202410,3,614,528,1142,https://www.city.urasoe.lg.jp/doc/2026081000041/file_contents/202410nenrei-zentai.pdf
202410,28,661,637,1298,https://www.city.urasoe.lg.jp/doc/2026081000041/file_contents/202410nenrei-zentai.pdf
202410,53,819,881,1700,https://www.city.urasoe.lg.jp/doc/2026081000041/file_contents/202410nenrei-zentai.pdf
202410,78,216,266,482,https://www.city.urasoe.lg.jp/doc/2026081000041/file_contents/202410nenrei-zentai.pdf
202410,4,603,593,1196,https://www.city.urasoe.lg.jp/doc/2026081000041/file_contents/202410nenrei-zentai.pdf
202410,29,624,649,1273,https://www.city.urasoe.lg.jp/doc/2026081000041/file_contents/202410nenrei-zentai.pdf
202410,54,814,849,1663,https://www.city.urasoe.lg.jp/doc/2026081000041/file_contents/202410nenrei-zentai.pdf
202410,79,210,294,504,https://www.city.urasoe.lg.jp/doc/2026081000041/file_contents/202410nenrei-zentai.pdf
202410,5,583,553,1136,https://www.city.urasoe.lg.jp/doc/2026081000041/file_contents/202410nenrei-zentai.pdf
202410,30,644,655,1299,https://www.city.urasoe.lg.jp/doc/2026081000041/file_contents/202410nenrei-zentai.pdf
202410,55,807,802,1609,https://www.city.urasoe.lg.jp/doc/2026081000041/file_contents/202410nenrei-zentai.pdf
202410,80,307,411,718,https://www.city.urasoe.lg.jp/doc/2026081000041/file_contents/202410nenrei-zentai.pdf
202410,6,627,548,1175,https://www.city.urasoe.lg.jp/doc/2026081000041/file_contents/202410nenrei-zentai.pdf
202410,31,614,668,1282,https://www.city.urasoe.lg.jp/doc/2026081000041/file_contents/202410nenrei-zentai.pdf
202410,56,789,882,1671,https://www.city.urasoe.lg.jp/doc/2026081000041/file_contents/202410nenrei-zentai.pdf
202410,81,315,422,737,https://www.city.urasoe.lg.jp/doc/2026081000041/file_contents/202410nenrei-zentai.pdf
202410,7,635,610,1245,https://www.city.urasoe.lg.jp/doc/2026081000041/file_contents/202410nenrei-zentai.pdf
202410,32,639,647,1286,https://www.city.urasoe.lg.jp/doc/2026081000041/file_contents/202410nenrei-zentai.pdf
202410,57,825,836,1661,https://www.city.urasoe.lg.jp/doc/2026081000041/file_contents/202410nenrei-zentai.pdf
202410,82,298,401,699,https://www.city.urasoe.lg.jp/doc/2026081000041/file_contents/202410nenrei-zentai.pdf
202410,8,625,637,1262,https://www.city.urasoe.lg.jp/doc/2026081000041/file_contents/202410nenrei-zentai.pdf
202410,33,658,711,1369,https://www.city.urasoe.lg.jp/doc/2026081000041/file_contents/202410nenrei-zentai.pdf
202410,58,608,660,1268,https://www.city.urasoe.lg.jp/doc/2026081000041/file_contents/202410nenrei-zentai.pdf
202410,83,305,430,735,https://www.city.urasoe.lg.jp/doc/2026081000041/file_contents/202410nenrei-zentai.pdf
202410,9,632,663,1295,https://www.city.urasoe.lg.jp/doc/2026081000041/file_contents/202410nenrei-zentai.pdf
202410,34,647,659,1306,https://www.city.urasoe.lg.jp/doc/2026081000041/file_contents/202410nenrei-zentai.pdf
202410,59,653,736,1389,https://www.city.urasoe.lg.jp/doc/2026081000041/file_contents/202410nenrei-zentai.pdf
202410,84,276,400,676,https://www.city.urasoe.lg.jp/doc/2026081000041/file_contents/202410nenrei-zentai.pdf
202410,10,656,590,1246,https://www.city.urasoe.lg.jp/doc/2026081000041/file_contents/202410nenrei-zentai.pdf
202410,35,670,680,1350,https://www.city.urasoe.lg.jp/doc/2026081000041/file_contents/202410nenrei-zentai.pdf
202410,60,678,724,1402,https://www.city.urasoe.lg.jp/doc/2026081000041/file_contents/202410nenrei-zentai.pdf
202410,85,270,363,633,https://www.city.urasoe.lg.jp/doc/2026081000041/file_contents/202410nenrei-zentai.pdf
202410,11,681,635,1316,https://www.city.urasoe.lg.jp/doc/2026081000041/file_contents/202410nenrei-zentai.pdf
202410,36,670,698,1368,https://www.city.urasoe.lg.jp/doc/2026081000041/file_contents/202410nenrei-zentai.pdf
202410,61,671,784,1455,https://www.city.urasoe.lg.jp/doc/2026081000041/file_contents/202410nenrei-zentai.pdf
202410,86,245,326,571,https://www.city.urasoe.lg.jp/doc/2026081000041/file_contents/202410nenrei-zentai.pdf
202410,12,696,711,1407,https://www.city.urasoe.lg.jp/doc/2026081000041/file_contents/202410nenrei-zentai.pdf
202410,37,714,674,1388,https://www.city.urasoe.lg.jp/doc/2026081000041/file_contents/202410nenrei-zentai.pdf
202410,62,622,693,1315,https://www.city.urasoe.lg.jp/doc/2026081000041/file_contents/202410nenrei-zentai.pdf
202410,87,178,333,511,https://www.city.urasoe.lg.jp/doc/2026081000041/file_contents/202410nenrei-zentai.pdf
202410,13,677,689,1366,https://www.city.urasoe.lg.jp/doc/2026081000041/file_contents/202410nenrei-zentai.pdf
202410,38,730,748,1478,https://www.city.urasoe.lg.jp/doc/2026081000041/file_contents/202410nenrei-zentai.pdf
202410,63,694,700,1394,https://www.city.urasoe.lg.jp/doc/2026081000041/file_contents/202410nenrei-zentai.pdf
202410,88,178,310,488,https://www.city.urasoe.lg.jp/doc/2026081000041/file_contents/202410nenrei-zentai.pdf
202410,14,694,658,1352,https://www.city.urasoe.lg.jp/doc/2026081000041/file_contents/202410nenrei-zentai.pdf
202410,39,725,781,1506,https://www.city.urasoe.lg.jp/doc/2026081000041/file_contents/202410nenrei-zentai.pdf
202410,64,649,680,1329,https://www.city.urasoe.lg.jp/doc/2026081000041/file_contents/202410nenrei-zentai.pdf
202410,89,145,263,408,https://www.city.urasoe.lg.jp/doc/2026081000041/file_contents/202410nenrei-zentai.pdf
202410,15,724,653,1377,https://www.city.urasoe.lg.jp/doc/2026081000041/file_contents/202410nenrei-zentai.pdf
202410,40,769,784,1553,https://www.city.urasoe.lg.jp/doc/2026081000041/file_contents/202410nenrei-zentai.pdf
202410,65,650,635,1285,https://www.city.urasoe.lg.jp/doc/2026081000041/file_contents/202410nenrei-zentai.pdf
202410,90,106,258,364,https://www.city.urasoe.lg.jp/doc/2026081000041/file_contents/202410nenrei-zentai.pdf
202410,16,683,693,1376,https://www.city.urasoe.lg.jp/doc/2026081000041/file_contents/202410nenrei-zentai.pdf
202410,41,755,721,1476,https://www.city.urasoe.lg.jp/doc/2026081000041/file_contents/202410nenrei-zentai.pdf
202410,66,605,675,1280,https://www.city.urasoe.lg.jp/doc/2026081000041/file_contents/202410nenrei-zentai.pdf
202410,91,98,195,293,https://www.city.urasoe.lg.jp/doc/2026081000041/file_contents/202410nenrei-zentai.pdf
202410,17,722,679,1401,https://www.city.urasoe.lg.jp/doc/2026081000041/file_contents/202410nenrei-zentai.pdf
202410,42,706,718,1424,https://www.city.urasoe.lg.jp/doc/2026081000041/file_contents/202410nenrei-zentai.pdf
202410,67,605,617,1222,https://www.city.urasoe.lg.jp/doc/2026081000041/file_contents/202410nenrei-zentai.pdf
202410,92,61,174,235,https://www.city.urasoe.lg.jp/doc/2026081000041/file_contents/202410nenrei-zentai.pdf
202410,18,692,685,1377,https://www.city.urasoe.lg.jp/doc/2026081000041/file_contents/202410nenrei-zentai.pdf
202410,43,711,769,1480,https://www.city.urasoe.lg.jp/doc/2026081000041/file_contents/202410nenrei-zentai.pdf
202410,68,557,610,1167,https://www.city.urasoe.lg.jp/doc/2026081000041/file_contents/202410nenrei-zentai.pdf
202410,93,48,135,183,https://www.city.urasoe.lg.jp/doc/2026081000041/file_contents/202410nenrei-zentai.pdf
202410,19,607,563,1170,https://www.city.urasoe.lg.jp/doc/2026081000041/file_contents/202410nenrei-zentai.pdf
202410,44,714,779,1493,https://www.city.urasoe.lg.jp/doc/2026081000041/file_contents/202410nenrei-zentai.pdf
202410,69,591,661,1252,https://www.city.urasoe.lg.jp/doc/2026081000041/file_contents/202410nenrei-zentai.pdf
202410,94,42,108,150,https://www.city.urasoe.lg.jp/doc/2026081000041/file_contents/202410nenrei-zentai.pdf
202410,20,660,659,1319,https://www.city.urasoe.lg.jp/doc/2026081000041/file_contents/202410nenrei-zentai.pdf
202410,45,774,757,1531,https://www.city.urasoe.lg.jp/doc/2026081000041/file_contents/202410nenrei-zentai.pdf
202410,70,587,693,1280,https://www.city.urasoe.lg.jp/doc/2026081000041/file_contents/202410nenrei-zentai.pdf
202410,95,35,84,119,https://www.city.urasoe.lg.jp/doc/2026081000041/file_contents/202410nenrei-zentai.pdf
202410,21,689,654,1343,https://www.city.urasoe.lg.jp/doc/2026081000041/file_contents/202410nenrei-zentai.pdf
202410,46,802,809,1611,https://www.city.urasoe.lg.jp/doc/2026081000041/file_contents/202410nenrei-zentai.pdf
202410,71,610,655,1265,https://www.city.urasoe.lg.jp/doc/2026081000041/file_contents/202410nenrei-zentai.pdf
202410,96,18,76,94,https://www.city.urasoe.lg.jp/doc/2026081000041/file_contents/202410nenrei-zentai.pdf
202410,22,674,633,1307,https://www.city.urasoe.lg.jp/doc/2026081000041/file_contents/202410nenrei-zentai.pdf
202410,47,780,821,1601,https://www.city.urasoe.lg.jp/doc/2026081000041/file_contents/202410nenrei-zentai.pdf
202410,72,590,731,1321,https://www.city.urasoe.lg.jp/doc/2026081000041/file_contents/202410nenrei-zentai.pdf
202410,97,11,65,76,https://www.city.urasoe.lg.jp/doc/2026081000041/file_contents/202410nenrei-zentai.pdf
202410,23,650,655,1305,https://www.city.urasoe.lg.jp/doc/2026081000041/file_contents/202410nenrei-zentai.pdf
202410,48,822,853,1675,https://www.city.urasoe.lg.jp/doc/2026081000041/file_contents/202410nenrei-zentai.pdf
202410,73,566,724,1290,https://www.city.urasoe.lg.jp/doc/2026081000041/file_contents/202410nenrei-zentai.pdf
202410,98,2,39,41,https://www.city.urasoe.lg.jp/doc/2026081000041/file_contents/202410nenrei-zentai.pdf
202410,24,611,669,1280,https://www.city.urasoe.lg.jp/doc/2026081000041/file_contents/202410nenrei-zentai.pdf
202410,49,868,899,1767,https://www.city.urasoe.lg.jp/doc/2026081000041/file_contents/202410nenrei-zentai.pdf
202410,74,600,679,1279,https://www.city.urasoe.lg.jp/doc/2026081000041/file_contents/202410nenrei-zentai.pdf
202410,99,0,26,26,https://www.city.urasoe.lg.jp/doc/2026081000041/file_contents/202410nenrei-zentai.pdf
202410,100,4,23,27,https://www.city.urasoe.lg.jp/doc/2026081000041/file_contents/202410nenrei-zentai.pdf
202410,101,5,11,16,https://www.city.urasoe.lg.jp/doc/2026081000041/file_contents/202410nenrei-zentai.pdf
202411,0,514,501,1015,https://www.city.urasoe.lg.jp/doc/2026081000041/file_contents/202411nenrei-zentai.pdf
202411,25,662,626,1288,https://www.city.urasoe.lg.jp/doc/2026081000041/file_contents/202411nenrei-zentai.pdf
202411,50,935,975,1910,https://www.city.urasoe.lg.jp/doc/2026081000041/file_contents/202411nenrei-zentai.pdf
202411,75,547,622,1169,https://www.city.urasoe.lg.jp/doc/2026081000041/file_contents/202411nenrei-zentai.pdf
202411,1,495,482,977,https://www.city.urasoe.lg.jp/doc/2026081000041/file_contents/202411nenrei-zentai.pdf
202411,26,678,642,1320,https://www.city.urasoe.lg.jp/doc/2026081000041/file_contents/202411nenrei-zentai.pdf
202411,51,877,969,1846,https://www.city.urasoe.lg.jp/doc/2026081000041/file_contents/202411nenrei-zentai.pdf
202411,76,563,637,1200,https://www.city.urasoe.lg.jp/doc/2026081000041/file_contents/202411nenrei-zentai.pdf
202411,2,589,549,1138,https://www.city.urasoe.lg.jp/doc/2026081000041/file_contents/202411nenrei-zentai.pdf
202411,27,633,665,1298,https://www.city.urasoe.lg.jp/doc/2026081000041/file_contents/202411nenrei-zentai.pdf
202411,52,880,855,1735,https://www.city.urasoe.lg.jp/doc/2026081000041/file_contents/202411nenrei-zentai.pdf
202411,77,490,562,1052,https://www.city.urasoe.lg.jp/doc/2026081000041/file_contents/202411nenrei-zentai.pdf
202411,3,606,537,1143,https://www.city.urasoe.lg.jp/doc/2026081000041/file_contents/202411nenrei-zentai.pdf
202411,28,660,623,1283,https://www.city.urasoe.lg.jp/doc/2026081000041/file_contents/202411nenrei-zentai.pdf
202411,53,836,874,1710,https://www.city.urasoe.lg.jp/doc/2026081000041/file_contents/202411nenrei-zentai.pdf
202411,78,239,283,522,https://www.city.urasoe.lg.jp/doc/2026081000041/file_contents/202411nenrei-zentai.pdf
202411,4,614,581,1195,https://www.city.urasoe.lg.jp/doc/2026081000041/file_contents/202411nenrei-zentai.pdf
202411,29,635,665,1300,https://www.city.urasoe.lg.jp/doc/2026081000041/file_contents/202411nenrei-zentai.pdf
202411,54,785,856,1641,https://www.city.urasoe.lg.jp/doc/2026081000041/file_contents/202411nenrei-zentai.pdf
202411,79,201,282,483,https://www.city.urasoe.lg.jp/doc/2026081000041/file_contents/202411nenrei-zentai.pdf
202411,5,581,542,1123,https://www.city.urasoe.lg.jp/doc/2026081000041/file_contents/202411nenrei-zentai.pdf
202411,30,629,673,1302,https://www.city.urasoe.lg.jp/doc/2026081000041/file_contents/202411nenrei-zentai.pdf
202411,55,815,800,1615,https://www.city.urasoe.lg.jp/doc/2026081000041/file_contents/202411nenrei-zentai.pdf
202411,80,294,402,696,https://www.city.urasoe.lg.jp/doc/2026081000041/file_contents/202411nenrei-zentai.pdf
202411,6,616,553,1169,https://www.city.urasoe.lg.jp/doc/2026081000041/file_contents/202411nenrei-zentai.pdf
202411,31,627,659,1286,https://www.city.urasoe.lg.jp/doc/2026081000041/file_contents/202411nenrei-zentai.pdf
202411,56,805,869,1674,https://www.city.urasoe.lg.jp/doc/2026081000041/file_contents/202411nenrei-zentai.pdf
202411,81,311,422,733,https://www.city.urasoe.lg.jp/doc/2026081000041/file_contents/202411nenrei-zentai.pdf
202411,7,623,608,1231,https://www.city.urasoe.lg.jp/doc/2026081000041/file_contents/202411nenrei-zentai.pdf
202411,32,636,635,1271,https://www.city.urasoe.lg.jp/doc/2026081000041/file_contents/202411nenrei-zentai.pdf
202411,57,815,865,1680,https://www.city.urasoe.lg.jp/doc/2026081000041/file_contents/202411nenrei-zentai.pdf
202411,82,294,392,686,https://www.city.urasoe.lg.jp/doc/2026081000041/file_contents/202411nenrei-zentai.pdf
202411,8,633,639,1272,https://www.city.urasoe.lg.jp/doc/2026081000041/file_contents/202411nenrei-zentai.pdf
202411,33,654,702,1356,https://www.city.urasoe.lg.jp/doc/2026081000041/file_contents/202411nenrei-zentai.pdf
202411,58,613,667,1280,https://www.city.urasoe.lg.jp/doc/2026081000041/file_contents/202411nenrei-zentai.pdf
202411,83,312,444,756,https://www.city.urasoe.lg.jp/doc/2026081000041/file_contents/202411nenrei-zentai.pdf
202411,9,625,662,1287,https://www.city.urasoe.lg.jp/doc/2026081000041/file_contents/202411nenrei-zentai.pdf
202411,34,660,671,1331,https://www.city.urasoe.lg.jp/doc/2026081000041/file_contents/202411nenrei-zentai.pdf
202411,59,651,729,1380,https://www.city.urasoe.lg.jp/doc/2026081000041/file_contents/202411nenrei-zentai.pdf
202411,84,269,401,670,https://www.city.urasoe.lg.jp/doc/2026081000041/file_contents/202411nenrei-zentai.pdf
202411,10,671,601,1272,https://www.city.urasoe.lg.jp/doc/2026081000041/file_contents/202411nenrei-zentai.pdf
202411,35,663,681,1344,https://www.city.urasoe.lg.jp/doc/2026081000041/file_contents/202411nenrei-zentai.pdf
202411,60,688,721,1409,https://www.city.urasoe.lg.jp/doc/2026081000041/file_contents/202411nenrei-zentai.pdf
202411,85,282,372,654,https://www.city.urasoe.lg.jp/doc/2026081000041/file_contents/202411nenrei-zentai.pdf
202411,11,665,614,1279,https://www.city.urasoe.lg.jp/doc/2026081000041/file_contents/202411nenrei-zentai.pdf
202411,36,672,701,1373,https://www.city.urasoe.lg.jp/doc/2026081000041/file_contents/202411nenrei-zentai.pdf
202411,61,663,782,1445,https://www.city.urasoe.lg.jp/doc/2026081000041/file_contents/202411nenrei-zentai.pdf
202411,86,240,312,552,https://www.city.urasoe.lg.jp/doc/2026081000041/file_contents/202411nenrei-zentai.pdf
202411,12,699,716,1415,https://www.city.urasoe.lg.jp/doc/2026081000041/file_contents/202411nenrei-zentai.pdf
202411,37,699,667,1366,https://www.city.urasoe.lg.jp/doc/2026081000041/file_contents/202411nenrei-zentai.pdf
202411,62,625,688,1313,https://www.city.urasoe.lg.jp/doc/2026081000041/file_contents/202411nenrei-zentai.pdf
202411,87,179,338,517,https://www.city.urasoe.lg.jp/doc/2026081000041/file_contents/202411nenrei-zentai.pdf
202411,13,681,693,1374,https://www.city.urasoe.lg.jp/doc/2026081000041/file_contents/202411nenrei-zentai.pdf
202411,38,746,752,1498,https://www.city.urasoe.lg.jp/doc/2026081000041/file_contents/202411nenrei-zentai.pdf
202411,63,690,707,1397,https://www.city.urasoe.lg.jp/doc/2026081000041/file_contents/202411nenrei-zentai.pdf
202411,88,175,314,489,https://www.city.urasoe.lg.jp/doc/2026081000041/file_contents/202411nenrei-zentai.pdf
202411,14,696,662,1358,https://www.city.urasoe.lg.jp/doc/2026081000041/file_contents/202411nenrei-zentai.pdf
202411,39,724,777,1501,https://www.city.urasoe.lg.jp/doc/2026081000041/file_contents/202411nenrei-zentai.pdf
202411,64,666,667,1333,https://www.city.urasoe.lg.jp/doc/2026081000041/file_contents/202411nenrei-zentai.pdf
202411,89,152,265,417,https://www.city.urasoe.lg.jp/doc/2026081000041/file_contents/202411nenrei-zentai.pdf
202411,15,716,654,1370,https://www.city.urasoe.lg.jp/doc/2026081000041/file_contents/202411nenrei-zentai.pdf
202411,40,768,777,1545,https://www.city.urasoe.lg.jp/doc/2026081000041/file_contents/202411nenrei-zentai.pdf
202411,65,636,651,1287,https://www.city.urasoe.lg.jp/doc/2026081000041/file_contents/202411nenrei-zentai.pdf
202411,90,108,262,370,https://www.city.urasoe.lg.jp/doc/2026081000041/file_contents/202411nenrei-zentai.pdf
202411,16,693,692,1385,https://www.city.urasoe.lg.jp/doc/2026081000041/file_contents/202411nenrei-zentai.pdf
202411,41,747,744,1491,https://www.city.urasoe.lg.jp/doc/2026081000041/file_contents/202411nenrei-zentai.pdf
202411,66,624,664,1288,https://www.city.urasoe.lg.jp/doc/2026081000041/file_contents/202411nenrei-zentai.pdf
202411,91,102,195,297,https://www.city.urasoe.lg.jp/doc/2026081000041/file_contents/202411nenrei-zentai.pdf
202411,17,732,679,1411,https://www.city.urasoe.lg.jp/doc/2026081000041/file_contents/202411nenrei-zentai.pdf
202411,42,716,710,1426,https://www.city.urasoe.lg.jp/doc/2026081000041/file_contents/202411nenrei-zentai.pdf
202411,67,592,600,1192,https://www.city.urasoe.lg.jp/doc/2026081000041/file_contents/202411nenrei-zentai.pdf
202411,92,60,178,238,https://www.city.urasoe.lg.jp/doc/2026081000041/file_contents/202411nenrei-zentai.pdf
202411,18,688,689,1377,https://www.city.urasoe.lg.jp/doc/2026081000041/file_contents/202411nenrei-zentai.pdf
202411,43,691,766,1457,https://www.city.urasoe.lg.jp/doc/2026081000041/file_contents/202411nenrei-zentai.pdf
202411,68,556,617,1173,https://www.city.urasoe.lg.jp/doc/2026081000041/file_contents/202411nenrei-zentai.pdf
202411,93,52,135,187,https://www.city.urasoe.lg.jp/doc/2026081000041/file_contents/202411nenrei-zentai.pdf
202411,19,608,571,1179,https://www.city.urasoe.lg.jp/doc/2026081000041/file_contents/202411nenrei-zentai.pdf
202411,44,718,781,1499,https://www.city.urasoe.lg.jp/doc/2026081000041/file_contents/202411nenrei-zentai.pdf
202411,69,582,655,1237,https://www.city.urasoe.lg.jp/doc/2026081000041/file_contents/202411nenrei-zentai.pdf
202411,94,43,104,147,https://www.city.urasoe.lg.jp/doc/2026081000041/file_contents/202411nenrei-zentai.pdf
202411,20,668,661,1329,https://www.city.urasoe.lg.jp/doc/2026081000041/file_contents/202411nenrei-zentai.pdf
202411,45,774,761,1535,https://www.city.urasoe.lg.jp/doc/2026081000041/file_contents/202411nenrei-zentai.pdf
202411,70,588,683,1271,https://www.city.urasoe.lg.jp/doc/2026081000041/file_contents/202411nenrei-zentai.pdf
202411,95,30,96,126,https://www.city.urasoe.lg.jp/doc/2026081000041/file_contents/202411nenrei-zentai.pdf
202411,21,680,654,1334,https://www.city.urasoe.lg.jp/doc/2026081000041/file_contents/202411nenrei-zentai.pdf
202411,46,818,821,1639,https://www.city.urasoe.lg.jp/doc/2026081000041/file_contents/202411nenrei-zentai.pdf
202411,71,595,661,1256,https://www.city.urasoe.lg.jp/doc/2026081000041/file_contents/202411nenrei-zentai.pdf
202411,96,24,72,96,https://www.city.urasoe.lg.jp/doc/2026081000041/file_contents/202411nenrei-zentai.pdf
202411,22,685,622,1307,https://www.city.urasoe.lg.jp/doc/2026081000041/file_contents/202411nenrei-zentai.pdf
202411,47,761,808,1569,https://www.city.urasoe.lg.jp/doc/2026081000041/file_contents/202411nenrei-zentai.pdf
202411,72,596,721,1317,https://www.city.urasoe.lg.jp/doc/2026081000041/file_contents/202411nenrei-zentai.pdf
202411,97,10,66,76,https://www.city.urasoe.lg.jp/doc/2026081000041/file_contents/202411nenrei-zentai.pdf
202411,23,640,662,1302,https://www.city.urasoe.lg.jp/doc/2026081000041/file_contents/202411nenrei-zentai.pdf
202411,48,818,849,1667,https://www.city.urasoe.lg.jp/doc/2026081000041/file_contents/202411nenrei-zentai.pdf
202411,73,570,744,1314,https://www.city.urasoe.lg.jp/doc/2026081000041/file_contents/202411nenrei-zentai.pdf
202411,98,4,42,46,https://www.city.urasoe.lg.jp/doc/2026081000041/file_contents/202411nenrei-zentai.pdf
202411,24,613,644,1257,https://www.city.urasoe.lg.jp/doc/2026081000041/file_contents/202411nenrei-zentai.pdf
202411,49,877,897,1774,https://www.city.urasoe.lg.jp/doc/2026081000041/file_contents/202411nenrei-zentai.pdf
202411,74,613,675,1288,https://www.city.urasoe.lg.jp/doc/2026081000041/file_contents/202411nenrei-zentai.pdf
202411,99,0,25,25,https://www.city.urasoe.lg.jp/doc/2026081000041/file_contents/202411nenrei-zentai.pdf
202411,100,4,19,23,https://www.city.urasoe.lg.jp/doc/2026081000041/file_contents/202411nenrei-zentai.pdf
202411,101,3,14,17,https://www.city.urasoe.lg.jp/doc/2026081000041/file_contents/202411nenrei-zentai.pdf
202412,0,501,502,1003,https://www.city.urasoe.lg.jp/doc/2026081000041/file_contents/202412nenrei-zentai.pdf
202412,25,640,625,1265,https://www.city.urasoe.lg.jp/doc/2026081000041/file_contents/202412nenrei-zentai.pdf
202412,50,918,956,1874,https://www.city.urasoe.lg.jp/doc/2026081000041/file_contents/202412nenrei-zentai.pdf
202412,75,559,632,1191,https://www.city.urasoe.lg.jp/doc/2026081000041/file_contents/202412nenrei-zentai.pdf
202412,1,502,472,974,https://www.city.urasoe.lg.jp/doc/2026081000041/file_contents/202412nenrei-zentai.pdf
202412,26,661,655,1316,https://www.city.urasoe.lg.jp/doc/2026081000041/file_contents/202412nenrei-zentai.pdf
202412,51,888,992,1880,https://www.city.urasoe.lg.jp/doc/2026081000041/file_contents/202412nenrei-zentai.pdf
202412,76,544,623,1167,https://www.city.urasoe.lg.jp/doc/2026081000041/file_contents/202412nenrei-zentai.pdf
202412,2,584,536,1120,https://www.city.urasoe.lg.jp/doc/2026081000041/file_contents/202412nenrei-zentai.pdf
202412,27,652,666,1318,https://www.city.urasoe.lg.jp/doc/2026081000041/file_contents/202412nenrei-zentai.pdf
202412,52,894,854,1748,https://www.city.urasoe.lg.jp/doc/2026081000041/file_contents/202412nenrei-zentai.pdf
202412,77,523,592,1115,https://www.city.urasoe.lg.jp/doc/2026081000041/file_contents/202412nenrei-zentai.pdf
202412,3,606,548,1154,https://www.city.urasoe.lg.jp/doc/2026081000041/file_contents/202412nenrei-zentai.pdf
202412,28,678,628,1306,https://www.city.urasoe.lg.jp/doc/2026081000041/file_contents/202412nenrei-zentai.pdf
202412,53,838,879,1717,https://www.city.urasoe.lg.jp/doc/2026081000041/file_contents/202412nenrei-zentai.pdf
202412,78,245,292,537,https://www.city.urasoe.lg.jp/doc/2026081000041/file_contents/202412nenrei-zentai.pdf
202412,4,618,590,1208,https://www.city.urasoe.lg.jp/doc/2026081000041/file_contents/202412nenrei-zentai.pdf
202412,29,632,672,1304,https://www.city.urasoe.lg.jp/doc/2026081000041/file_contents/202412nenrei-zentai.pdf
202412,54,774,860,1634,https://www.city.urasoe.lg.jp/doc/2026081000041/file_contents/202412nenrei-zentai.pdf
202412,79,195,271,466,https://www.city.urasoe.lg.jp/doc/2026081000041/file_contents/202412nenrei-zentai.pdf
202412,5,595,540,1135,https://www.city.urasoe.lg.jp/doc/2026081000041/file_contents/202412nenrei-zentai.pdf
202412,30,630,660,1290,https://www.city.urasoe.lg.jp/doc/2026081000041/file_contents/202412nenrei-zentai.pdf
202412,55,813,791,1604,https://www.city.urasoe.lg.jp/doc/2026081000041/file_contents/202412nenrei-zentai.pdf
202412,80,296,389,685,https://www.city.urasoe.lg.jp/doc/2026081000041/file_contents/202412nenrei-zentai.pdf
202412,6,605,550,1155,https://www.city.urasoe.lg.jp/doc/2026081000041/file_contents/202412nenrei-zentai.pdf
202412,31,639,674,1313,https://www.city.urasoe.lg.jp/doc/2026081000041/file_contents/202412nenrei-zentai.pdf
202412,56,814,877,1691,https://www.city.urasoe.lg.jp/doc/2026081000041/file_contents/202412nenrei-zentai.pdf
202412,81,313,422,735,https://www.city.urasoe.lg.jp/doc/2026081000041/file_contents/202412nenrei-zentai.pdf
202412,7,627,600,1227,https://www.city.urasoe.lg.jp/doc/2026081000041/file_contents/202412nenrei-zentai.pdf
202412,32,629,637,1266,https://www.city.urasoe.lg.jp/doc/2026081000041/file_contents/202412nenrei-zentai.pdf
202412,57,820,860,1680,https://www.city.urasoe.lg.jp/doc/2026081000041/file_contents/202412nenrei-zentai.pdf
202412,82,284,390,674,https://www.city.urasoe.lg.jp/doc/2026081000041/file_contents/202412nenrei-zentai.pdf
202412,8,617,639,1256,https://www.city.urasoe.lg.jp/doc/2026081000041/file_contents/202412nenrei-zentai.pdf
202412,33,647,696,1343,https://www.city.urasoe.lg.jp/doc/2026081000041/file_contents/202412nenrei-zentai.pdf
202412,58,623,663,1286,https://www.city.urasoe.lg.jp/doc/2026081000041/file_contents/202412nenrei-zentai.pdf
202412,83,308,453,761,https://www.city.urasoe.lg.jp/doc/2026081000041/file_contents/202412nenrei-zentai.pdf
202412,9,627,659,1286,https://www.city.urasoe.lg.jp/doc/2026081000041/file_contents/202412nenrei-zentai.pdf
202412,34,654,680,1334,https://www.city.urasoe.lg.jp/doc/2026081000041/file_contents/202412nenrei-zentai.pdf
202412,59,643,738,1381,https://www.city.urasoe.lg.jp/doc/2026081000041/file_contents/202412nenrei-zentai.pdf
202412,84,273,400,673,https://www.city.urasoe.lg.jp/doc/2026081000041/file_contents/202412nenrei-zentai.pdf
202412,10,660,606,1266,https://www.city.urasoe.lg.jp/doc/2026081000041/file_contents/202412nenrei-zentai.pdf
202412,35,670,666,1336,https://www.city.urasoe.lg.jp/doc/2026081000041/file_contents/202412nenrei-zentai.pdf
202412,60,687,716,1403,https://www.city.urasoe.lg.jp/doc/2026081000041/file_contents/202412nenrei-zentai.pdf
202412,85,274,378,652,https://www.city.urasoe.lg.jp/doc/2026081000041/file_contents/202412nenrei-zentai.pdf
202412,11,678,617,1295,https://www.city.urasoe.lg.jp/doc/2026081000041/file_contents/202412nenrei-zentai.pdf
202412,36,677,707,1384,https://www.city.urasoe.lg.jp/doc/2026081000041/file_contents/202412nenrei-zentai.pdf
202412,61,653,775,1428,https://www.city.urasoe.lg.jp/doc/2026081000041/file_contents/202412nenrei-zentai.pdf
202412,86,248,314,562,https://www.city.urasoe.lg.jp/doc/2026081000041/file_contents/202412nenrei-zentai.pdf
202412,12,683,708,1391,https://www.city.urasoe.lg.jp/doc/2026081000041/file_contents/202412nenrei-zentai.pdf
202412,37,686,673,1359,https://www.city.urasoe.lg.jp/doc/2026081000041/file_contents/202412nenrei-zentai.pdf
202412,62,637,698,1335,https://www.city.urasoe.lg.jp/doc/2026081000041/file_contents/202412nenrei-zentai.pdf
202412,87,184,325,509,https://www.city.urasoe.lg.jp/doc/2026081000041/file_contents/202412nenrei-zentai.pdf
202412,13,698,695,1393,https://www.city.urasoe.lg.jp/doc/2026081000041/file_contents/202412nenrei-zentai.pdf
202412,38,756,735,1491,https://www.city.urasoe.lg.jp/doc/2026081000041/file_contents/202412nenrei-zentai.pdf
202412,63,692,710,1402,https://www.city.urasoe.lg.jp/doc/2026081000041/file_contents/202412nenrei-zentai.pdf
202412,88,172,318,490,https://www.city.urasoe.lg.jp/doc/2026081000041/file_contents/202412nenrei-zentai.pdf
202412,14,683,664,1347,https://www.city.urasoe.lg.jp/doc/2026081000041/file_contents/202412nenrei-zentai.pdf
202412,39,731,784,1515,https://www.city.urasoe.lg.jp/doc/2026081000041/file_contents/202412nenrei-zentai.pdf
202412,64,663,664,1327,https://www.city.urasoe.lg.jp/doc/2026081000041/file_contents/202412nenrei-zentai.pdf
202412,89,150,273,423,https://www.city.urasoe.lg.jp/doc/2026081000041/file_contents/202412nenrei-zentai.pdf
202412,15,722,653,1375,https://www.city.urasoe.lg.jp/doc/2026081000041/file_contents/202412nenrei-zentai.pdf
202412,40,761,773,1534,https://www.city.urasoe.lg.jp/doc/2026081000041/file_contents/202412nenrei-zentai.pdf
202412,65,618,650,1268,https://www.city.urasoe.lg.jp/doc/2026081000041/file_contents/202412nenrei-zentai.pdf
202412,90,111,253,364,https://www.city.urasoe.lg.jp/doc/2026081000041/file_contents/202412nenrei-zentai.pdf
202412,16,687,689,1376,https://www.city.urasoe.lg.jp/doc/2026081000041/file_contents/202412nenrei-zentai.pdf
202412,41,738,751,1489,https://www.city.urasoe.lg.jp/doc/2026081000041/file_contents/202412nenrei-zentai.pdf
202412,66,646,658,1304,https://www.city.urasoe.lg.jp/doc/2026081000041/file_contents/202412nenrei-zentai.pdf
202412,91,103,204,307,https://www.city.urasoe.lg.jp/doc/2026081000041/file_contents/202412nenrei-zentai.pdf
202412,17,726,661,1387,https://www.city.urasoe.lg.jp/doc/2026081000041/file_contents/202412nenrei-zentai.pdf
202412,42,724,707,1431,https://www.city.urasoe.lg.jp/doc/2026081000041/file_contents/202412nenrei-zentai.pdf
202412,67,577,596,1173,https://www.city.urasoe.lg.jp/doc/2026081000041/file_contents/202412nenrei-zentai.pdf
202412,92,65,177,242,https://www.city.urasoe.lg.jp/doc/2026081000041/file_contents/202412nenrei-zentai.pdf
202412,18,692,702,1394,https://www.city.urasoe.lg.jp/doc/2026081000041/file_contents/202412nenrei-zentai.pdf
202412,43,692,768,1460,https://www.city.urasoe.lg.jp/doc/2026081000041/file_contents/202412nenrei-zentai.pdf
202412,68,563,626,1189,https://www.city.urasoe.lg.jp/doc/2026081000041/file_contents/202412nenrei-zentai.pdf
202412,93,53,139,192,https://www.city.urasoe.lg.jp/doc/2026081000041/file_contents/202412nenrei-zentai.pdf
202412,19,621,598,1219,https://www.city.urasoe.lg.jp/doc/2026081000041/file_contents/202412nenrei-zentai.pdf
202412,44,714,773,1487,https://www.city.urasoe.lg.jp/doc/2026081000041/file_contents/202412nenrei-zentai.pdf
202412,69,576,636,1212,https://www.city.urasoe.lg.jp/doc/2026081000041/file_contents/202412nenrei-zentai.pdf
202412,94,42,107,149,https://www.city.urasoe.lg.jp/doc/2026081000041/file_contents/202412nenrei-zentai.pdf
202412,20,658,631,1289,https://www.city.urasoe.lg.jp/doc/2026081000041/file_contents/202412nenrei-zentai.pdf
202412,45,765,774,1539,https://www.city.urasoe.lg.jp/doc/2026081000041/file_contents/202412nenrei-zentai.pdf
202412,70,584,690,1274,https://www.city.urasoe.lg.jp/doc/2026081000041/file_contents/202412nenrei-zentai.pdf
202412,95,28,96,124,https://www.city.urasoe.lg.jp/doc/2026081000041/file_contents/202412nenrei-zentai.pdf
202412,21,678,673,1351,https://www.city.urasoe.lg.jp/doc/2026081000041/file_contents/202412nenrei-zentai.pdf
202412,46,812,807,1619,https://www.city.urasoe.lg.jp/doc/2026081000041/file_contents/202412nenrei-zentai.pdf
202412,71,593,680,1273,https://www.city.urasoe.lg.jp/doc/2026081000041/file_contents/202412nenrei-zentai.pdf
202412,96,24,75,99,https://www.city.urasoe.lg.jp/doc/2026081000041/file_contents/202412nenrei-zentai.pdf
202412,22,702,612,1314,https://www.city.urasoe.lg.jp/doc/2026081000041/file_contents/202412nenrei-zentai.pdf
202412,47,758,799,1557,https://www.city.urasoe.lg.jp/doc/2026081000041/file_contents/202412nenrei-zentai.pdf
202412,72,607,697,1304,https://www.city.urasoe.lg.jp/doc/2026081000041/file_contents/202412nenrei-zentai.pdf
202412,97,11,62,73,https://www.city.urasoe.lg.jp/doc/2026081000041/file_contents/202412nenrei-zentai.pdf
202412,23,633,655,1288,https://www.city.urasoe.lg.jp/doc/2026081000041/file_contents/202412nenrei-zentai.pdf
202412,48,823,848,1671,https://www.city.urasoe.lg.jp/doc/2026081000041/file_contents/202412nenrei-zentai.pdf
202412,73,571,753,1324,https://www.city.urasoe.lg.jp/doc/2026081000041/file_contents/202412nenrei-zentai.pdf
202412,98,3,44,47,https://www.city.urasoe.lg.jp/doc/2026081000041/file_contents/202412nenrei-zentai.pdf
202412,24,622,645,1267,https://www.city.urasoe.lg.jp/doc/2026081000041/file_contents/202412nenrei-zentai.pdf
202412,49,869,889,1758,https://www.city.urasoe.lg.jp/doc/2026081000041/file_contents/202412nenrei-zentai.pdf
202412,74,611,677,1288,https://www.city.urasoe.lg.jp/doc/2026081000041/file_contents/202412nenrei-zentai.pdf
202412,99,0,26,26,https://www.city.urasoe.lg.jp/doc/2026081000041/file_contents/202412nenrei-zentai.pdf
202412,100,3,18,21,https://www.city.urasoe.lg.jp/doc/2026081000041/file_contents/202412nenrei-zentai.pdf
202412,101,3,14,17,https://www.city.urasoe.lg.jp/doc/2026081000041/file_contents/202412nenrei-zentai.pdf
202501,0,494,507,1001,https://www.city.urasoe.lg.jp/doc/2026081000058/file_contents/202501nenrei-zentai.pdf
202501,25,650,648,1298,https://www.city.urasoe.lg.jp/doc/2026081000058/file_contents/202501nenrei-zentai.pdf
202501,50,911,943,1854,https://www.city.urasoe.lg.jp/doc/2026081000058/file_contents/202501nenrei-zentai.pdf
202501,75,539,621,1160,https://www.city.urasoe.lg.jp/doc/2026081000058/file_contents/202501nenrei-zentai.pdf
202501,1,515,481,996,https://www.city.urasoe.lg.jp/doc/2026081000058/file_contents/202501nenrei-zentai.pdf
202501,26,663,644,1307,https://www.city.urasoe.lg.jp/doc/2026081000058/file_contents/202501nenrei-zentai.pdf
202501,51,891,1006,1897,https://www.city.urasoe.lg.jp/doc/2026081000058/file_contents/202501nenrei-zentai.pdf
202501,76,544,621,1165,https://www.city.urasoe.lg.jp/doc/2026081000058/file_contents/202501nenrei-zentai.pdf
202501,2,563,519,1082,https://www.city.urasoe.lg.jp/doc/2026081000058/file_contents/202501nenrei-zentai.pdf
202501,27,637,664,1301,https://www.city.urasoe.lg.jp/doc/2026081000058/file_contents/202501nenrei-zentai.pdf
202501,52,891,875,1766,https://www.city.urasoe.lg.jp/doc/2026081000058/file_contents/202501nenrei-zentai.pdf
202501,77,542,608,1150,https://www.city.urasoe.lg.jp/doc/2026081000058/file_contents/202501nenrei-zentai.pdf
202501,3,606,559,1165,https://www.city.urasoe.lg.jp/doc/2026081000058/file_contents/202501nenrei-zentai.pdf
202501,28,692,634,1326,https://www.city.urasoe.lg.jp/doc/2026081000058/file_contents/202501nenrei-zentai.pdf
202501,53,841,882,1723,https://www.city.urasoe.lg.jp/doc/2026081000058/file_contents/202501nenrei-zentai.pdf
202501,78,266,319,585,https://www.city.urasoe.lg.jp/doc/2026081000058/file_contents/202501nenrei-zentai.pdf
202501,4,623,580,1203,https://www.city.urasoe.lg.jp/doc/2026081000058/file_contents/202501nenrei-zentai.pdf
202501,29,632,660,1292,https://www.city.urasoe.lg.jp/doc/2026081000058/file_contents/202501nenrei-zentai.pdf
202501,54,776,859,1635,https://www.city.urasoe.lg.jp/doc/2026081000058/file_contents/202501nenrei-zentai.pdf
202501,79,185,251,436,https://www.city.urasoe.lg.jp/doc/2026081000058/file_contents/202501nenrei-zentai.pdf
202501,5,603,544,1147,https://www.city.urasoe.lg.jp/doc/2026081000058/file_contents/202501nenrei-zentai.pdf
202501,30,622,672,1294,https://www.city.urasoe.lg.jp/doc/2026081000058/file_contents/202501nenrei-zentai.pdf
202501,55,796,780,1576,https://www.city.urasoe.lg.jp/doc/2026081000058/file_contents/202501nenrei-zentai.pdf
202501,80,289,389,678,https://www.city.urasoe.lg.jp/doc/2026081000058/file_contents/202501nenrei-zentai.pdf
202501,6,584,549,1133,https://www.city.urasoe.lg.jp/doc/2026081000058/file_contents/202501nenrei-zentai.pdf
202501,31,647,671,1318,https://www.city.urasoe.lg.jp/doc/2026081000058/file_contents/202501nenrei-zentai.pdf
202501,56,826,868,1694,https://www.city.urasoe.lg.jp/doc/2026081000058/file_contents/202501nenrei-zentai.pdf
202501,81,317,418,735,https://www.city.urasoe.lg.jp/doc/2026081000058/file_contents/202501nenrei-zentai.pdf
202501,7,640,604,1244,https://www.city.urasoe.lg.jp/doc/2026081000058/file_contents/202501nenrei-zentai.pdf
202501,32,602,645,1247,https://www.city.urasoe.lg.jp/doc/2026081000058/file_contents/202501nenrei-zentai.pdf
202501,57,811,880,1691,https://www.city.urasoe.lg.jp/doc/2026081000058/file_contents/202501nenrei-zentai.pdf
202501,82,289,397,686,https://www.city.urasoe.lg.jp/doc/2026081000058/file_contents/202501nenrei-zentai.pdf
202501,8,613,642,1255,https://www.city.urasoe.lg.jp/doc/2026081000058/file_contents/202501nenrei-zentai.pdf
202501,33,659,688,1347,https://www.city.urasoe.lg.jp/doc/2026081000058/file_contents/202501nenrei-zentai.pdf
202501,58,650,669,1319,https://www.city.urasoe.lg.jp/doc/2026081000058/file_contents/202501nenrei-zentai.pdf
202501,83,301,442,743,https://www.city.urasoe.lg.jp/doc/2026081000058/file_contents/202501nenrei-zentai.pdf
202501,9,642,656,1298,https://www.city.urasoe.lg.jp/doc/2026081000058/file_contents/202501nenrei-zentai.pdf
202501,34,655,701,1356,https://www.city.urasoe.lg.jp/doc/2026081000058/file_contents/202501nenrei-zentai.pdf
202501,59,638,727,1365,https://www.city.urasoe.lg.jp/doc/2026081000058/file_contents/202501nenrei-zentai.pdf
202501,84,273,406,679,https://www.city.urasoe.lg.jp/doc/2026081000058/file_contents/202501nenrei-zentai.pdf
202501,10,642,601,1243,https://www.city.urasoe.lg.jp/doc/2026081000058/file_contents/202501nenrei-zentai.pdf
202501,35,664,639,1303,https://www.city.urasoe.lg.jp/doc/2026081000058/file_contents/202501nenrei-zentai.pdf
202501,60,667,715,1382,https://www.city.urasoe.lg.jp/doc/2026081000058/file_contents/202501nenrei-zentai.pdf
202501,85,269,376,645,https://www.city.urasoe.lg.jp/doc/2026081000058/file_contents/202501nenrei-zentai.pdf
202501,11,676,621,1297,https://www.city.urasoe.lg.jp/doc/2026081000058/file_contents/202501nenrei-zentai.pdf
202501,36,661,740,1401,https://www.city.urasoe.lg.jp/doc/2026081000058/file_contents/202501nenrei-zentai.pdf
202501,61,660,770,1430,https://www.city.urasoe.lg.jp/doc/2026081000058/file_contents/202501nenrei-zentai.pdf
202501,86,256,317,573,https://www.city.urasoe.lg.jp/doc/2026081000058/file_contents/202501nenrei-zentai.pdf
202501,12,690,695,1385,https://www.city.urasoe.lg.jp/doc/2026081000058/file_contents/202501nenrei-zentai.pdf
202501,37,694,650,1344,https://www.city.urasoe.lg.jp/doc/2026081000058/file_contents/202501nenrei-zentai.pdf
202501,62,634,707,1341,https://www.city.urasoe.lg.jp/doc/2026081000058/file_contents/202501nenrei-zentai.pdf
202501,87,188,328,516,https://www.city.urasoe.lg.jp/doc/2026081000058/file_contents/202501nenrei-zentai.pdf
202501,13,706,697,1403,https://www.city.urasoe.lg.jp/doc/2026081000058/file_contents/202501nenrei-zentai.pdf
202501,38,759,746,1505,https://www.city.urasoe.lg.jp/doc/2026081000058/file_contents/202501nenrei-zentai.pdf
202501,63,690,711,1401,https://www.city.urasoe.lg.jp/doc/2026081000058/file_contents/202501nenrei-zentai.pdf
202501,88,168,310,478,https://www.city.urasoe.lg.jp/doc/2026081000058/file_contents/202501nenrei-zentai.pdf
202501,14,663,680,1343,https://www.city.urasoe.lg.jp/doc/2026081000058/file_contents/202501nenrei-zentai.pdf
202501,39,730,765,1495,https://www.city.urasoe.lg.jp/doc/2026081000058/file_contents/202501nenrei-zentai.pdf
202501,64,655,657,1312,https://www.city.urasoe.lg.jp/doc/2026081000058/file_contents/202501nenrei-zentai.pdf
202501,89,149,277,426,https://www.city.urasoe.lg.jp/doc/2026081000058/file_contents/202501nenrei-zentai.pdf
202501,15,719,638,1357,https://www.city.urasoe.lg.jp/doc/2026081000058/file_contents/202501nenrei-zentai.pdf
202501,40,755,786,1541,https://www.city.urasoe.lg.jp/doc/2026081000058/file_contents/202501nenrei-zentai.pdf
202501,65,632,659,1291,https://www.city.urasoe.lg.jp/doc/2026081000058/file_contents/202501nenrei-zentai.pdf
202501,90,117,247,364,https://www.city.urasoe.lg.jp/doc/2026081000058/file_contents/202501nenrei-zentai.pdf
202501,16,700,703,1403,https://www.city.urasoe.lg.jp/doc/2026081000058/file_contents/202501nenrei-zentai.pdf
202501,41,751,764,1515,https://www.city.urasoe.lg.jp/doc/2026081000058/file_contents/202501nenrei-zentai.pdf
202501,66,650,646,1296,https://www.city.urasoe.lg.jp/doc/2026081000058/file_contents/202501nenrei-zentai.pdf
202501,91,92,214,306,https://www.city.urasoe.lg.jp/doc/2026081000058/file_contents/202501nenrei-zentai.pdf
202501,17,706,649,1355,https://www.city.urasoe.lg.jp/doc/2026081000058/file_contents/202501nenrei-zentai.pdf
202501,42,717,704,1421,https://www.city.urasoe.lg.jp/doc/2026081000058/file_contents/202501nenrei-zentai.pdf
202501,67,575,603,1178,https://www.city.urasoe.lg.jp/doc/2026081000058/file_contents/202501nenrei-zentai.pdf
202501,92,72,173,245,https://www.city.urasoe.lg.jp/doc/2026081000058/file_contents/202501nenrei-zentai.pdf
202501,18,717,714,1431,https://www.city.urasoe.lg.jp/doc/2026081000058/file_contents/202501nenrei-zentai.pdf
202501,43,683,769,1452,https://www.city.urasoe.lg.jp/doc/2026081000058/file_contents/202501nenrei-zentai.pdf
202501,68,566,623,1189,https://www.city.urasoe.lg.jp/doc/2026081000058/file_contents/202501nenrei-zentai.pdf
202501,93,51,140,191,https://www.city.urasoe.lg.jp/doc/2026081000058/file_contents/202501nenrei-zentai.pdf
202501,19,616,587,1203,https://www.city.urasoe.lg.jp/doc/2026081000058/file_contents/202501nenrei-zentai.pdf
202501,44,721,761,1482,https://www.city.urasoe.lg.jp/doc/2026081000058/file_contents/202501nenrei-zentai.pdf
202501,69,568,635,1203,https://www.city.urasoe.lg.jp/doc/2026081000058/file_contents/202501nenrei-zentai.pdf
202501,94,41,111,152,https://www.city.urasoe.lg.jp/doc/2026081000058/file_contents/202501nenrei-zentai.pdf
202501,20,659,620,1279,https://www.city.urasoe.lg.jp/doc/2026081000058/file_contents/202501nenrei-zentai.pdf
202501,45,759,771,1530,https://www.city.urasoe.lg.jp/doc/2026081000058/file_contents/202501nenrei-zentai.pdf
202501,70,575,674,1249,https://www.city.urasoe.lg.jp/doc/2026081000058/file_contents/202501nenrei-zentai.pdf
202501,95,29,97,126,https://www.city.urasoe.lg.jp/doc/2026081000058/file_contents/202501nenrei-zentai.pdf
202501,21,676,685,1361,https://www.city.urasoe.lg.jp/doc/2026081000058/file_contents/202501nenrei-zentai.pdf
202501,46,818,795,1613,https://www.city.urasoe.lg.jp/doc/2026081000058/file_contents/202501nenrei-zentai.pdf
202501,71,590,680,1270,https://www.city.urasoe.lg.jp/doc/2026081000058/file_contents/202501nenrei-zentai.pdf
202501,96,22,72,94,https://www.city.urasoe.lg.jp/doc/2026081000058/file_contents/202501nenrei-zentai.pdf
202501,22,698,621,1319,https://www.city.urasoe.lg.jp/doc/2026081000058/file_contents/202501nenrei-zentai.pdf
202501,47,765,796,1561,https://www.city.urasoe.lg.jp/doc/2026081000058/file_contents/202501nenrei-zentai.pdf
202501,72,621,711,1332,https://www.city.urasoe.lg.jp/doc/2026081000058/file_contents/202501nenrei-zentai.pdf
202501,97,13,60,73,https://www.city.urasoe.lg.jp/doc/2026081000058/file_contents/202501nenrei-zentai.pdf
202501,23,644,653,1297,https://www.city.urasoe.lg.jp/doc/2026081000058/file_contents/202501nenrei-zentai.pdf
202501,48,819,874,1693,https://www.city.urasoe.lg.jp/doc/2026081000058/file_contents/202501nenrei-zentai.pdf
202501,73,576,752,1328,https://www.city.urasoe.lg.jp/doc/2026081000058/file_contents/202501nenrei-zentai.pdf
202501,98,4,42,46,https://www.city.urasoe.lg.jp/doc/2026081000058/file_contents/202501nenrei-zentai.pdf
202501,24,617,634,1251,https://www.city.urasoe.lg.jp/doc/2026081000058/file_contents/202501nenrei-zentai.pdf
202501,49,860,863,1723,https://www.city.urasoe.lg.jp/doc/2026081000058/file_contents/202501nenrei-zentai.pdf
202501,74,608,684,1292,https://www.city.urasoe.lg.jp/doc/2026081000058/file_contents/202501nenrei-zentai.pdf
202501,99,1,30,31,https://www.city.urasoe.lg.jp/doc/2026081000058/file_contents/202501nenrei-zentai.pdf
202501,100,3,14,17,https://www.city.urasoe.lg.jp/doc/2026081000058/file_contents/202501nenrei-zentai.pdf
202501,101,2,17,19,https://www.city.urasoe.lg.jp/doc/2026081000058/file_contents/202501nenrei-zentai.pdf
202502,0,486,508,994,https://www.city.urasoe.lg.jp/doc/2026081000058/file_contents/202502nenrei-zentai.pdf
202502,25,646,644,1290,https://www.city.urasoe.lg.jp/doc/2026081000058/file_contents/202502nenrei-zentai.pdf
202502,50,914,948,1862,https://www.city.urasoe.lg.jp/doc/2026081000058/file_contents/202502nenrei-zentai.pdf
202502,75,542,612,1154,https://www.city.urasoe.lg.jp/doc/2026081000058/file_contents/202502nenrei-zentai.pdf
202502,1,512,476,988,https://www.city.urasoe.lg.jp/doc/2026081000058/file_contents/202502nenrei-zentai.pdf
202502,26,673,637,1310,https://www.city.urasoe.lg.jp/doc/2026081000058/file_contents/202502nenrei-zentai.pdf
202502,51,920,1006,1926,https://www.city.urasoe.lg.jp/doc/2026081000058/file_contents/202502nenrei-zentai.pdf
202502,76,526,622,1148,https://www.city.urasoe.lg.jp/doc/2026081000058/file_contents/202502nenrei-zentai.pdf
202502,2,563,521,1084,https://www.city.urasoe.lg.jp/doc/2026081000058/file_contents/202502nenrei-zentai.pdf
202502,27,638,672,1310,https://www.city.urasoe.lg.jp/doc/2026081000058/file_contents/202502nenrei-zentai.pdf
202502,52,866,888,1754,https://www.city.urasoe.lg.jp/doc/2026081000058/file_contents/202502nenrei-zentai.pdf
202502,77,554,615,1169,https://www.city.urasoe.lg.jp/doc/2026081000058/file_contents/202502nenrei-zentai.pdf
202502,3,595,560,1155,https://www.city.urasoe.lg.jp/doc/2026081000058/file_contents/202502nenrei-zentai.pdf
202502,28,673,627,1300,https://www.city.urasoe.lg.jp/doc/2026081000058/file_contents/202502nenrei-zentai.pdf
202502,53,846,864,1710,https://www.city.urasoe.lg.jp/doc/2026081000058/file_contents/202502nenrei-zentai.pdf
202502,78,287,340,627,https://www.city.urasoe.lg.jp/doc/2026081000058/file_contents/202502nenrei-zentai.pdf
202502,4,627,574,1201,https://www.city.urasoe.lg.jp/doc/2026081000058/file_contents/202502nenrei-zentai.pdf
202502,29,637,680,1317,https://www.city.urasoe.lg.jp/doc/2026081000058/file_contents/202502nenrei-zentai.pdf
202502,54,798,861,1659,https://www.city.urasoe.lg.jp/doc/2026081000058/file_contents/202502nenrei-zentai.pdf
202502,79,186,246,432,https://www.city.urasoe.lg.jp/doc/2026081000058/file_contents/202502nenrei-zentai.pdf
202502,5,599,537,1136,https://www.city.urasoe.lg.jp/doc/2026081000058/file_contents/202502nenrei-zentai.pdf
202502,30,621,674,1295,https://www.city.urasoe.lg.jp/doc/2026081000058/file_contents/202502nenrei-zentai.pdf
202502,55,780,774,1554,https://www.city.urasoe.lg.jp/doc/2026081000058/file_contents/202502nenrei-zentai.pdf
202502,80,265,377,642,https://www.city.urasoe.lg.jp/doc/2026081000058/file_contents/202502nenrei-zentai.pdf
202502,6,582,556,1138,https://www.city.urasoe.lg.jp/doc/2026081000058/file_contents/202502nenrei-zentai.pdf
202502,31,642,659,1301,https://www.city.urasoe.lg.jp/doc/2026081000058/file_contents/202502nenrei-zentai.pdf
202502,56,833,875,1708,https://www.city.urasoe.lg.jp/doc/2026081000058/file_contents/202502nenrei-zentai.pdf
202502,81,324,415,739,https://www.city.urasoe.lg.jp/doc/2026081000058/file_contents/202502nenrei-zentai.pdf
202502,7,622,593,1215,https://www.city.urasoe.lg.jp/doc/2026081000058/file_contents/202502nenrei-zentai.pdf
202502,32,621,650,1271,https://www.city.urasoe.lg.jp/doc/2026081000058/file_contents/202502nenrei-zentai.pdf
202502,57,806,874,1680,https://www.city.urasoe.lg.jp/doc/2026081000058/file_contents/202502nenrei-zentai.pdf
202502,82,288,404,692,https://www.city.urasoe.lg.jp/doc/2026081000058/file_contents/202502nenrei-zentai.pdf
202502,8,626,651,1277,https://www.city.urasoe.lg.jp/doc/2026081000058/file_contents/202502nenrei-zentai.pdf
202502,33,651,673,1324,https://www.city.urasoe.lg.jp/doc/2026081000058/file_contents/202502nenrei-zentai.pdf
202502,58,657,691,1348,https://www.city.urasoe.lg.jp/doc/2026081000058/file_contents/202502nenrei-zentai.pdf
202502,83,291,439,730,https://www.city.urasoe.lg.jp/doc/2026081000058/file_contents/202502nenrei-zentai.pdf
202502,9,638,639,1277,https://www.city.urasoe.lg.jp/doc/2026081000058/file_contents/202502nenrei-zentai.pdf
202502,34,661,719,1380,https://www.city.urasoe.lg.jp/doc/2026081000058/file_contents/202502nenrei-zentai.pdf
202502,59,649,726,1375,https://www.city.urasoe.lg.jp/doc/2026081000058/file_contents/202502nenrei-zentai.pdf
202502,84,288,395,683,https://www.city.urasoe.lg.jp/doc/2026081000058/file_contents/202502nenrei-zentai.pdf
202502,10,642,617,1259,https://www.city.urasoe.lg.jp/doc/2026081000058/file_contents/202502nenrei-zentai.pdf
202502,35,654,632,1286,https://www.city.urasoe.lg.jp/doc/2026081000058/file_contents/202502nenrei-zentai.pdf
202502,60,648,701,1349,https://www.city.urasoe.lg.jp/doc/2026081000058/file_contents/202502nenrei-zentai.pdf
202502,85,261,387,648,https://www.city.urasoe.lg.jp/doc/2026081000058/file_contents/202502nenrei-zentai.pdf
202502,11,684,617,1301,https://www.city.urasoe.lg.jp/doc/2026081000058/file_contents/202502nenrei-zentai.pdf
202502,36,667,721,1388,https://www.city.urasoe.lg.jp/doc/2026081000058/file_contents/202502nenrei-zentai.pdf
202502,61,671,763,1434,https://www.city.urasoe.lg.jp/doc/2026081000058/file_contents/202502nenrei-zentai.pdf
202502,86,253,307,560,https://www.city.urasoe.lg.jp/doc/2026081000058/file_contents/202502nenrei-zentai.pdf
202502,12,674,679,1353,https://www.city.urasoe.lg.jp/doc/2026081000058/file_contents/202502nenrei-zentai.pdf
202502,37,683,657,1340,https://www.city.urasoe.lg.jp/doc/2026081000058/file_contents/202502nenrei-zentai.pdf
202502,62,618,729,1347,https://www.city.urasoe.lg.jp/doc/2026081000058/file_contents/202502nenrei-zentai.pdf
202502,87,197,323,520,https://www.city.urasoe.lg.jp/doc/2026081000058/file_contents/202502nenrei-zentai.pdf
202502,13,701,707,1408,https://www.city.urasoe.lg.jp/doc/2026081000058/file_contents/202502nenrei-zentai.pdf
202502,38,760,745,1505,https://www.city.urasoe.lg.jp/doc/2026081000058/file_contents/202502nenrei-zentai.pdf
202502,63,696,699,1395,https://www.city.urasoe.lg.jp/doc/2026081000058/file_contents/202502nenrei-zentai.pdf
202502,88,159,301,460,https://www.city.urasoe.lg.jp/doc/2026081000058/file_contents/202502nenrei-zentai.pdf
202502,14,672,681,1353,https://www.city.urasoe.lg.jp/doc/2026081000058/file_contents/202502nenrei-zentai.pdf
202502,39,722,746,1468,https://www.city.urasoe.lg.jp/doc/2026081000058/file_contents/202502nenrei-zentai.pdf
202502,64,658,665,1323,https://www.city.urasoe.lg.jp/doc/2026081000058/file_contents/202502nenrei-zentai.pdf
202502,89,151,276,427,https://www.city.urasoe.lg.jp/doc/2026081000058/file_contents/202502nenrei-zentai.pdf
202502,15,719,639,1358,https://www.city.urasoe.lg.jp/doc/2026081000058/file_contents/202502nenrei-zentai.pdf
202502,40,746,800,1546,https://www.city.urasoe.lg.jp/doc/2026081000058/file_contents/202502nenrei-zentai.pdf
202502,65,635,665,1300,https://www.city.urasoe.lg.jp/doc/2026081000058/file_contents/202502nenrei-zentai.pdf
202502,90,123,252,375,https://www.city.urasoe.lg.jp/doc/2026081000058/file_contents/202502nenrei-zentai.pdf
202502,16,701,690,1391,https://www.city.urasoe.lg.jp/doc/2026081000058/file_contents/202502nenrei-zentai.pdf
202502,41,770,765,1535,https://www.city.urasoe.lg.jp/doc/2026081000058/file_contents/202502nenrei-zentai.pdf
202502,66,656,649,1305,https://www.city.urasoe.lg.jp/doc/2026081000058/file_contents/202502nenrei-zentai.pdf
202502,91,84,219,303,https://www.city.urasoe.lg.jp/doc/2026081000058/file_contents/202502nenrei-zentai.pdf
202502,17,694,660,1354,https://www.city.urasoe.lg.jp/doc/2026081000058/file_contents/202502nenrei-zentai.pdf
202502,42,714,703,1417,https://www.city.urasoe.lg.jp/doc/2026081000058/file_contents/202502nenrei-zentai.pdf
202502,67,549,595,1144,https://www.city.urasoe.lg.jp/doc/2026081000058/file_contents/202502nenrei-zentai.pdf
202502,92,77,176,253,https://www.city.urasoe.lg.jp/doc/2026081000058/file_contents/202502nenrei-zentai.pdf
202502,18,725,713,1438,https://www.city.urasoe.lg.jp/doc/2026081000058/file_contents/202502nenrei-zentai.pdf
202502,43,676,771,1447,https://www.city.urasoe.lg.jp/doc/2026081000058/file_contents/202502nenrei-zentai.pdf
202502,68,599,625,1224,https://www.city.urasoe.lg.jp/doc/2026081000058/file_contents/202502nenrei-zentai.pdf
202502,93,52,139,191,https://www.city.urasoe.lg.jp/doc/2026081000058/file_contents/202502nenrei-zentai.pdf
202502,19,624,602,1226,https://www.city.urasoe.lg.jp/doc/2026081000058/file_contents/202502nenrei-zentai.pdf
202502,44,736,751,1487,https://www.city.urasoe.lg.jp/doc/2026081000058/file_contents/202502nenrei-zentai.pdf
202502,69,540,624,1164,https://www.city.urasoe.lg.jp/doc/2026081000058/file_contents/202502nenrei-zentai.pdf
202502,94,40,112,152,https://www.city.urasoe.lg.jp/doc/2026081000058/file_contents/202502nenrei-zentai.pdf
202502,20,647,606,1253,https://www.city.urasoe.lg.jp/doc/2026081000058/file_contents/202502nenrei-zentai.pdf
202502,45,752,770,1522,https://www.city.urasoe.lg.jp/doc/2026081000058/file_contents/202502nenrei-zentai.pdf
202502,70,582,679,1261,https://www.city.urasoe.lg.jp/doc/2026081000058/file_contents/202502nenrei-zentai.pdf
202502,95,31,93,124,https://www.city.urasoe.lg.jp/doc/2026081000058/file_contents/202502nenrei-zentai.pdf
202502,21,678,681,1359,https://www.city.urasoe.lg.jp/doc/2026081000058/file_contents/202502nenrei-zentai.pdf
202502,46,795,789,1584,https://www.city.urasoe.lg.jp/doc/2026081000058/file_contents/202502nenrei-zentai.pdf
202502,71,585,683,1268,https://www.city.urasoe.lg.jp/doc/2026081000058/file_contents/202502nenrei-zentai.pdf
202502,96,24,72,96,https://www.city.urasoe.lg.jp/doc/2026081000058/file_contents/202502nenrei-zentai.pdf
202502,22,700,653,1353,https://www.city.urasoe.lg.jp/doc/2026081000058/file_contents/202502nenrei-zentai.pdf
202502,47,774,787,1561,https://www.city.urasoe.lg.jp/doc/2026081000058/file_contents/202502nenrei-zentai.pdf
202502,72,629,705,1334,https://www.city.urasoe.lg.jp/doc/2026081000058/file_contents/202502nenrei-zentai.pdf
202502,97,13,59,72,https://www.city.urasoe.lg.jp/doc/2026081000058/file_contents/202502nenrei-zentai.pdf
202502,23,630,637,1267,https://www.city.urasoe.lg.jp/doc/2026081000058/file_contents/202502nenrei-zentai.pdf
202502,48,803,870,1673,https://www.city.urasoe.lg.jp/doc/2026081000058/file_contents/202502nenrei-zentai.pdf
202502,73,589,744,1333,https://www.city.urasoe.lg.jp/doc/2026081000058/file_contents/202502nenrei-zentai.pdf
202502,98,4,40,44,https://www.city.urasoe.lg.jp/doc/2026081000058/file_contents/202502nenrei-zentai.pdf
202502,24,632,645,1277,https://www.city.urasoe.lg.jp/doc/2026081000058/file_contents/202502nenrei-zentai.pdf
202502,49,858,868,1726,https://www.city.urasoe.lg.jp/doc/2026081000058/file_contents/202502nenrei-zentai.pdf
202502,74,607,704,1311,https://www.city.urasoe.lg.jp/doc/2026081000058/file_contents/202502nenrei-zentai.pdf
202502,99,1,28,29,https://www.city.urasoe.lg.jp/doc/2026081000058/file_contents/202502nenrei-zentai.pdf
202502,100,1,19,20,https://www.city.urasoe.lg.jp/doc/2026081000058/file_contents/202502nenrei-zentai.pdf
202502,101,4,17,21,https://www.city.urasoe.lg.jp/doc/2026081000058/file_contents/202502nenrei-zentai.pdf
202503,0,487,476,963,https://www.city.urasoe.lg.jp/doc/2026081000058/file_contents/202503nenrei-zentai.pdf
202503,25,621,628,1249,https://www.city.urasoe.lg.jp/doc/2026081000058/file_contents/202503nenrei-zentai.pdf
202503,50,889,936,1825,https://www.city.urasoe.lg.jp/doc/2026081000058/file_contents/202503nenrei-zentai.pdf
202503,75,541,621,1162,https://www.city.urasoe.lg.jp/doc/2026081000058/file_contents/202503nenrei-zentai.pdf
202503,1,518,476,994,https://www.city.urasoe.lg.jp/doc/2026081000058/file_contents/202503nenrei-zentai.pdf
202503,26,672,622,1294,https://www.city.urasoe.lg.jp/doc/2026081000058/file_contents/202503nenrei-zentai.pdf
202503,51,929,1006,1935,https://www.city.urasoe.lg.jp/doc/2026081000058/file_contents/202503nenrei-zentai.pdf
202503,76,521,610,1131,https://www.city.urasoe.lg.jp/doc/2026081000058/file_contents/202503nenrei-zentai.pdf
202503,2,559,498,1057,https://www.city.urasoe.lg.jp/doc/2026081000058/file_contents/202503nenrei-zentai.pdf
202503,27,649,671,1320,https://www.city.urasoe.lg.jp/doc/2026081000058/file_contents/202503nenrei-zentai.pdf
202503,52,890,914,1804,https://www.city.urasoe.lg.jp/doc/2026081000058/file_contents/202503nenrei-zentai.pdf
202503,77,566,623,1189,https://www.city.urasoe.lg.jp/doc/2026081000058/file_contents/202503nenrei-zentai.pdf
202503,3,598,572,1170,https://www.city.urasoe.lg.jp/doc/2026081000058/file_contents/202503nenrei-zentai.pdf
202503,28,664,631,1295,https://www.city.urasoe.lg.jp/doc/2026081000058/file_contents/202503nenrei-zentai.pdf
202503,53,836,840,1676,https://www.city.urasoe.lg.jp/doc/2026081000058/file_contents/202503nenrei-zentai.pdf
202503,78,308,364,672,https://www.city.urasoe.lg.jp/doc/2026081000058/file_contents/202503nenrei-zentai.pdf
202503,4,625,574,1199,https://www.city.urasoe.lg.jp/doc/2026081000058/file_contents/202503nenrei-zentai.pdf
202503,29,626,672,1298,https://www.city.urasoe.lg.jp/doc/2026081000058/file_contents/202503nenrei-zentai.pdf
202503,54,778,863,1641,https://www.city.urasoe.lg.jp/doc/2026081000058/file_contents/202503nenrei-zentai.pdf
202503,79,179,243,422,https://www.city.urasoe.lg.jp/doc/2026081000058/file_contents/202503nenrei-zentai.pdf
202503,5,581,544,1125,https://www.city.urasoe.lg.jp/doc/2026081000058/file_contents/202503nenrei-zentai.pdf
202503,30,624,675,1299,https://www.city.urasoe.lg.jp/doc/2026081000058/file_contents/202503nenrei-zentai.pdf
202503,55,781,772,1553,https://www.city.urasoe.lg.jp/doc/2026081000058/file_contents/202503nenrei-zentai.pdf
202503,80,245,356,601,https://www.city.urasoe.lg.jp/doc/2026081000058/file_contents/202503nenrei-zentai.pdf
202503,6,580,552,1132,https://www.city.urasoe.lg.jp/doc/2026081000058/file_contents/202503nenrei-zentai.pdf
202503,31,626,657,1283,https://www.city.urasoe.lg.jp/doc/2026081000058/file_contents/202503nenrei-zentai.pdf
202503,56,832,869,1701,https://www.city.urasoe.lg.jp/doc/2026081000058/file_contents/202503nenrei-zentai.pdf
202503,81,333,436,769,https://www.city.urasoe.lg.jp/doc/2026081000058/file_contents/202503nenrei-zentai.pdf
202503,7,626,588,1214,https://www.city.urasoe.lg.jp/doc/2026081000058/file_contents/202503nenrei-zentai.pdf
202503,32,646,649,1295,https://www.city.urasoe.lg.jp/doc/2026081000058/file_contents/202503nenrei-zentai.pdf
202503,57,819,879,1698,https://www.city.urasoe.lg.jp/doc/2026081000058/file_contents/202503nenrei-zentai.pdf
202503,82,286,401,687,https://www.city.urasoe.lg.jp/doc/2026081000058/file_contents/202503nenrei-zentai.pdf
202503,8,625,662,1287,https://www.city.urasoe.lg.jp/doc/2026081000058/file_contents/202503nenrei-zentai.pdf
202503,33,634,672,1306,https://www.city.urasoe.lg.jp/doc/2026081000058/file_contents/202503nenrei-zentai.pdf
202503,58,681,701,1382,https://www.city.urasoe.lg.jp/doc/2026081000058/file_contents/202503nenrei-zentai.pdf
202503,83,290,422,712,https://www.city.urasoe.lg.jp/doc/2026081000058/file_contents/202503nenrei-zentai.pdf
202503,9,644,619,1263,https://www.city.urasoe.lg.jp/doc/2026081000058/file_contents/202503nenrei-zentai.pdf
202503,34,674,701,1375,https://www.city.urasoe.lg.jp/doc/2026081000058/file_contents/202503nenrei-zentai.pdf
202503,59,641,716,1357,https://www.city.urasoe.lg.jp/doc/2026081000058/file_contents/202503nenrei-zentai.pdf
202503,84,294,378,672,https://www.city.urasoe.lg.jp/doc/2026081000058/file_contents/202503nenrei-zentai.pdf
202503,10,647,636,1283,https://www.city.urasoe.lg.jp/doc/2026081000058/file_contents/202503nenrei-zentai.pdf
202503,35,633,643,1276,https://www.city.urasoe.lg.jp/doc/2026081000058/file_contents/202503nenrei-zentai.pdf
202503,60,642,699,1341,https://www.city.urasoe.lg.jp/doc/2026081000058/file_contents/202503nenrei-zentai.pdf
202503,85,260,409,669,https://www.city.urasoe.lg.jp/doc/2026081000058/file_contents/202503nenrei-zentai.pdf
202503,11,664,620,1284,https://www.city.urasoe.lg.jp/doc/2026081000058/file_contents/202503nenrei-zentai.pdf
202503,36,679,712,1391,https://www.city.urasoe.lg.jp/doc/2026081000058/file_contents/202503nenrei-zentai.pdf
202503,61,665,761,1426,https://www.city.urasoe.lg.jp/doc/2026081000058/file_contents/202503nenrei-zentai.pdf
202503,86,243,312,555,https://www.city.urasoe.lg.jp/doc/2026081000058/file_contents/202503nenrei-zentai.pdf
202503,12,693,668,1361,https://www.city.urasoe.lg.jp/doc/2026081000058/file_contents/202503nenrei-zentai.pdf
202503,37,675,658,1333,https://www.city.urasoe.lg.jp/doc/2026081000058/file_contents/202503nenrei-zentai.pdf
202503,62,638,751,1389,https://www.city.urasoe.lg.jp/doc/2026081000058/file_contents/202503nenrei-zentai.pdf
202503,87,205,324,529,https://www.city.urasoe.lg.jp/doc/2026081000058/file_contents/202503nenrei-zentai.pdf
202503,13,685,689,1374,https://www.city.urasoe.lg.jp/doc/2026081000058/file_contents/202503nenrei-zentai.pdf
202503,38,746,743,1489,https://www.city.urasoe.lg.jp/doc/2026081000058/file_contents/202503nenrei-zentai.pdf
202503,63,674,687,1361,https://www.city.urasoe.lg.jp/doc/2026081000058/file_contents/202503nenrei-zentai.pdf
202503,88,153,297,450,https://www.city.urasoe.lg.jp/doc/2026081000058/file_contents/202503nenrei-zentai.pdf
202503,14,674,683,1357,https://www.city.urasoe.lg.jp/doc/2026081000058/file_contents/202503nenrei-zentai.pdf
202503,39,715,744,1459,https://www.city.urasoe.lg.jp/doc/2026081000058/file_contents/202503nenrei-zentai.pdf
202503,64,663,673,1336,https://www.city.urasoe.lg.jp/doc/2026081000058/file_contents/202503nenrei-zentai.pdf
202503,89,152,285,437,https://www.city.urasoe.lg.jp/doc/2026081000058/file_contents/202503nenrei-zentai.pdf
202503,15,722,647,1369,https://www.city.urasoe.lg.jp/doc/2026081000058/file_contents/202503nenrei-zentai.pdf
202503,40,744,785,1529,https://www.city.urasoe.lg.jp/doc/2026081000058/file_contents/202503nenrei-zentai.pdf
202503,65,638,660,1298,https://www.city.urasoe.lg.jp/doc/2026081000058/file_contents/202503nenrei-zentai.pdf
202503,90,129,252,381,https://www.city.urasoe.lg.jp/doc/2026081000058/file_contents/202503nenrei-zentai.pdf
202503,16,703,692,1395,https://www.city.urasoe.lg.jp/doc/2026081000058/file_contents/202503nenrei-zentai.pdf
202503,41,765,779,1544,https://www.city.urasoe.lg.jp/doc/2026081000058/file_contents/202503nenrei-zentai.pdf
202503,66,650,651,1301,https://www.city.urasoe.lg.jp/doc/2026081000058/file_contents/202503nenrei-zentai.pdf
202503,91,79,218,297,https://www.city.urasoe.lg.jp/doc/2026081000058/file_contents/202503nenrei-zentai.pdf
202503,17,688,660,1348,https://www.city.urasoe.lg.jp/doc/2026081000058/file_contents/202503nenrei-zentai.pdf
202503,42,709,711,1420,https://www.city.urasoe.lg.jp/doc/2026081000058/file_contents/202503nenrei-zentai.pdf
202503,67,561,595,1156,https://www.city.urasoe.lg.jp/doc/2026081000058/file_contents/202503nenrei-zentai.pdf
202503,92,81,161,242,https://www.city.urasoe.lg.jp/doc/2026081000058/file_contents/202503nenrei-zentai.pdf
202503,18,681,664,1345,https://www.city.urasoe.lg.jp/doc/2026081000058/file_contents/202503nenrei-zentai.pdf
202503,43,669,761,1430,https://www.city.urasoe.lg.jp/doc/2026081000058/file_contents/202503nenrei-zentai.pdf
202503,68,595,615,1210,https://www.city.urasoe.lg.jp/doc/2026081000058/file_contents/202503nenrei-zentai.pdf
202503,93,53,146,199,https://www.city.urasoe.lg.jp/doc/2026081000058/file_contents/202503nenrei-zentai.pdf
202503,19,607,592,1199,https://www.city.urasoe.lg.jp/doc/2026081000058/file_contents/202503nenrei-zentai.pdf
202503,44,744,744,1488,https://www.city.urasoe.lg.jp/doc/2026081000058/file_contents/202503nenrei-zentai.pdf
202503,69,535,628,1163,https://www.city.urasoe.lg.jp/doc/2026081000058/file_contents/202503nenrei-zentai.pdf
202503,94,40,113,153,https://www.city.urasoe.lg.jp/doc/2026081000058/file_contents/202503nenrei-zentai.pdf
202503,20,636,566,1202,https://www.city.urasoe.lg.jp/doc/2026081000058/file_contents/202503nenrei-zentai.pdf
202503,45,741,771,1512,https://www.city.urasoe.lg.jp/doc/2026081000058/file_contents/202503nenrei-zentai.pdf
202503,70,580,677,1257,https://www.city.urasoe.lg.jp/doc/2026081000058/file_contents/202503nenrei-zentai.pdf
202503,95,31,89,120,https://www.city.urasoe.lg.jp/doc/2026081000058/file_contents/202503nenrei-zentai.pdf
202503,21,646,637,1283,https://www.city.urasoe.lg.jp/doc/2026081000058/file_contents/202503nenrei-zentai.pdf
202503,46,790,790,1580,https://www.city.urasoe.lg.jp/doc/2026081000058/file_contents/202503nenrei-zentai.pdf
202503,71,588,678,1266,https://www.city.urasoe.lg.jp/doc/2026081000058/file_contents/202503nenrei-zentai.pdf
202503,96,26,76,102,https://www.city.urasoe.lg.jp/doc/2026081000058/file_contents/202503nenrei-zentai.pdf
202503,22,672,625,1297,https://www.city.urasoe.lg.jp/doc/2026081000058/file_contents/202503nenrei-zentai.pdf
202503,47,777,792,1569,https://www.city.urasoe.lg.jp/doc/2026081000058/file_contents/202503nenrei-zentai.pdf
202503,72,620,715,1335,https://www.city.urasoe.lg.jp/doc/2026081000058/file_contents/202503nenrei-zentai.pdf
202503,97,14,57,71,https://www.city.urasoe.lg.jp/doc/2026081000058/file_contents/202503nenrei-zentai.pdf
202503,23,615,602,1217,https://www.city.urasoe.lg.jp/doc/2026081000058/file_contents/202503nenrei-zentai.pdf
202503,48,807,844,1651,https://www.city.urasoe.lg.jp/doc/2026081000058/file_contents/202503nenrei-zentai.pdf
202503,73,572,719,1291,https://www.city.urasoe.lg.jp/doc/2026081000058/file_contents/202503nenrei-zentai.pdf
202503,98,3,40,43,https://www.city.urasoe.lg.jp/doc/2026081000058/file_contents/202503nenrei-zentai.pdf
202503,24,616,630,1246,https://www.city.urasoe.lg.jp/doc/2026081000058/file_contents/202503nenrei-zentai.pdf
202503,49,861,880,1741,https://www.city.urasoe.lg.jp/doc/2026081000058/file_contents/202503nenrei-zentai.pdf
202503,74,622,726,1348,https://www.city.urasoe.lg.jp/doc/2026081000058/file_contents/202503nenrei-zentai.pdf
202503,99,0,29,29,https://www.city.urasoe.lg.jp/doc/2026081000058/file_contents/202503nenrei-zentai.pdf
202503,100,2,17,19,https://www.city.urasoe.lg.jp/doc/2026081000058/file_contents/202503nenrei-zentai.pdf
202503,101,4,17,21,https://www.city.urasoe.lg.jp/doc/2026081000058/file_contents/202503nenrei-zentai.pdf
202504,0,476,472,948,https://www.city.urasoe.lg.jp/doc/2026081000058/file_contents/202504nenrei-zentai.pdf
202504,25,623,651,1274,https://www.city.urasoe.lg.jp/doc/2026081000058/file_contents/202504nenrei-zentai.pdf
202504,50,889,941,1830,https://www.city.urasoe.lg.jp/doc/2026081000058/file_contents/202504nenrei-zentai.pdf
202504,75,549,632,1181,https://www.city.urasoe.lg.jp/doc/2026081000058/file_contents/202504nenrei-zentai.pdf
202504,1,536,464,1000,https://www.city.urasoe.lg.jp/doc/2026081000058/file_contents/202504nenrei-zentai.pdf
202504,26,668,618,1286,https://www.city.urasoe.lg.jp/doc/2026081000058/file_contents/202504nenrei-zentai.pdf
202504,51,945,1008,1953,https://www.city.urasoe.lg.jp/doc/2026081000058/file_contents/202504nenrei-zentai.pdf
202504,76,517,608,1125,https://www.city.urasoe.lg.jp/doc/2026081000058/file_contents/202504nenrei-zentai.pdf
202504,2,542,507,1049,https://www.city.urasoe.lg.jp/doc/2026081000058/file_contents/202504nenrei-zentai.pdf
202504,27,659,661,1320,https://www.city.urasoe.lg.jp/doc/2026081000058/file_contents/202504nenrei-zentai.pdf
202504,52,883,923,1806,https://www.city.urasoe.lg.jp/doc/2026081000058/file_contents/202504nenrei-zentai.pdf
202504,77,558,628,1186,https://www.city.urasoe.lg.jp/doc/2026081000058/file_contents/202504nenrei-zentai.pdf
202504,3,593,570,1163,https://www.city.urasoe.lg.jp/doc/2026081000058/file_contents/202504nenrei-zentai.pdf
202504,28,685,636,1321,https://www.city.urasoe.lg.jp/doc/2026081000058/file_contents/202504nenrei-zentai.pdf
202504,53,847,852,1699,https://www.city.urasoe.lg.jp/doc/2026081000058/file_contents/202504nenrei-zentai.pdf
202504,78,336,390,726,https://www.city.urasoe.lg.jp/doc/2026081000058/file_contents/202504nenrei-zentai.pdf
202504,4,625,551,1176,https://www.city.urasoe.lg.jp/doc/2026081000058/file_contents/202504nenrei-zentai.pdf
202504,29,629,681,1310,https://www.city.urasoe.lg.jp/doc/2026081000058/file_contents/202504nenrei-zentai.pdf
202504,54,791,853,1644,https://www.city.urasoe.lg.jp/doc/2026081000058/file_contents/202504nenrei-zentai.pdf
202504,79,176,240,416,https://www.city.urasoe.lg.jp/doc/2026081000058/file_contents/202504nenrei-zentai.pdf
202504,5,582,557,1139,https://www.city.urasoe.lg.jp/doc/2026081000058/file_contents/202504nenrei-zentai.pdf
202504,30,624,681,1305,https://www.city.urasoe.lg.jp/doc/2026081000058/file_contents/202504nenrei-zentai.pdf
202504,55,799,779,1578,https://www.city.urasoe.lg.jp/doc/2026081000058/file_contents/202504nenrei-zentai.pdf
202504,80,243,351,594,https://www.city.urasoe.lg.jp/doc/2026081000058/file_contents/202504nenrei-zentai.pdf
202504,6,605,579,1184,https://www.city.urasoe.lg.jp/doc/2026081000058/file_contents/202504nenrei-zentai.pdf
202504,31,645,659,1304,https://www.city.urasoe.lg.jp/doc/2026081000058/file_contents/202504nenrei-zentai.pdf
202504,56,827,869,1696,https://www.city.urasoe.lg.jp/doc/2026081000058/file_contents/202504nenrei-zentai.pdf
202504,81,338,423,761,https://www.city.urasoe.lg.jp/doc/2026081000058/file_contents/202504nenrei-zentai.pdf
202504,7,615,573,1188,https://www.city.urasoe.lg.jp/doc/2026081000058/file_contents/202504nenrei-zentai.pdf
202504,32,637,650,1287,https://www.city.urasoe.lg.jp/doc/2026081000058/file_contents/202504nenrei-zentai.pdf
202504,57,828,884,1712,https://www.city.urasoe.lg.jp/doc/2026081000058/file_contents/202504nenrei-zentai.pdf
202504,82,283,409,692,https://www.city.urasoe.lg.jp/doc/2026081000058/file_contents/202504nenrei-zentai.pdf
202504,8,623,657,1280,https://www.city.urasoe.lg.jp/doc/2026081000058/file_contents/202504nenrei-zentai.pdf
202504,33,642,679,1321,https://www.city.urasoe.lg.jp/doc/2026081000058/file_contents/202504nenrei-zentai.pdf
202504,58,675,705,1380,https://www.city.urasoe.lg.jp/doc/2026081000058/file_contents/202504nenrei-zentai.pdf
202504,83,285,413,698,https://www.city.urasoe.lg.jp/doc/2026081000058/file_contents/202504nenrei-zentai.pdf
202504,9,647,622,1269,https://www.city.urasoe.lg.jp/doc/2026081000058/file_contents/202504nenrei-zentai.pdf
202504,34,671,689,1360,https://www.city.urasoe.lg.jp/doc/2026081000058/file_contents/202504nenrei-zentai.pdf
202504,59,639,701,1340,https://www.city.urasoe.lg.jp/doc/2026081000058/file_contents/202504nenrei-zentai.pdf
202504,84,297,388,685,https://www.city.urasoe.lg.jp/doc/2026081000058/file_contents/202504nenrei-zentai.pdf
202504,10,653,637,1290,https://www.city.urasoe.lg.jp/doc/2026081000058/file_contents/202504nenrei-zentai.pdf
202504,35,642,657,1299,https://www.city.urasoe.lg.jp/doc/2026081000058/file_contents/202504nenrei-zentai.pdf
202504,60,651,713,1364,https://www.city.urasoe.lg.jp/doc/2026081000058/file_contents/202504nenrei-zentai.pdf
202504,85,257,403,660,https://www.city.urasoe.lg.jp/doc/2026081000058/file_contents/202504nenrei-zentai.pdf
202504,11,661,611,1272,https://www.city.urasoe.lg.jp/doc/2026081000058/file_contents/202504nenrei-zentai.pdf
202504,36,660,711,1371,https://www.city.urasoe.lg.jp/doc/2026081000058/file_contents/202504nenrei-zentai.pdf
202504,61,656,752,1408,https://www.city.urasoe.lg.jp/doc/2026081000058/file_contents/202504nenrei-zentai.pdf
202504,86,239,307,546,https://www.city.urasoe.lg.jp/doc/2026081000058/file_contents/202504nenrei-zentai.pdf
202504,12,705,669,1374,https://www.city.urasoe.lg.jp/doc/2026081000058/file_contents/202504nenrei-zentai.pdf
202504,37,682,656,1338,https://www.city.urasoe.lg.jp/doc/2026081000058/file_contents/202504nenrei-zentai.pdf
202504,62,658,754,1412,https://www.city.urasoe.lg.jp/doc/2026081000058/file_contents/202504nenrei-zentai.pdf
202504,87,211,331,542,https://www.city.urasoe.lg.jp/doc/2026081000058/file_contents/202504nenrei-zentai.pdf
202504,13,693,699,1392,https://www.city.urasoe.lg.jp/doc/2026081000058/file_contents/202504nenrei-zentai.pdf
202504,38,764,757,1521,https://www.city.urasoe.lg.jp/doc/2026081000058/file_contents/202504nenrei-zentai.pdf
202504,63,650,690,1340,https://www.city.urasoe.lg.jp/doc/2026081000058/file_contents/202504nenrei-zentai.pdf
202504,88,148,301,449,https://www.city.urasoe.lg.jp/doc/2026081000058/file_contents/202504nenrei-zentai.pdf
202504,14,656,678,1334,https://www.city.urasoe.lg.jp/doc/2026081000058/file_contents/202504nenrei-zentai.pdf
202504,39,704,726,1430,https://www.city.urasoe.lg.jp/doc/2026081000058/file_contents/202504nenrei-zentai.pdf
202504,64,669,678,1347,https://www.city.urasoe.lg.jp/doc/2026081000058/file_contents/202504nenrei-zentai.pdf
202504,89,161,287,448,https://www.city.urasoe.lg.jp/doc/2026081000058/file_contents/202504nenrei-zentai.pdf
202504,15,728,652,1380,https://www.city.urasoe.lg.jp/doc/2026081000058/file_contents/202504nenrei-zentai.pdf
202504,40,747,802,1549,https://www.city.urasoe.lg.jp/doc/2026081000058/file_contents/202504nenrei-zentai.pdf
202504,65,622,667,1289,https://www.city.urasoe.lg.jp/doc/2026081000058/file_contents/202504nenrei-zentai.pdf
202504,90,124,251,375,https://www.city.urasoe.lg.jp/doc/2026081000058/file_contents/202504nenrei-zentai.pdf
202504,16,695,703,1398,https://www.city.urasoe.lg.jp/doc/2026081000058/file_contents/202504nenrei-zentai.pdf
202504,41,769,766,1535,https://www.city.urasoe.lg.jp/doc/2026081000058/file_contents/202504nenrei-zentai.pdf
202504,66,665,659,1324,https://www.city.urasoe.lg.jp/doc/2026081000058/file_contents/202504nenrei-zentai.pdf
202504,91,81,214,295,https://www.city.urasoe.lg.jp/doc/2026081000058/file_contents/202504nenrei-zentai.pdf
202504,17,693,661,1354,https://www.city.urasoe.lg.jp/doc/2026081000058/file_contents/202504nenrei-zentai.pdf
202504,42,710,729,1439,https://www.city.urasoe.lg.jp/doc/2026081000058/file_contents/202504nenrei-zentai.pdf
202504,67,579,608,1187,https://www.city.urasoe.lg.jp/doc/2026081000058/file_contents/202504nenrei-zentai.pdf
202504,92,83,170,253,https://www.city.urasoe.lg.jp/doc/2026081000058/file_contents/202504nenrei-zentai.pdf
202504,18,683,646,1329,https://www.city.urasoe.lg.jp/doc/2026081000058/file_contents/202504nenrei-zentai.pdf
202504,43,673,757,1430,https://www.city.urasoe.lg.jp/doc/2026081000058/file_contents/202504nenrei-zentai.pdf
202504,68,580,608,1188,https://www.city.urasoe.lg.jp/doc/2026081000058/file_contents/202504nenrei-zentai.pdf
202504,93,54,143,197,https://www.city.urasoe.lg.jp/doc/2026081000058/file_contents/202504nenrei-zentai.pdf
202504,19,616,596,1212,https://www.city.urasoe.lg.jp/doc/2026081000058/file_contents/202504nenrei-zentai.pdf
202504,44,752,748,1500,https://www.city.urasoe.lg.jp/doc/2026081000058/file_contents/202504nenrei-zentai.pdf
202504,69,549,631,1180,https://www.city.urasoe.lg.jp/doc/2026081000058/file_contents/202504nenrei-zentai.pdf
202504,94,42,109,151,https://www.city.urasoe.lg.jp/doc/2026081000058/file_contents/202504nenrei-zentai.pdf
202504,20,645,593,1238,https://www.city.urasoe.lg.jp/doc/2026081000058/file_contents/202504nenrei-zentai.pdf
202504,45,723,774,1497,https://www.city.urasoe.lg.jp/doc/2026081000058/file_contents/202504nenrei-zentai.pdf
202504,70,591,678,1269,https://www.city.urasoe.lg.jp/doc/2026081000058/file_contents/202504nenrei-zentai.pdf
202504,95,29,92,121,https://www.city.urasoe.lg.jp/doc/2026081000058/file_contents/202504nenrei-zentai.pdf
202504,21,668,644,1312,https://www.city.urasoe.lg.jp/doc/2026081000058/file_contents/202504nenrei-zentai.pdf
202504,46,800,790,1590,https://www.city.urasoe.lg.jp/doc/2026081000058/file_contents/202504nenrei-zentai.pdf
202504,71,573,673,1246,https://www.city.urasoe.lg.jp/doc/2026081000058/file_contents/202504nenrei-zentai.pdf
202504,96,26,69,95,https://www.city.urasoe.lg.jp/doc/2026081000058/file_contents/202504nenrei-zentai.pdf
202504,22,658,652,1310,https://www.city.urasoe.lg.jp/doc/2026081000058/file_contents/202504nenrei-zentai.pdf
202504,47,779,787,1566,https://www.city.urasoe.lg.jp/doc/2026081000058/file_contents/202504nenrei-zentai.pdf
202504,72,617,687,1304,https://www.city.urasoe.lg.jp/doc/2026081000058/file_contents/202504nenrei-zentai.pdf
202504,97,14,60,74,https://www.city.urasoe.lg.jp/doc/2026081000058/file_contents/202504nenrei-zentai.pdf
202504,23,638,601,1239,https://www.city.urasoe.lg.jp/doc/2026081000058/file_contents/202504nenrei-zentai.pdf
202504,48,798,844,1642,https://www.city.urasoe.lg.jp/doc/2026081000058/file_contents/202504nenrei-zentai.pdf
202504,73,574,740,1314,https://www.city.urasoe.lg.jp/doc/2026081000058/file_contents/202504nenrei-zentai.pdf
202504,98,3,44,47,https://www.city.urasoe.lg.jp/doc/2026081000058/file_contents/202504nenrei-zentai.pdf
202504,24,638,627,1265,https://www.city.urasoe.lg.jp/doc/2026081000058/file_contents/202504nenrei-zentai.pdf
202504,49,858,875,1733,https://www.city.urasoe.lg.jp/doc/2026081000058/file_contents/202504nenrei-zentai.pdf
202504,74,618,716,1334,https://www.city.urasoe.lg.jp/doc/2026081000058/file_contents/202504nenrei-zentai.pdf
202504,99,0,26,26,https://www.city.urasoe.lg.jp/doc/2026081000058/file_contents/202504nenrei-zentai.pdf
202504,100,1,16,17,https://www.city.urasoe.lg.jp/doc/2026081000058/file_contents/202504nenrei-zentai.pdf
202504,101,3,19,22,https://www.city.urasoe.lg.jp/doc/2026081000058/file_contents/202504nenrei-zentai.pdf
202505,0,479,470,949,https://www.city.urasoe.lg.jp/doc/2026081000058/file_contents/202505nenrei-zentai.pdf
202505,25,601,646,1247,https://www.city.urasoe.lg.jp/doc/2026081000058/file_contents/202505nenrei-zentai.pdf
202505,50,900,955,1855,https://www.city.urasoe.lg.jp/doc/2026081000058/file_contents/202505nenrei-zentai.pdf
202505,75,548,644,1192,https://www.city.urasoe.lg.jp/doc/2026081000058/file_contents/202505nenrei-zentai.pdf
202505,1,531,476,1007,https://www.city.urasoe.lg.jp/doc/2026081000058/file_contents/202505nenrei-zentai.pdf
202505,26,679,613,1292,https://www.city.urasoe.lg.jp/doc/2026081000058/file_contents/202505nenrei-zentai.pdf
202505,51,935,995,1930,https://www.city.urasoe.lg.jp/doc/2026081000058/file_contents/202505nenrei-zentai.pdf
202505,76,529,605,1134,https://www.city.urasoe.lg.jp/doc/2026081000058/file_contents/202505nenrei-zentai.pdf
202505,2,533,501,1034,https://www.city.urasoe.lg.jp/doc/2026081000058/file_contents/202505nenrei-zentai.pdf
202505,27,664,663,1327,https://www.city.urasoe.lg.jp/doc/2026081000058/file_contents/202505nenrei-zentai.pdf
202505,52,902,947,1849,https://www.city.urasoe.lg.jp/doc/2026081000058/file_contents/202505nenrei-zentai.pdf
202505,77,560,647,1207,https://www.city.urasoe.lg.jp/doc/2026081000058/file_contents/202505nenrei-zentai.pdf
202505,3,601,556,1157,https://www.city.urasoe.lg.jp/doc/2026081000058/file_contents/202505nenrei-zentai.pdf
202505,28,662,639,1301,https://www.city.urasoe.lg.jp/doc/2026081000058/file_contents/202505nenrei-zentai.pdf
202505,53,852,846,1698,https://www.city.urasoe.lg.jp/doc/2026081000058/file_contents/202505nenrei-zentai.pdf
202505,78,352,405,757,https://www.city.urasoe.lg.jp/doc/2026081000058/file_contents/202505nenrei-zentai.pdf
202505,4,628,552,1180,https://www.city.urasoe.lg.jp/doc/2026081000058/file_contents/202505nenrei-zentai.pdf
202505,29,631,686,1317,https://www.city.urasoe.lg.jp/doc/2026081000058/file_contents/202505nenrei-zentai.pdf
202505,54,792,851,1643,https://www.city.urasoe.lg.jp/doc/2026081000058/file_contents/202505nenrei-zentai.pdf
202505,79,173,234,407,https://www.city.urasoe.lg.jp/doc/2026081000058/file_contents/202505nenrei-zentai.pdf
202505,5,579,563,1142,https://www.city.urasoe.lg.jp/doc/2026081000058/file_contents/202505nenrei-zentai.pdf
202505,30,642,668,1310,https://www.city.urasoe.lg.jp/doc/2026081000058/file_contents/202505nenrei-zentai.pdf
202505,55,796,789,1585,https://www.city.urasoe.lg.jp/doc/2026081000058/file_contents/202505nenrei-zentai.pdf
202505,80,237,345,582,https://www.city.urasoe.lg.jp/doc/2026081000058/file_contents/202505nenrei-zentai.pdf
202505,6,589,584,1173,https://www.city.urasoe.lg.jp/doc/2026081000058/file_contents/202505nenrei-zentai.pdf
202505,31,646,651,1297,https://www.city.urasoe.lg.jp/doc/2026081000058/file_contents/202505nenrei-zentai.pdf
202505,56,828,871,1699,https://www.city.urasoe.lg.jp/doc/2026081000058/file_contents/202505nenrei-zentai.pdf
202505,81,327,426,753,https://www.city.urasoe.lg.jp/doc/2026081000058/file_contents/202505nenrei-zentai.pdf
202505,7,630,566,1196,https://www.city.urasoe.lg.jp/doc/2026081000058/file_contents/202505nenrei-zentai.pdf
202505,32,619,650,1269,https://www.city.urasoe.lg.jp/doc/2026081000058/file_contents/202505nenrei-zentai.pdf
202505,57,797,877,1674,https://www.city.urasoe.lg.jp/doc/2026081000058/file_contents/202505nenrei-zentai.pdf
202505,82,285,406,691,https://www.city.urasoe.lg.jp/doc/2026081000058/file_contents/202505nenrei-zentai.pdf
202505,8,622,649,1271,https://www.city.urasoe.lg.jp/doc/2026081000058/file_contents/202505nenrei-zentai.pdf
202505,33,661,684,1345,https://www.city.urasoe.lg.jp/doc/2026081000058/file_contents/202505nenrei-zentai.pdf
202505,58,712,733,1445,https://www.city.urasoe.lg.jp/doc/2026081000058/file_contents/202505nenrei-zentai.pdf
202505,83,291,409,700,https://www.city.urasoe.lg.jp/doc/2026081000058/file_contents/202505nenrei-zentai.pdf
202505,9,637,620,1257,https://www.city.urasoe.lg.jp/doc/2026081000058/file_contents/202505nenrei-zentai.pdf
202505,34,656,676,1332,https://www.city.urasoe.lg.jp/doc/2026081000058/file_contents/202505nenrei-zentai.pdf
202505,59,631,678,1309,https://www.city.urasoe.lg.jp/doc/2026081000058/file_contents/202505nenrei-zentai.pdf
202505,84,300,383,683,https://www.city.urasoe.lg.jp/doc/2026081000058/file_contents/202505nenrei-zentai.pdf
202505,10,655,646,1301,https://www.city.urasoe.lg.jp/doc/2026081000058/file_contents/202505nenrei-zentai.pdf
202505,35,635,675,1310,https://www.city.urasoe.lg.jp/doc/2026081000058/file_contents/202505nenrei-zentai.pdf
202505,60,657,728,1385,https://www.city.urasoe.lg.jp/doc/2026081000058/file_contents/202505nenrei-zentai.pdf
202505,85,249,405,654,https://www.city.urasoe.lg.jp/doc/2026081000058/file_contents/202505nenrei-zentai.pdf
202505,11,668,596,1264,https://www.city.urasoe.lg.jp/doc/2026081000058/file_contents/202505nenrei-zentai.pdf
202505,36,678,701,1379,https://www.city.urasoe.lg.jp/doc/2026081000058/file_contents/202505nenrei-zentai.pdf
202505,61,647,753,1400,https://www.city.urasoe.lg.jp/doc/2026081000058/file_contents/202505nenrei-zentai.pdf
202505,86,246,320,566,https://www.city.urasoe.lg.jp/doc/2026081000058/file_contents/202505nenrei-zentai.pdf
202505,12,694,684,1378,https://www.city.urasoe.lg.jp/doc/2026081000058/file_contents/202505nenrei-zentai.pdf
202505,37,670,668,1338,https://www.city.urasoe.lg.jp/doc/2026081000058/file_contents/202505nenrei-zentai.pdf
202505,62,679,751,1430,https://www.city.urasoe.lg.jp/doc/2026081000058/file_contents/202505nenrei-zentai.pdf
202505,87,206,326,532,https://www.city.urasoe.lg.jp/doc/2026081000058/file_contents/202505nenrei-zentai.pdf
202505,13,689,694,1383,https://www.city.urasoe.lg.jp/doc/2026081000058/file_contents/202505nenrei-zentai.pdf
202505,38,757,742,1499,https://www.city.urasoe.lg.jp/doc/2026081000058/file_contents/202505nenrei-zentai.pdf
202505,63,636,687,1323,https://www.city.urasoe.lg.jp/doc/2026081000058/file_contents/202505nenrei-zentai.pdf
202505,88,157,299,456,https://www.city.urasoe.lg.jp/doc/2026081000058/file_contents/202505nenrei-zentai.pdf
202505,14,660,678,1338,https://www.city.urasoe.lg.jp/doc/2026081000058/file_contents/202505nenrei-zentai.pdf
202505,39,717,728,1445,https://www.city.urasoe.lg.jp/doc/2026081000058/file_contents/202505nenrei-zentai.pdf
202505,64,667,676,1343,https://www.city.urasoe.lg.jp/doc/2026081000058/file_contents/202505nenrei-zentai.pdf
202505,89,157,291,448,https://www.city.urasoe.lg.jp/doc/2026081000058/file_contents/202505nenrei-zentai.pdf
202505,15,727,645,1372,https://www.city.urasoe.lg.jp/doc/2026081000058/file_contents/202505nenrei-zentai.pdf
202505,40,739,805,1544,https://www.city.urasoe.lg.jp/doc/2026081000058/file_contents/202505nenrei-zentai.pdf
202505,65,616,685,1301,https://www.city.urasoe.lg.jp/doc/2026081000058/file_contents/202505nenrei-zentai.pdf
202505,90,127,255,382,https://www.city.urasoe.lg.jp/doc/2026081000058/file_contents/202505nenrei-zentai.pdf
202505,16,713,717,1430,https://www.city.urasoe.lg.jp/doc/2026081000058/file_contents/202505nenrei-zentai.pdf
202505,41,762,764,1526,https://www.city.urasoe.lg.jp/doc/2026081000058/file_contents/202505nenrei-zentai.pdf
202505,66,668,658,1326,https://www.city.urasoe.lg.jp/doc/2026081000058/file_contents/202505nenrei-zentai.pdf
202505,91,81,210,291,https://www.city.urasoe.lg.jp/doc/2026081000058/file_contents/202505nenrei-zentai.pdf
202505,17,682,653,1335,https://www.city.urasoe.lg.jp/doc/2026081000058/file_contents/202505nenrei-zentai.pdf
202505,42,708,744,1452,https://www.city.urasoe.lg.jp/doc/2026081000058/file_contents/202505nenrei-zentai.pdf
202505,67,593,600,1193,https://www.city.urasoe.lg.jp/doc/2026081000058/file_contents/202505nenrei-zentai.pdf
202505,92,84,175,259,https://www.city.urasoe.lg.jp/doc/2026081000058/file_contents/202505nenrei-zentai.pdf
202505,18,683,640,1323,https://www.city.urasoe.lg.jp/doc/2026081000058/file_contents/202505nenrei-zentai.pdf
202505,43,681,727,1408,https://www.city.urasoe.lg.jp/doc/2026081000058/file_contents/202505nenrei-zentai.pdf
202505,68,570,606,1176,https://www.city.urasoe.lg.jp/doc/2026081000058/file_contents/202505nenrei-zentai.pdf
202505,93,53,141,194,https://www.city.urasoe.lg.jp/doc/2026081000058/file_contents/202505nenrei-zentai.pdf
202505,19,632,602,1234,https://www.city.urasoe.lg.jp/doc/2026081000058/file_contents/202505nenrei-zentai.pdf
202505,44,736,765,1501,https://www.city.urasoe.lg.jp/doc/2026081000058/file_contents/202505nenrei-zentai.pdf
202505,69,558,622,1180,https://www.city.urasoe.lg.jp/doc/2026081000058/file_contents/202505nenrei-zentai.pdf
202505,94,45,105,150,https://www.city.urasoe.lg.jp/doc/2026081000058/file_contents/202505nenrei-zentai.pdf
202505,20,632,589,1221,https://www.city.urasoe.lg.jp/doc/2026081000058/file_contents/202505nenrei-zentai.pdf
202505,45,735,764,1499,https://www.city.urasoe.lg.jp/doc/2026081000058/file_contents/202505nenrei-zentai.pdf
202505,70,580,688,1268,https://www.city.urasoe.lg.jp/doc/2026081000058/file_contents/202505nenrei-zentai.pdf
202505,95,29,96,125,https://www.city.urasoe.lg.jp/doc/2026081000058/file_contents/202505nenrei-zentai.pdf
202505,21,651,634,1285,https://www.city.urasoe.lg.jp/doc/2026081000058/file_contents/202505nenrei-zentai.pdf
202505,46,798,792,1590,https://www.city.urasoe.lg.jp/doc/2026081000058/file_contents/202505nenrei-zentai.pdf
202505,71,578,681,1259,https://www.city.urasoe.lg.jp/doc/2026081000058/file_contents/202505nenrei-zentai.pdf
202505,96,25,69,94,https://www.city.urasoe.lg.jp/doc/2026081000058/file_contents/202505nenrei-zentai.pdf
202505,22,666,651,1317,https://www.city.urasoe.lg.jp/doc/2026081000058/file_contents/202505nenrei-zentai.pdf
202505,47,772,795,1567,https://www.city.urasoe.lg.jp/doc/2026081000058/file_contents/202505nenrei-zentai.pdf
202505,72,614,681,1295,https://www.city.urasoe.lg.jp/doc/2026081000058/file_contents/202505nenrei-zentai.pdf
202505,97,10,66,76,https://www.city.urasoe.lg.jp/doc/2026081000058/file_contents/202505nenrei-zentai.pdf
202505,23,648,607,1255,https://www.city.urasoe.lg.jp/doc/2026081000058/file_contents/202505nenrei-zentai.pdf
202505,48,806,845,1651,https://www.city.urasoe.lg.jp/doc/2026081000058/file_contents/202505nenrei-zentai.pdf
202505,73,567,733,1300,https://www.city.urasoe.lg.jp/doc/2026081000058/file_contents/202505nenrei-zentai.pdf
202505,98,6,42,48,https://www.city.urasoe.lg.jp/doc/2026081000058/file_contents/202505nenrei-zentai.pdf
202505,24,640,635,1275,https://www.city.urasoe.lg.jp/doc/2026081000058/file_contents/202505nenrei-zentai.pdf
202505,49,841,853,1694,https://www.city.urasoe.lg.jp/doc/2026081000058/file_contents/202505nenrei-zentai.pdf
202505,74,611,701,1312,https://www.city.urasoe.lg.jp/doc/2026081000058/file_contents/202505nenrei-zentai.pdf
202505,99,0,30,30,https://www.city.urasoe.lg.jp/doc/2026081000058/file_contents/202505nenrei-zentai.pdf
202505,100,1,12,13,https://www.city.urasoe.lg.jp/doc/2026081000058/file_contents/202505nenrei-zentai.pdf
202505,101,3,21,24,https://www.city.urasoe.lg.jp/doc/2026081000058/file_contents/202505nenrei-zentai.pdf
202506,0,493,467,960,https://www.city.urasoe.lg.jp/doc/2026081000058/file_contents/202506nenrei-zentai.pdf
202506,25,602,654,1256,https://www.city.urasoe.lg.jp/doc/2026081000058/file_contents/202506nenrei-zentai.pdf
202506,50,899,946,1845,https://www.city.urasoe.lg.jp/doc/2026081000058/file_contents/202506nenrei-zentai.pdf
202506,75,563,661,1224,https://www.city.urasoe.lg.jp/doc/2026081000058/file_contents/202506nenrei-zentai.pdf
202506,1,515,472,987,https://www.city.urasoe.lg.jp/doc/2026081000058/file_contents/202506nenrei-zentai.pdf
202506,26,661,623,1284,https://www.city.urasoe.lg.jp/doc/2026081000058/file_contents/202506nenrei-zentai.pdf
202506,51,935,982,1917,https://www.city.urasoe.lg.jp/doc/2026081000058/file_contents/202506nenrei-zentai.pdf
202506,76,530,586,1116,https://www.city.urasoe.lg.jp/doc/2026081000058/file_contents/202506nenrei-zentai.pdf
202506,2,540,514,1054,https://www.city.urasoe.lg.jp/doc/2026081000058/file_contents/202506nenrei-zentai.pdf
202506,27,670,648,1318,https://www.city.urasoe.lg.jp/doc/2026081000058/file_contents/202506nenrei-zentai.pdf
202506,52,909,948,1857,https://www.city.urasoe.lg.jp/doc/2026081000058/file_contents/202506nenrei-zentai.pdf
202506,77,549,645,1194,https://www.city.urasoe.lg.jp/doc/2026081000058/file_contents/202506nenrei-zentai.pdf
202506,3,591,535,1126,https://www.city.urasoe.lg.jp/doc/2026081000058/file_contents/202506nenrei-zentai.pdf
202506,28,660,663,1323,https://www.city.urasoe.lg.jp/doc/2026081000058/file_contents/202506nenrei-zentai.pdf
202506,53,849,841,1690,https://www.city.urasoe.lg.jp/doc/2026081000058/file_contents/202506nenrei-zentai.pdf
202506,78,369,421,790,https://www.city.urasoe.lg.jp/doc/2026081000058/file_contents/202506nenrei-zentai.pdf
202506,4,633,557,1190,https://www.city.urasoe.lg.jp/doc/2026081000058/file_contents/202506nenrei-zentai.pdf
202506,29,653,671,1324,https://www.city.urasoe.lg.jp/doc/2026081000058/file_contents/202506nenrei-zentai.pdf
202506,54,789,870,1659,https://www.city.urasoe.lg.jp/doc/2026081000058/file_contents/202506nenrei-zentai.pdf
202506,79,178,245,423,https://www.city.urasoe.lg.jp/doc/2026081000058/file_contents/202506nenrei-zentai.pdf
202506,5,562,559,1121,https://www.city.urasoe.lg.jp/doc/2026081000058/file_contents/202506nenrei-zentai.pdf
202506,30,639,672,1311,https://www.city.urasoe.lg.jp/doc/2026081000058/file_contents/202506nenrei-zentai.pdf
202506,55,799,798,1597,https://www.city.urasoe.lg.jp/doc/2026081000058/file_contents/202506nenrei-zentai.pdf
202506,80,227,336,563,https://www.city.urasoe.lg.jp/doc/2026081000058/file_contents/202506nenrei-zentai.pdf
202506,6,592,581,1173,https://www.city.urasoe.lg.jp/doc/2026081000058/file_contents/202506nenrei-zentai.pdf
202506,31,659,651,1310,https://www.city.urasoe.lg.jp/doc/2026081000058/file_contents/202506nenrei-zentai.pdf
202506,56,823,864,1687,https://www.city.urasoe.lg.jp/doc/2026081000058/file_contents/202506nenrei-zentai.pdf
202506,81,329,416,745,https://www.city.urasoe.lg.jp/doc/2026081000058/file_contents/202506nenrei-zentai.pdf
202506,7,628,560,1188,https://www.city.urasoe.lg.jp/doc/2026081000058/file_contents/202506nenrei-zentai.pdf
202506,32,617,650,1267,https://www.city.urasoe.lg.jp/doc/2026081000058/file_contents/202506nenrei-zentai.pdf
202506,57,789,866,1655,https://www.city.urasoe.lg.jp/doc/2026081000058/file_contents/202506nenrei-zentai.pdf
202506,82,281,412,693,https://www.city.urasoe.lg.jp/doc/2026081000058/file_contents/202506nenrei-zentai.pdf
202506,8,637,654,1291,https://www.city.urasoe.lg.jp/doc/2026081000058/file_contents/202506nenrei-zentai.pdf
202506,33,656,681,1337,https://www.city.urasoe.lg.jp/doc/2026081000058/file_contents/202506nenrei-zentai.pdf
202506,58,742,768,1510,https://www.city.urasoe.lg.jp/doc/2026081000058/file_contents/202506nenrei-zentai.pdf
202506,83,293,400,693,https://www.city.urasoe.lg.jp/doc/2026081000058/file_contents/202506nenrei-zentai.pdf
202506,9,626,611,1237,https://www.city.urasoe.lg.jp/doc/2026081000058/file_contents/202506nenrei-zentai.pdf
202506,34,669,681,1350,https://www.city.urasoe.lg.jp/doc/2026081000058/file_contents/202506nenrei-zentai.pdf
202506,59,619,660,1279,https://www.city.urasoe.lg.jp/doc/2026081000058/file_contents/202506nenrei-zentai.pdf
202506,84,298,397,695,https://www.city.urasoe.lg.jp/doc/2026081000058/file_contents/202506nenrei-zentai.pdf
202506,10,656,666,1322,https://www.city.urasoe.lg.jp/doc/2026081000058/file_contents/202506nenrei-zentai.pdf
202506,35,640,678,1318,https://www.city.urasoe.lg.jp/doc/2026081000058/file_contents/202506nenrei-zentai.pdf
202506,60,663,736,1399,https://www.city.urasoe.lg.jp/doc/2026081000058/file_contents/202506nenrei-zentai.pdf
202506,85,252,390,642,https://www.city.urasoe.lg.jp/doc/2026081000058/file_contents/202506nenrei-zentai.pdf
202506,11,670,585,1255,https://www.city.urasoe.lg.jp/doc/2026081000058/file_contents/202506nenrei-zentai.pdf
202506,36,663,694,1357,https://www.city.urasoe.lg.jp/doc/2026081000058/file_contents/202506nenrei-zentai.pdf
202506,61,659,747,1406,https://www.city.urasoe.lg.jp/doc/2026081000058/file_contents/202506nenrei-zentai.pdf
202506,86,240,328,568,https://www.city.urasoe.lg.jp/doc/2026081000058/file_contents/202506nenrei-zentai.pdf
202506,12,696,675,1371,https://www.city.urasoe.lg.jp/doc/2026081000058/file_contents/202506nenrei-zentai.pdf
202506,37,677,685,1362,https://www.city.urasoe.lg.jp/doc/2026081000058/file_contents/202506nenrei-zentai.pdf
202506,62,659,753,1412,https://www.city.urasoe.lg.jp/doc/2026081000058/file_contents/202506nenrei-zentai.pdf
202506,87,210,317,527,https://www.city.urasoe.lg.jp/doc/2026081000058/file_contents/202506nenrei-zentai.pdf
202506,13,698,702,1400,https://www.city.urasoe.lg.jp/doc/2026081000058/file_contents/202506nenrei-zentai.pdf
202506,38,752,724,1476,https://www.city.urasoe.lg.jp/doc/2026081000058/file_contents/202506nenrei-zentai.pdf
202506,63,638,692,1330,https://www.city.urasoe.lg.jp/doc/2026081000058/file_contents/202506nenrei-zentai.pdf
202506,88,159,310,469,https://www.city.urasoe.lg.jp/doc/2026081000058/file_contents/202506nenrei-zentai.pdf
202506,14,657,663,1320,https://www.city.urasoe.lg.jp/doc/2026081000058/file_contents/202506nenrei-zentai.pdf
202506,39,708,724,1432,https://www.city.urasoe.lg.jp/doc/2026081000058/file_contents/202506nenrei-zentai.pdf
202506,64,674,675,1349,https://www.city.urasoe.lg.jp/doc/2026081000058/file_contents/202506nenrei-zentai.pdf
202506,89,156,289,445,https://www.city.urasoe.lg.jp/doc/2026081000058/file_contents/202506nenrei-zentai.pdf
202506,15,714,661,1375,https://www.city.urasoe.lg.jp/doc/2026081000058/file_contents/202506nenrei-zentai.pdf
202506,40,745,821,1566,https://www.city.urasoe.lg.jp/doc/2026081000058/file_contents/202506nenrei-zentai.pdf
202506,65,620,693,1313,https://www.city.urasoe.lg.jp/doc/2026081000058/file_contents/202506nenrei-zentai.pdf
202506,90,130,253,383,https://www.city.urasoe.lg.jp/doc/2026081000058/file_contents/202506nenrei-zentai.pdf
202506,16,709,693,1402,https://www.city.urasoe.lg.jp/doc/2026081000058/file_contents/202506nenrei-zentai.pdf
202506,41,763,778,1541,https://www.city.urasoe.lg.jp/doc/2026081000058/file_contents/202506nenrei-zentai.pdf
202506,66,663,658,1321,https://www.city.urasoe.lg.jp/doc/2026081000058/file_contents/202506nenrei-zentai.pdf
202506,91,81,213,294,https://www.city.urasoe.lg.jp/doc/2026081000058/file_contents/202506nenrei-zentai.pdf
202506,17,693,674,1367,https://www.city.urasoe.lg.jp/doc/2026081000058/file_contents/202506nenrei-zentai.pdf
202506,42,720,721,1441,https://www.city.urasoe.lg.jp/doc/2026081000058/file_contents/202506nenrei-zentai.pdf
202506,67,598,595,1193,https://www.city.urasoe.lg.jp/doc/2026081000058/file_contents/202506nenrei-zentai.pdf
202506,92,83,178,261,https://www.city.urasoe.lg.jp/doc/2026081000058/file_contents/202506nenrei-zentai.pdf
202506,18,689,631,1320,https://www.city.urasoe.lg.jp/doc/2026081000058/file_contents/202506nenrei-zentai.pdf
202506,43,684,740,1424,https://www.city.urasoe.lg.jp/doc/2026081000058/file_contents/202506nenrei-zentai.pdf
202506,68,576,621,1197,https://www.city.urasoe.lg.jp/doc/2026081000058/file_contents/202506nenrei-zentai.pdf
202506,93,56,140,196,https://www.city.urasoe.lg.jp/doc/2026081000058/file_contents/202506nenrei-zentai.pdf
202506,19,629,623,1252,https://www.city.urasoe.lg.jp/doc/2026081000058/file_contents/202506nenrei-zentai.pdf
202506,44,730,754,1484,https://www.city.urasoe.lg.jp/doc/2026081000058/file_contents/202506nenrei-zentai.pdf
202506,69,550,612,1162,https://www.city.urasoe.lg.jp/doc/2026081000058/file_contents/202506nenrei-zentai.pdf
202506,94,42,103,145,https://www.city.urasoe.lg.jp/doc/2026081000058/file_contents/202506nenrei-zentai.pdf
202506,20,633,585,1218,https://www.city.urasoe.lg.jp/doc/2026081000058/file_contents/202506nenrei-zentai.pdf
202506,45,718,775,1493,https://www.city.urasoe.lg.jp/doc/2026081000058/file_contents/202506nenrei-zentai.pdf
202506,70,595,688,1283,https://www.city.urasoe.lg.jp/doc/2026081000058/file_contents/202506nenrei-zentai.pdf
202506,95,30,98,128,https://www.city.urasoe.lg.jp/doc/2026081000058/file_contents/202506nenrei-zentai.pdf
202506,21,647,639,1286,https://www.city.urasoe.lg.jp/doc/2026081000058/file_contents/202506nenrei-zentai.pdf
202506,46,806,788,1594,https://www.city.urasoe.lg.jp/doc/2026081000058/file_contents/202506nenrei-zentai.pdf
202506,71,563,680,1243,https://www.city.urasoe.lg.jp/doc/2026081000058/file_contents/202506nenrei-zentai.pdf
202506,96,26,70,96,https://www.city.urasoe.lg.jp/doc/2026081000058/file_contents/202506nenrei-zentai.pdf
202506,22,653,633,1286,https://www.city.urasoe.lg.jp/doc/2026081000058/file_contents/202506nenrei-zentai.pdf
202506,47,765,780,1545,https://www.city.urasoe.lg.jp/doc/2026081000058/file_contents/202506nenrei-zentai.pdf
202506,72,621,669,1290,https://www.city.urasoe.lg.jp/doc/2026081000058/file_contents/202506nenrei-zentai.pdf
202506,97,11,62,73,https://www.city.urasoe.lg.jp/doc/2026081000058/file_contents/202506nenrei-zentai.pdf
202506,23,659,605,1264,https://www.city.urasoe.lg.jp/doc/2026081000058/file_contents/202506nenrei-zentai.pdf
202506,48,807,850,1657,https://www.city.urasoe.lg.jp/doc/2026081000058/file_contents/202506nenrei-zentai.pdf
202506,73,555,729,1284,https://www.city.urasoe.lg.jp/doc/2026081000058/file_contents/202506nenrei-zentai.pdf
202506,98,4,46,50,https://www.city.urasoe.lg.jp/doc/2026081000058/file_contents/202506nenrei-zentai.pdf
202506,24,654,631,1285,https://www.city.urasoe.lg.jp/doc/2026081000058/file_contents/202506nenrei-zentai.pdf
202506,49,834,849,1683,https://www.city.urasoe.lg.jp/doc/2026081000058/file_contents/202506nenrei-zentai.pdf
202506,74,605,715,1320,https://www.city.urasoe.lg.jp/doc/2026081000058/file_contents/202506nenrei-zentai.pdf
202506,99,1,28,29,https://www.city.urasoe.lg.jp/doc/2026081000058/file_contents/202506nenrei-zentai.pdf
202506,100,1,14,15,https://www.city.urasoe.lg.jp/doc/2026081000058/file_contents/202506nenrei-zentai.pdf
202506,101,3,20,23,https://www.city.urasoe.lg.jp/doc/2026081000058/file_contents/202506nenrei-zentai.pdf
202507,0,486,441,927,https://www.city.urasoe.lg.jp/doc/2026081000058/file_contents/202507nenrei-zentai.pdf
202507,25,611,644,1255,https://www.city.urasoe.lg.jp/doc/2026081000058/file_contents/202507nenrei-zentai.pdf
202507,50,911,939,1850,https://www.city.urasoe.lg.jp/doc/2026081000058/file_contents/202507nenrei-zentai.pdf
202507,75,573,674,1247,https://www.city.urasoe.lg.jp/doc/2026081000058/file_contents/202507nenrei-zentai.pdf
202507,1,503,485,988,https://www.city.urasoe.lg.jp/doc/2026081000058/file_contents/202507nenrei-zentai.pdf
202507,26,651,610,1261,https://www.city.urasoe.lg.jp/doc/2026081000058/file_contents/202507nenrei-zentai.pdf
202507,51,911,989,1900,https://www.city.urasoe.lg.jp/doc/2026081000058/file_contents/202507nenrei-zentai.pdf
202507,76,521,576,1097,https://www.city.urasoe.lg.jp/doc/2026081000058/file_contents/202507nenrei-zentai.pdf
202507,2,544,521,1065,https://www.city.urasoe.lg.jp/doc/2026081000058/file_contents/202507nenrei-zentai.pdf
202507,27,676,646,1322,https://www.city.urasoe.lg.jp/doc/2026081000058/file_contents/202507nenrei-zentai.pdf
202507,52,926,943,1869,https://www.city.urasoe.lg.jp/doc/2026081000058/file_contents/202507nenrei-zentai.pdf
202507,77,556,641,1197,https://www.city.urasoe.lg.jp/doc/2026081000058/file_contents/202507nenrei-zentai.pdf
202507,3,582,535,1117,https://www.city.urasoe.lg.jp/doc/2026081000058/file_contents/202507nenrei-zentai.pdf
202507,28,655,683,1338,https://www.city.urasoe.lg.jp/doc/2026081000058/file_contents/202507nenrei-zentai.pdf
202507,53,850,852,1702,https://www.city.urasoe.lg.jp/doc/2026081000058/file_contents/202507nenrei-zentai.pdf
202507,78,391,457,848,https://www.city.urasoe.lg.jp/doc/2026081000058/file_contents/202507nenrei-zentai.pdf
202507,4,636,549,1185,https://www.city.urasoe.lg.jp/doc/2026081000058/file_contents/202507nenrei-zentai.pdf
202507,29,665,658,1323,https://www.city.urasoe.lg.jp/doc/2026081000058/file_contents/202507nenrei-zentai.pdf
202507,54,797,873,1670,https://www.city.urasoe.lg.jp/doc/2026081000058/file_contents/202507nenrei-zentai.pdf
202507,79,180,245,425,https://www.city.urasoe.lg.jp/doc/2026081000058/file_contents/202507nenrei-zentai.pdf
202507,5,570,570,1140,https://www.city.urasoe.lg.jp/doc/2026081000058/file_contents/202507nenrei-zentai.pdf
202507,30,633,673,1306,https://www.city.urasoe.lg.jp/doc/2026081000058/file_contents/202507nenrei-zentai.pdf
202507,55,796,805,1601,https://www.city.urasoe.lg.jp/doc/2026081000058/file_contents/202507nenrei-zentai.pdf
202507,80,211,328,539,https://www.city.urasoe.lg.jp/doc/2026081000058/file_contents/202507nenrei-zentai.pdf
202507,6,591,562,1153,https://www.city.urasoe.lg.jp/doc/2026081000058/file_contents/202507nenrei-zentai.pdf
202507,31,673,667,1340,https://www.city.urasoe.lg.jp/doc/2026081000058/file_contents/202507nenrei-zentai.pdf
202507,56,808,854,1662,https://www.city.urasoe.lg.jp/doc/2026081000058/file_contents/202507nenrei-zentai.pdf
202507,81,329,394,723,https://www.city.urasoe.lg.jp/doc/2026081000058/file_contents/202507nenrei-zentai.pdf
202507,7,631,562,1193,https://www.city.urasoe.lg.jp/doc/2026081000058/file_contents/202507nenrei-zentai.pdf
202507,32,613,651,1264,https://www.city.urasoe.lg.jp/doc/2026081000058/file_contents/202507nenrei-zentai.pdf
202507,57,793,873,1666,https://www.city.urasoe.lg.jp/doc/2026081000058/file_contents/202507nenrei-zentai.pdf
202507,82,276,421,697,https://www.city.urasoe.lg.jp/doc/2026081000058/file_contents/202507nenrei-zentai.pdf
202507,8,641,647,1288,https://www.city.urasoe.lg.jp/doc/2026081000058/file_contents/202507nenrei-zentai.pdf
202507,33,656,683,1339,https://www.city.urasoe.lg.jp/doc/2026081000058/file_contents/202507nenrei-zentai.pdf
202507,58,761,776,1537,https://www.city.urasoe.lg.jp/doc/2026081000058/file_contents/202507nenrei-zentai.pdf
202507,83,293,390,683,https://www.city.urasoe.lg.jp/doc/2026081000058/file_contents/202507nenrei-zentai.pdf
202507,9,623,617,1240,https://www.city.urasoe.lg.jp/doc/2026081000058/file_contents/202507nenrei-zentai.pdf
202507,34,660,665,1325,https://www.city.urasoe.lg.jp/doc/2026081000058/file_contents/202507nenrei-zentai.pdf
202507,59,605,670,1275,https://www.city.urasoe.lg.jp/doc/2026081000058/file_contents/202507nenrei-zentai.pdf
202507,84,293,419,712,https://www.city.urasoe.lg.jp/doc/2026081000058/file_contents/202507nenrei-zentai.pdf
202507,10,640,663,1303,https://www.city.urasoe.lg.jp/doc/2026081000058/file_contents/202507nenrei-zentai.pdf
202507,35,663,695,1358,https://www.city.urasoe.lg.jp/doc/2026081000058/file_contents/202507nenrei-zentai.pdf
202507,60,664,717,1381,https://www.city.urasoe.lg.jp/doc/2026081000058/file_contents/202507nenrei-zentai.pdf
202507,85,260,382,642,https://www.city.urasoe.lg.jp/doc/2026081000058/file_contents/202507nenrei-zentai.pdf
202507,11,671,601,1272,https://www.city.urasoe.lg.jp/doc/2026081000058/file_contents/202507nenrei-zentai.pdf
202507,36,649,705,1354,https://www.city.urasoe.lg.jp/doc/2026081000058/file_contents/202507nenrei-zentai.pdf
202507,61,679,759,1438,https://www.city.urasoe.lg.jp/doc/2026081000058/file_contents/202507nenrei-zentai.pdf
202507,86,233,338,571,https://www.city.urasoe.lg.jp/doc/2026081000058/file_contents/202507nenrei-zentai.pdf
202507,12,695,645,1340,https://www.city.urasoe.lg.jp/doc/2026081000058/file_contents/202507nenrei-zentai.pdf
202507,37,679,662,1341,https://www.city.urasoe.lg.jp/doc/2026081000058/file_contents/202507nenrei-zentai.pdf
202507,62,645,753,1398,https://www.city.urasoe.lg.jp/doc/2026081000058/file_contents/202507nenrei-zentai.pdf
202507,87,219,308,527,https://www.city.urasoe.lg.jp/doc/2026081000058/file_contents/202507nenrei-zentai.pdf
202507,13,698,704,1402,https://www.city.urasoe.lg.jp/doc/2026081000058/file_contents/202507nenrei-zentai.pdf
202507,38,751,725,1476,https://www.city.urasoe.lg.jp/doc/2026081000058/file_contents/202507nenrei-zentai.pdf
202507,63,642,683,1325,https://www.city.urasoe.lg.jp/doc/2026081000058/file_contents/202507nenrei-zentai.pdf
202507,88,154,302,456,https://www.city.urasoe.lg.jp/doc/2026081000058/file_contents/202507nenrei-zentai.pdf
202507,14,664,681,1345,https://www.city.urasoe.lg.jp/doc/2026081000058/file_contents/202507nenrei-zentai.pdf
202507,39,710,726,1436,https://www.city.urasoe.lg.jp/doc/2026081000058/file_contents/202507nenrei-zentai.pdf
202507,64,683,692,1375,https://www.city.urasoe.lg.jp/doc/2026081000058/file_contents/202507nenrei-zentai.pdf
202507,89,148,305,453,https://www.city.urasoe.lg.jp/doc/2026081000058/file_contents/202507nenrei-zentai.pdf
202507,15,696,645,1341,https://www.city.urasoe.lg.jp/doc/2026081000058/file_contents/202507nenrei-zentai.pdf
202507,40,739,814,1553,https://www.city.urasoe.lg.jp/doc/2026081000058/file_contents/202507nenrei-zentai.pdf
202507,65,616,682,1298,https://www.city.urasoe.lg.jp/doc/2026081000058/file_contents/202507nenrei-zentai.pdf
202507,90,141,247,388,https://www.city.urasoe.lg.jp/doc/2026081000058/file_contents/202507nenrei-zentai.pdf
202507,16,713,699,1412,https://www.city.urasoe.lg.jp/doc/2026081000058/file_contents/202507nenrei-zentai.pdf
202507,41,743,787,1530,https://www.city.urasoe.lg.jp/doc/2026081000058/file_contents/202507nenrei-zentai.pdf
202507,66,654,652,1306,https://www.city.urasoe.lg.jp/doc/2026081000058/file_contents/202507nenrei-zentai.pdf
202507,91,79,217,296,https://www.city.urasoe.lg.jp/doc/2026081000058/file_contents/202507nenrei-zentai.pdf
202507,17,690,685,1375,https://www.city.urasoe.lg.jp/doc/2026081000058/file_contents/202507nenrei-zentai.pdf
202507,42,734,714,1448,https://www.city.urasoe.lg.jp/doc/2026081000058/file_contents/202507nenrei-zentai.pdf
202507,67,596,621,1217,https://www.city.urasoe.lg.jp/doc/2026081000058/file_contents/202507nenrei-zentai.pdf
202507,92,83,177,260,https://www.city.urasoe.lg.jp/doc/2026081000058/file_contents/202507nenrei-zentai.pdf
202507,18,705,632,1337,https://www.city.urasoe.lg.jp/doc/2026081000058/file_contents/202507nenrei-zentai.pdf
202507,43,699,739,1438,https://www.city.urasoe.lg.jp/doc/2026081000058/file_contents/202507nenrei-zentai.pdf
202507,68,589,619,1208,https://www.city.urasoe.lg.jp/doc/2026081000058/file_contents/202507nenrei-zentai.pdf
202507,93,56,148,204,https://www.city.urasoe.lg.jp/doc/2026081000058/file_contents/202507nenrei-zentai.pdf
202507,19,646,647,1293,https://www.city.urasoe.lg.jp/doc/2026081000058/file_contents/202507nenrei-zentai.pdf
202507,44,723,763,1486,https://www.city.urasoe.lg.jp/doc/2026081000058/file_contents/202507nenrei-zentai.pdf
202507,69,548,606,1154,https://www.city.urasoe.lg.jp/doc/2026081000058/file_contents/202507nenrei-zentai.pdf
202507,94,41,98,139,https://www.city.urasoe.lg.jp/doc/2026081000058/file_contents/202507nenrei-zentai.pdf
202507,20,646,597,1243,https://www.city.urasoe.lg.jp/doc/2026081000058/file_contents/202507nenrei-zentai.pdf
202507,45,709,781,1490,https://www.city.urasoe.lg.jp/doc/2026081000058/file_contents/202507nenrei-zentai.pdf
202507,70,599,685,1284,https://www.city.urasoe.lg.jp/doc/2026081000058/file_contents/202507nenrei-zentai.pdf
202507,95,34,95,129,https://www.city.urasoe.lg.jp/doc/2026081000058/file_contents/202507nenrei-zentai.pdf
202507,21,645,635,1280,https://www.city.urasoe.lg.jp/doc/2026081000058/file_contents/202507nenrei-zentai.pdf
202507,46,802,762,1564,https://www.city.urasoe.lg.jp/doc/2026081000058/file_contents/202507nenrei-zentai.pdf
202507,71,561,673,1234,https://www.city.urasoe.lg.jp/doc/2026081000058/file_contents/202507nenrei-zentai.pdf
202507,96,24,73,97,https://www.city.urasoe.lg.jp/doc/2026081000058/file_contents/202507nenrei-zentai.pdf
202507,22,667,625,1292,https://www.city.urasoe.lg.jp/doc/2026081000058/file_contents/202507nenrei-zentai.pdf
202507,47,773,783,1556,https://www.city.urasoe.lg.jp/doc/2026081000058/file_contents/202507nenrei-zentai.pdf
202507,72,616,685,1301,https://www.city.urasoe.lg.jp/doc/2026081000058/file_contents/202507nenrei-zentai.pdf
202507,97,13,64,77,https://www.city.urasoe.lg.jp/doc/2026081000058/file_contents/202507nenrei-zentai.pdf
202507,23,666,617,1283,https://www.city.urasoe.lg.jp/doc/2026081000058/file_contents/202507nenrei-zentai.pdf
202507,48,796,853,1649,https://www.city.urasoe.lg.jp/doc/2026081000058/file_contents/202507nenrei-zentai.pdf
202507,73,560,713,1273,https://www.city.urasoe.lg.jp/doc/2026081000058/file_contents/202507nenrei-zentai.pdf
202507,98,5,45,50,https://www.city.urasoe.lg.jp/doc/2026081000058/file_contents/202507nenrei-zentai.pdf
202507,24,642,631,1273,https://www.city.urasoe.lg.jp/doc/2026081000058/file_contents/202507nenrei-zentai.pdf
202507,49,830,836,1666,https://www.city.urasoe.lg.jp/doc/2026081000058/file_contents/202507nenrei-zentai.pdf
202507,74,596,713,1309,https://www.city.urasoe.lg.jp/doc/2026081000058/file_contents/202507nenrei-zentai.pdf
202507,99,1,28,29,https://www.city.urasoe.lg.jp/doc/2026081000058/file_contents/202507nenrei-zentai.pdf
202507,100,1,14,15,https://www.city.urasoe.lg.jp/doc/2026081000058/file_contents/202507nenrei-zentai.pdf
202507,101,3,20,23,https://www.city.urasoe.lg.jp/doc/2026081000058/file_contents/202507nenrei-zentai.pdf
202508,0,472,435,907,https://www.city.urasoe.lg.jp/doc/2026081000058/file_contents/202508nenrei-zentai.pdf
202508,25,629,654,1283,https://www.city.urasoe.lg.jp/doc/2026081000058/file_contents/202508nenrei-zentai.pdf
202508,50,899,931,1830,https://www.city.urasoe.lg.jp/doc/2026081000058/file_contents/202508nenrei-zentai.pdf
202508,75,574,679,1253,https://www.city.urasoe.lg.jp/doc/2026081000058/file_contents/202508nenrei-zentai.pdf
202508,1,505,487,992,https://www.city.urasoe.lg.jp/doc/2026081000058/file_contents/202508nenrei-zentai.pdf
202508,26,654,610,1264,https://www.city.urasoe.lg.jp/doc/2026081000058/file_contents/202508nenrei-zentai.pdf
202508,51,926,989,1915,https://www.city.urasoe.lg.jp/doc/2026081000058/file_contents/202508nenrei-zentai.pdf
202508,76,522,579,1101,https://www.city.urasoe.lg.jp/doc/2026081000058/file_contents/202508nenrei-zentai.pdf
202508,2,524,519,1043,https://www.city.urasoe.lg.jp/doc/2026081000058/file_contents/202508nenrei-zentai.pdf
202508,27,693,659,1352,https://www.city.urasoe.lg.jp/doc/2026081000058/file_contents/202508nenrei-zentai.pdf
202508,52,918,944,1862,https://www.city.urasoe.lg.jp/doc/2026081000058/file_contents/202508nenrei-zentai.pdf
202508,77,551,642,1193,https://www.city.urasoe.lg.jp/doc/2026081000058/file_contents/202508nenrei-zentai.pdf
202508,3,581,530,1111,https://www.city.urasoe.lg.jp/doc/2026081000058/file_contents/202508nenrei-zentai.pdf
202508,28,648,673,1321,https://www.city.urasoe.lg.jp/doc/2026081000058/file_contents/202508nenrei-zentai.pdf
202508,53,866,854,1720,https://www.city.urasoe.lg.jp/doc/2026081000058/file_contents/202508nenrei-zentai.pdf
202508,78,418,480,898,https://www.city.urasoe.lg.jp/doc/2026081000058/file_contents/202508nenrei-zentai.pdf
202508,4,637,547,1184,https://www.city.urasoe.lg.jp/doc/2026081000058/file_contents/202508nenrei-zentai.pdf
202508,29,668,643,1311,https://www.city.urasoe.lg.jp/doc/2026081000058/file_contents/202508nenrei-zentai.pdf
202508,54,798,872,1670,https://www.city.urasoe.lg.jp/doc/2026081000058/file_contents/202508nenrei-zentai.pdf
202508,79,189,245,434,https://www.city.urasoe.lg.jp/doc/2026081000058/file_contents/202508nenrei-zentai.pdf
202508,5,573,591,1164,https://www.city.urasoe.lg.jp/doc/2026081000058/file_contents/202508nenrei-zentai.pdf
202508,30,637,702,1339,https://www.city.urasoe.lg.jp/doc/2026081000058/file_contents/202508nenrei-zentai.pdf
202508,55,776,820,1596,https://www.city.urasoe.lg.jp/doc/2026081000058/file_contents/202508nenrei-zentai.pdf
202508,80,206,322,528,https://www.city.urasoe.lg.jp/doc/2026081000058/file_contents/202508nenrei-zentai.pdf
202508,6,589,558,1147,https://www.city.urasoe.lg.jp/doc/2026081000058/file_contents/202508nenrei-zentai.pdf
202508,31,654,664,1318,https://www.city.urasoe.lg.jp/doc/2026081000058/file_contents/202508nenrei-zentai.pdf
202508,56,821,840,1661,https://www.city.urasoe.lg.jp/doc/2026081000058/file_contents/202508nenrei-zentai.pdf
202508,81,317,383,700,https://www.city.urasoe.lg.jp/doc/2026081000058/file_contents/202508nenrei-zentai.pdf
202508,7,638,549,1187,https://www.city.urasoe.lg.jp/doc/2026081000058/file_contents/202508nenrei-zentai.pdf
202508,32,627,657,1284,https://www.city.urasoe.lg.jp/doc/2026081000058/file_contents/202508nenrei-zentai.pdf
202508,57,794,882,1676,https://www.city.urasoe.lg.jp/doc/2026081000058/file_contents/202508nenrei-zentai.pdf
202508,82,280,422,702,https://www.city.urasoe.lg.jp/doc/2026081000058/file_contents/202508nenrei-zentai.pdf
202508,8,640,641,1281,https://www.city.urasoe.lg.jp/doc/2026081000058/file_contents/202508nenrei-zentai.pdf
202508,33,659,662,1321,https://www.city.urasoe.lg.jp/doc/2026081000058/file_contents/202508nenrei-zentai.pdf
202508,58,781,795,1576,https://www.city.urasoe.lg.jp/doc/2026081000058/file_contents/202508nenrei-zentai.pdf
202508,83,292,391,683,https://www.city.urasoe.lg.jp/doc/2026081000058/file_contents/202508nenrei-zentai.pdf
202508,9,620,627,1247,https://www.city.urasoe.lg.jp/doc/2026081000058/file_contents/202508nenrei-zentai.pdf
202508,34,660,678,1338,https://www.city.urasoe.lg.jp/doc/2026081000058/file_contents/202508nenrei-zentai.pdf
202508,59,603,650,1253,https://www.city.urasoe.lg.jp/doc/2026081000058/file_contents/202508nenrei-zentai.pdf
202508,84,294,411,705,https://www.city.urasoe.lg.jp/doc/2026081000058/file_contents/202508nenrei-zentai.pdf
202508,10,624,661,1285,https://www.city.urasoe.lg.jp/doc/2026081000058/file_contents/202508nenrei-zentai.pdf
202508,35,666,686,1352,https://www.city.urasoe.lg.jp/doc/2026081000058/file_contents/202508nenrei-zentai.pdf
202508,60,661,726,1387,https://www.city.urasoe.lg.jp/doc/2026081000058/file_contents/202508nenrei-zentai.pdf
202508,85,254,396,650,https://www.city.urasoe.lg.jp/doc/2026081000058/file_contents/202508nenrei-zentai.pdf
202508,11,677,603,1280,https://www.city.urasoe.lg.jp/doc/2026081000058/file_contents/202508nenrei-zentai.pdf
202508,36,651,701,1352,https://www.city.urasoe.lg.jp/doc/2026081000058/file_contents/202508nenrei-zentai.pdf
202508,61,685,737,1422,https://www.city.urasoe.lg.jp/doc/2026081000058/file_contents/202508nenrei-zentai.pdf
202508,86,241,342,583,https://www.city.urasoe.lg.jp/doc/2026081000058/file_contents/202508nenrei-zentai.pdf
202508,12,686,644,1330,https://www.city.urasoe.lg.jp/doc/2026081000058/file_contents/202508nenrei-zentai.pdf
202508,37,674,676,1350,https://www.city.urasoe.lg.jp/doc/2026081000058/file_contents/202508nenrei-zentai.pdf
202508,62,656,773,1429,https://www.city.urasoe.lg.jp/doc/2026081000058/file_contents/202508nenrei-zentai.pdf
202508,87,219,306,525,https://www.city.urasoe.lg.jp/doc/2026081000058/file_contents/202508nenrei-zentai.pdf
202508,13,706,706,1412,https://www.city.urasoe.lg.jp/doc/2026081000058/file_contents/202508nenrei-zentai.pdf
202508,38,750,714,1464,https://www.city.urasoe.lg.jp/doc/2026081000058/file_contents/202508nenrei-zentai.pdf
202508,63,629,684,1313,https://www.city.urasoe.lg.jp/doc/2026081000058/file_contents/202508nenrei-zentai.pdf
202508,88,154,308,462,https://www.city.urasoe.lg.jp/doc/2026081000058/file_contents/202508nenrei-zentai.pdf
202508,14,667,685,1352,https://www.city.urasoe.lg.jp/doc/2026081000058/file_contents/202508nenrei-zentai.pdf
202508,39,692,723,1415,https://www.city.urasoe.lg.jp/doc/2026081000058/file_contents/202508nenrei-zentai.pdf
202508,64,696,695,1391,https://www.city.urasoe.lg.jp/doc/2026081000058/file_contents/202508nenrei-zentai.pdf
202508,89,154,301,455,https://www.city.urasoe.lg.jp/doc/2026081000058/file_contents/202508nenrei-zentai.pdf
202508,15,698,653,1351,https://www.city.urasoe.lg.jp/doc/2026081000058/file_contents/202508nenrei-zentai.pdf
202508,40,756,804,1560,https://www.city.urasoe.lg.jp/doc/2026081000058/file_contents/202508nenrei-zentai.pdf
202508,65,606,683,1289,https://www.city.urasoe.lg.jp/doc/2026081000058/file_contents/202508nenrei-zentai.pdf
202508,90,139,239,378,https://www.city.urasoe.lg.jp/doc/2026081000058/file_contents/202508nenrei-zentai.pdf
202508,16,717,686,1403,https://www.city.urasoe.lg.jp/doc/2026081000058/file_contents/202508nenrei-zentai.pdf
202508,41,751,797,1548,https://www.city.urasoe.lg.jp/doc/2026081000058/file_contents/202508nenrei-zentai.pdf
202508,66,654,635,1289,https://www.city.urasoe.lg.jp/doc/2026081000058/file_contents/202508nenrei-zentai.pdf
202508,91,80,224,304,https://www.city.urasoe.lg.jp/doc/2026081000058/file_contents/202508nenrei-zentai.pdf
202508,17,701,682,1383,https://www.city.urasoe.lg.jp/doc/2026081000058/file_contents/202508nenrei-zentai.pdf
202508,42,727,714,1441,https://www.city.urasoe.lg.jp/doc/2026081000058/file_contents/202508nenrei-zentai.pdf
202508,67,606,641,1247,https://www.city.urasoe.lg.jp/doc/2026081000058/file_contents/202508nenrei-zentai.pdf
202508,92,82,181,263,https://www.city.urasoe.lg.jp/doc/2026081000058/file_contents/202508nenrei-zentai.pdf
202508,18,697,638,1335,https://www.city.urasoe.lg.jp/doc/2026081000058/file_contents/202508nenrei-zentai.pdf
202508,43,714,737,1451,https://www.city.urasoe.lg.jp/doc/2026081000058/file_contents/202508nenrei-zentai.pdf
202508,68,581,618,1199,https://www.city.urasoe.lg.jp/doc/2026081000058/file_contents/202508nenrei-zentai.pdf
202508,93,58,150,208,https://www.city.urasoe.lg.jp/doc/2026081000058/file_contents/202508nenrei-zentai.pdf
202508,19,646,661,1307,https://www.city.urasoe.lg.jp/doc/2026081000058/file_contents/202508nenrei-zentai.pdf
202508,44,713,751,1464,https://www.city.urasoe.lg.jp/doc/2026081000058/file_contents/202508nenrei-zentai.pdf
202508,69,554,608,1162,https://www.city.urasoe.lg.jp/doc/2026081000058/file_contents/202508nenrei-zentai.pdf
202508,94,36,101,137,https://www.city.urasoe.lg.jp/doc/2026081000058/file_contents/202508nenrei-zentai.pdf
202508,20,644,575,1219,https://www.city.urasoe.lg.jp/doc/2026081000058/file_contents/202508nenrei-zentai.pdf
202508,45,713,808,1521,https://www.city.urasoe.lg.jp/doc/2026081000058/file_contents/202508nenrei-zentai.pdf
202508,70,587,676,1263,https://www.city.urasoe.lg.jp/doc/2026081000058/file_contents/202508nenrei-zentai.pdf
202508,95,37,90,127,https://www.city.urasoe.lg.jp/doc/2026081000058/file_contents/202508nenrei-zentai.pdf
202508,21,644,630,1274,https://www.city.urasoe.lg.jp/doc/2026081000058/file_contents/202508nenrei-zentai.pdf
202508,46,798,750,1548,https://www.city.urasoe.lg.jp/doc/2026081000058/file_contents/202508nenrei-zentai.pdf
202508,71,561,683,1244,https://www.city.urasoe.lg.jp/doc/2026081000058/file_contents/202508nenrei-zentai.pdf
202508,96,27,71,98,https://www.city.urasoe.lg.jp/doc/2026081000058/file_contents/202508nenrei-zentai.pdf
202508,22,671,653,1324,https://www.city.urasoe.lg.jp/doc/2026081000058/file_contents/202508nenrei-zentai.pdf
202508,47,774,788,1562,https://www.city.urasoe.lg.jp/doc/2026081000058/file_contents/202508nenrei-zentai.pdf
202508,72,610,675,1285,https://www.city.urasoe.lg.jp/doc/2026081000058/file_contents/202508nenrei-zentai.pdf
202508,97,12,65,77,https://www.city.urasoe.lg.jp/doc/2026081000058/file_contents/202508nenrei-zentai.pdf
202508,23,670,598,1268,https://www.city.urasoe.lg.jp/doc/2026081000058/file_contents/202508nenrei-zentai.pdf
202508,48,780,833,1613,https://www.city.urasoe.lg.jp/doc/2026081000058/file_contents/202508nenrei-zentai.pdf
202508,73,565,708,1273,https://www.city.urasoe.lg.jp/doc/2026081000058/file_contents/202508nenrei-zentai.pdf
202508,98,6,46,52,https://www.city.urasoe.lg.jp/doc/2026081000058/file_contents/202508nenrei-zentai.pdf
202508,24,623,637,1260,https://www.city.urasoe.lg.jp/doc/2026081000058/file_contents/202508nenrei-zentai.pdf
202508,49,833,853,1686,https://www.city.urasoe.lg.jp/doc/2026081000058/file_contents/202508nenrei-zentai.pdf
202508,74,590,709,1299,https://www.city.urasoe.lg.jp/doc/2026081000058/file_contents/202508nenrei-zentai.pdf
202508,99,1,31,32,https://www.city.urasoe.lg.jp/doc/2026081000058/file_contents/202508nenrei-zentai.pdf
202508,100,1,15,16,https://www.city.urasoe.lg.jp/doc/2026081000058/file_contents/202508nenrei-zentai.pdf
202508,101,2,18,20,https://www.city.urasoe.lg.jp/doc/2026081000058/file_contents/202508nenrei-zentai.pdf
202509,0,459,454,913,https://www.city.urasoe.lg.jp/doc/2026081000058/file_contents/202509nenrei-zentai.pdf
202509,25,631,628,1259,https://www.city.urasoe.lg.jp/doc/2026081000058/file_contents/202509nenrei-zentai.pdf
202509,50,895,918,1813,https://www.city.urasoe.lg.jp/doc/2026081000058/file_contents/202509nenrei-zentai.pdf
202509,75,590,674,1264,https://www.city.urasoe.lg.jp/doc/2026081000058/file_contents/202509nenrei-zentai.pdf
202509,1,516,490,1006,https://www.city.urasoe.lg.jp/doc/2026081000058/file_contents/202509nenrei-zentai.pdf
202509,26,649,627,1276,https://www.city.urasoe.lg.jp/doc/2026081000058/file_contents/202509nenrei-zentai.pdf
202509,51,936,983,1919,https://www.city.urasoe.lg.jp/doc/2026081000058/file_contents/202509nenrei-zentai.pdf
202509,76,522,593,1115,https://www.city.urasoe.lg.jp/doc/2026081000058/file_contents/202509nenrei-zentai.pdf
202509,2,507,491,998,https://www.city.urasoe.lg.jp/doc/2026081000058/file_contents/202509nenrei-zentai.pdf
202509,27,686,658,1344,https://www.city.urasoe.lg.jp/doc/2026081000058/file_contents/202509nenrei-zentai.pdf
202509,52,906,965,1871,https://www.city.urasoe.lg.jp/doc/2026081000058/file_contents/202509nenrei-zentai.pdf
202509,77,541,637,1178,https://www.city.urasoe.lg.jp/doc/2026081000058/file_contents/202509nenrei-zentai.pdf
202509,3,597,554,1151,https://www.city.urasoe.lg.jp/doc/2026081000058/file_contents/202509nenrei-zentai.pdf
202509,28,647,673,1320,https://www.city.urasoe.lg.jp/doc/2026081000058/file_contents/202509nenrei-zentai.pdf
202509,53,867,842,1709,https://www.city.urasoe.lg.jp/doc/2026081000058/file_contents/202509nenrei-zentai.pdf
202509,78,445,507,952,https://www.city.urasoe.lg.jp/doc/2026081000058/file_contents/202509nenrei-zentai.pdf
202509,4,612,543,1155,https://www.city.urasoe.lg.jp/doc/2026081000058/file_contents/202509nenrei-zentai.pdf
202509,29,679,654,1333,https://www.city.urasoe.lg.jp/doc/2026081000058/file_contents/202509nenrei-zentai.pdf
202509,54,808,876,1684,https://www.city.urasoe.lg.jp/doc/2026081000058/file_contents/202509nenrei-zentai.pdf
202509,79,199,248,447,https://www.city.urasoe.lg.jp/doc/2026081000058/file_contents/202509nenrei-zentai.pdf
202509,5,601,594,1195,https://www.city.urasoe.lg.jp/doc/2026081000058/file_contents/202509nenrei-zentai.pdf
202509,30,636,680,1316,https://www.city.urasoe.lg.jp/doc/2026081000058/file_contents/202509nenrei-zentai.pdf
202509,55,793,829,1622,https://www.city.urasoe.lg.jp/doc/2026081000058/file_contents/202509nenrei-zentai.pdf
202509,80,201,306,507,https://www.city.urasoe.lg.jp/doc/2026081000058/file_contents/202509nenrei-zentai.pdf
202509,6,570,561,1131,https://www.city.urasoe.lg.jp/doc/2026081000058/file_contents/202509nenrei-zentai.pdf
202509,31,639,656,1295,https://www.city.urasoe.lg.jp/doc/2026081000058/file_contents/202509nenrei-zentai.pdf
202509,56,793,809,1602,https://www.city.urasoe.lg.jp/doc/2026081000058/file_contents/202509nenrei-zentai.pdf
202509,81,314,392,706,https://www.city.urasoe.lg.jp/doc/2026081000058/file_contents/202509nenrei-zentai.pdf
202509,7,641,541,1182,https://www.city.urasoe.lg.jp/doc/2026081000058/file_contents/202509nenrei-zentai.pdf
202509,32,636,672,1308,https://www.city.urasoe.lg.jp/doc/2026081000058/file_contents/202509nenrei-zentai.pdf
202509,57,805,880,1685,https://www.city.urasoe.lg.jp/doc/2026081000058/file_contents/202509nenrei-zentai.pdf
202509,82,284,419,703,https://www.city.urasoe.lg.jp/doc/2026081000058/file_contents/202509nenrei-zentai.pdf
202509,8,644,632,1276,https://www.city.urasoe.lg.jp/doc/2026081000058/file_contents/202509nenrei-zentai.pdf
202509,33,657,648,1305,https://www.city.urasoe.lg.jp/doc/2026081000058/file_contents/202509nenrei-zentai.pdf
202509,58,796,824,1620,https://www.city.urasoe.lg.jp/doc/2026081000058/file_contents/202509nenrei-zentai.pdf
202509,83,287,393,680,https://www.city.urasoe.lg.jp/doc/2026081000058/file_contents/202509nenrei-zentai.pdf
202509,9,613,637,1250,https://www.city.urasoe.lg.jp/doc/2026081000058/file_contents/202509nenrei-zentai.pdf
202509,34,655,692,1347,https://www.city.urasoe.lg.jp/doc/2026081000058/file_contents/202509nenrei-zentai.pdf
202509,59,602,646,1248,https://www.city.urasoe.lg.jp/doc/2026081000058/file_contents/202509nenrei-zentai.pdf
202509,84,281,414,695,https://www.city.urasoe.lg.jp/doc/2026081000058/file_contents/202509nenrei-zentai.pdf
202509,10,640,654,1294,https://www.city.urasoe.lg.jp/doc/2026081000058/file_contents/202509nenrei-zentai.pdf
202509,35,665,683,1348,https://www.city.urasoe.lg.jp/doc/2026081000058/file_contents/202509nenrei-zentai.pdf
202509,60,674,732,1406,https://www.city.urasoe.lg.jp/doc/2026081000058/file_contents/202509nenrei-zentai.pdf
202509,85,259,385,644,https://www.city.urasoe.lg.jp/doc/2026081000058/file_contents/202509nenrei-zentai.pdf
202509,11,665,596,1261,https://www.city.urasoe.lg.jp/doc/2026081000058/file_contents/202509nenrei-zentai.pdf
202509,36,662,696,1358,https://www.city.urasoe.lg.jp/doc/2026081000058/file_contents/202509nenrei-zentai.pdf
202509,61,665,735,1400,https://www.city.urasoe.lg.jp/doc/2026081000058/file_contents/202509nenrei-zentai.pdf
202509,86,244,344,588,https://www.city.urasoe.lg.jp/doc/2026081000058/file_contents/202509nenrei-zentai.pdf
202509,12,669,646,1315,https://www.city.urasoe.lg.jp/doc/2026081000058/file_contents/202509nenrei-zentai.pdf
202509,37,671,695,1366,https://www.city.urasoe.lg.jp/doc/2026081000058/file_contents/202509nenrei-zentai.pdf
202509,62,659,773,1432,https://www.city.urasoe.lg.jp/doc/2026081000058/file_contents/202509nenrei-zentai.pdf
202509,87,221,307,528,https://www.city.urasoe.lg.jp/doc/2026081000058/file_contents/202509nenrei-zentai.pdf
202509,13,706,705,1411,https://www.city.urasoe.lg.jp/doc/2026081000058/file_contents/202509nenrei-zentai.pdf
202509,38,731,698,1429,https://www.city.urasoe.lg.jp/doc/2026081000058/file_contents/202509nenrei-zentai.pdf
202509,63,622,677,1299,https://www.city.urasoe.lg.jp/doc/2026081000058/file_contents/202509nenrei-zentai.pdf
202509,88,156,308,464,https://www.city.urasoe.lg.jp/doc/2026081000058/file_contents/202509nenrei-zentai.pdf
202509,14,676,681,1357,https://www.city.urasoe.lg.jp/doc/2026081000058/file_contents/202509nenrei-zentai.pdf
202509,39,702,737,1439,https://www.city.urasoe.lg.jp/doc/2026081000058/file_contents/202509nenrei-zentai.pdf
202509,64,694,712,1406,https://www.city.urasoe.lg.jp/doc/2026081000058/file_contents/202509nenrei-zentai.pdf
202509,89,154,298,452,https://www.city.urasoe.lg.jp/doc/2026081000058/file_contents/202509nenrei-zentai.pdf
202509,15,701,664,1365,https://www.city.urasoe.lg.jp/doc/2026081000058/file_contents/202509nenrei-zentai.pdf
202509,40,744,798,1542,https://www.city.urasoe.lg.jp/doc/2026081000058/file_contents/202509nenrei-zentai.pdf
202509,65,623,663,1286,https://www.city.urasoe.lg.jp/doc/2026081000058/file_contents/202509nenrei-zentai.pdf
202509,90,137,234,371,https://www.city.urasoe.lg.jp/doc/2026081000058/file_contents/202509nenrei-zentai.pdf
202509,16,719,669,1388,https://www.city.urasoe.lg.jp/doc/2026081000058/file_contents/202509nenrei-zentai.pdf
202509,41,749,779,1528,https://www.city.urasoe.lg.jp/doc/2026081000058/file_contents/202509nenrei-zentai.pdf
202509,66,643,646,1289,https://www.city.urasoe.lg.jp/doc/2026081000058/file_contents/202509nenrei-zentai.pdf
202509,91,80,235,315,https://www.city.urasoe.lg.jp/doc/2026081000058/file_contents/202509nenrei-zentai.pdf
202509,17,693,692,1385,https://www.city.urasoe.lg.jp/doc/2026081000058/file_contents/202509nenrei-zentai.pdf
202509,42,745,716,1461,https://www.city.urasoe.lg.jp/doc/2026081000058/file_contents/202509nenrei-zentai.pdf
202509,67,611,648,1259,https://www.city.urasoe.lg.jp/doc/2026081000058/file_contents/202509nenrei-zentai.pdf
202509,92,89,179,268,https://www.city.urasoe.lg.jp/doc/2026081000058/file_contents/202509nenrei-zentai.pdf
202509,18,695,647,1342,https://www.city.urasoe.lg.jp/doc/2026081000058/file_contents/202509nenrei-zentai.pdf
202509,43,702,744,1446,https://www.city.urasoe.lg.jp/doc/2026081000058/file_contents/202509nenrei-zentai.pdf
202509,68,584,623,1207,https://www.city.urasoe.lg.jp/doc/2026081000058/file_contents/202509nenrei-zentai.pdf
202509,93,53,157,210,https://www.city.urasoe.lg.jp/doc/2026081000058/file_contents/202509nenrei-zentai.pdf
202509,19,672,648,1320,https://www.city.urasoe.lg.jp/doc/2026081000058/file_contents/202509nenrei-zentai.pdf
202509,44,724,752,1476,https://www.city.urasoe.lg.jp/doc/2026081000058/file_contents/202509nenrei-zentai.pdf
202509,69,553,606,1159,https://www.city.urasoe.lg.jp/doc/2026081000058/file_contents/202509nenrei-zentai.pdf
202509,94,37,101,138,https://www.city.urasoe.lg.jp/doc/2026081000058/file_contents/202509nenrei-zentai.pdf
202509,20,624,581,1205,https://www.city.urasoe.lg.jp/doc/2026081000058/file_contents/202509nenrei-zentai.pdf
202509,45,702,785,1487,https://www.city.urasoe.lg.jp/doc/2026081000058/file_contents/202509nenrei-zentai.pdf
202509,70,586,659,1245,https://www.city.urasoe.lg.jp/doc/2026081000058/file_contents/202509nenrei-zentai.pdf
202509,95,38,96,134,https://www.city.urasoe.lg.jp/doc/2026081000058/file_contents/202509nenrei-zentai.pdf
202509,21,640,624,1264,https://www.city.urasoe.lg.jp/doc/2026081000058/file_contents/202509nenrei-zentai.pdf
202509,46,806,764,1570,https://www.city.urasoe.lg.jp/doc/2026081000058/file_contents/202509nenrei-zentai.pdf
202509,71,574,694,1268,https://www.city.urasoe.lg.jp/doc/2026081000058/file_contents/202509nenrei-zentai.pdf
202509,96,27,70,97,https://www.city.urasoe.lg.jp/doc/2026081000058/file_contents/202509nenrei-zentai.pdf
202509,22,669,641,1310,https://www.city.urasoe.lg.jp/doc/2026081000058/file_contents/202509nenrei-zentai.pdf
202509,47,783,786,1569,https://www.city.urasoe.lg.jp/doc/2026081000058/file_contents/202509nenrei-zentai.pdf
202509,72,596,660,1256,https://www.city.urasoe.lg.jp/doc/2026081000058/file_contents/202509nenrei-zentai.pdf
202509,97,11,64,75,https://www.city.urasoe.lg.jp/doc/2026081000058/file_contents/202509nenrei-zentai.pdf
202509,23,661,605,1266,https://www.city.urasoe.lg.jp/doc/2026081000058/file_contents/202509nenrei-zentai.pdf
202509,48,769,829,1598,https://www.city.urasoe.lg.jp/doc/2026081000058/file_contents/202509nenrei-zentai.pdf
202509,73,575,716,1291,https://www.city.urasoe.lg.jp/doc/2026081000058/file_contents/202509nenrei-zentai.pdf
202509,98,7,47,54,https://www.city.urasoe.lg.jp/doc/2026081000058/file_contents/202509nenrei-zentai.pdf
202509,24,637,642,1279,https://www.city.urasoe.lg.jp/doc/2026081000058/file_contents/202509nenrei-zentai.pdf
202509,49,822,861,1683,https://www.city.urasoe.lg.jp/doc/2026081000058/file_contents/202509nenrei-zentai.pdf
202509,74,568,708,1276,https://www.city.urasoe.lg.jp/doc/2026081000058/file_contents/202509nenrei-zentai.pdf
202509,99,1,31,32,https://www.city.urasoe.lg.jp/doc/2026081000058/file_contents/202509nenrei-zentai.pdf
202509,100,0,16,16,https://www.city.urasoe.lg.jp/doc/2026081000058/file_contents/202509nenrei-zentai.pdf
202509,101,2,17,19,https://www.city.urasoe.lg.jp/doc/2026081000058/file_contents/202509nenrei-zentai.pdf
202510,0,478,461,939,https://www.city.urasoe.lg.jp/doc/2026081000058/file_contents/202510nenrei-zentai.pdf
202510,25,618,638,1256,https://www.city.urasoe.lg.jp/doc/2026081000058/file_contents/202510nenrei-zentai.pdf
202510,50,876,894,1770,https://www.city.urasoe.lg.jp/doc/2026081000058/file_contents/202510nenrei-zentai.pdf
202510,75,588,675,1263,https://www.city.urasoe.lg.jp/doc/2026081000058/file_contents/202510nenrei-zentai.pdf
202510,1,522,491,1013,https://www.city.urasoe.lg.jp/doc/2026081000058/file_contents/202510nenrei-zentai.pdf
202510,26,666,604,1270,https://www.city.urasoe.lg.jp/doc/2026081000058/file_contents/202510nenrei-zentai.pdf
202510,51,941,1003,1944,https://www.city.urasoe.lg.jp/doc/2026081000058/file_contents/202510nenrei-zentai.pdf
202510,76,536,600,1136,https://www.city.urasoe.lg.jp/doc/2026081000058/file_contents/202510nenrei-zentai.pdf
202510,2,514,499,1013,https://www.city.urasoe.lg.jp/doc/2026081000058/file_contents/202510nenrei-zentai.pdf
202510,27,673,668,1341,https://www.city.urasoe.lg.jp/doc/2026081000058/file_contents/202510nenrei-zentai.pdf
202510,52,896,953,1849,https://www.city.urasoe.lg.jp/doc/2026081000058/file_contents/202510nenrei-zentai.pdf
202510,77,539,635,1174,https://www.city.urasoe.lg.jp/doc/2026081000058/file_contents/202510nenrei-zentai.pdf
202510,3,590,552,1142,https://www.city.urasoe.lg.jp/doc/2026081000058/file_contents/202510nenrei-zentai.pdf
202510,28,651,674,1325,https://www.city.urasoe.lg.jp/doc/2026081000058/file_contents/202510nenrei-zentai.pdf
202510,53,880,851,1731,https://www.city.urasoe.lg.jp/doc/2026081000058/file_contents/202510nenrei-zentai.pdf
202510,78,462,534,996,https://www.city.urasoe.lg.jp/doc/2026081000058/file_contents/202510nenrei-zentai.pdf
202510,4,616,529,1145,https://www.city.urasoe.lg.jp/doc/2026081000058/file_contents/202510nenrei-zentai.pdf
202510,29,702,670,1372,https://www.city.urasoe.lg.jp/doc/2026081000058/file_contents/202510nenrei-zentai.pdf
202510,54,819,873,1692,https://www.city.urasoe.lg.jp/doc/2026081000058/file_contents/202510nenrei-zentai.pdf
202510,79,213,263,476,https://www.city.urasoe.lg.jp/doc/2026081000058/file_contents/202510nenrei-zentai.pdf
202510,5,599,596,1195,https://www.city.urasoe.lg.jp/doc/2026081000058/file_contents/202510nenrei-zentai.pdf
202510,30,625,660,1285,https://www.city.urasoe.lg.jp/doc/2026081000058/file_contents/202510nenrei-zentai.pdf
202510,55,792,845,1637,https://www.city.urasoe.lg.jp/doc/2026081000058/file_contents/202510nenrei-zentai.pdf
202510,80,197,290,487,https://www.city.urasoe.lg.jp/doc/2026081000058/file_contents/202510nenrei-zentai.pdf
202510,6,576,557,1133,https://www.city.urasoe.lg.jp/doc/2026081000058/file_contents/202510nenrei-zentai.pdf
202510,31,639,671,1310,https://www.city.urasoe.lg.jp/doc/2026081000058/file_contents/202510nenrei-zentai.pdf
202510,56,803,797,1600,https://www.city.urasoe.lg.jp/doc/2026081000058/file_contents/202510nenrei-zentai.pdf
202510,81,293,400,693,https://www.city.urasoe.lg.jp/doc/2026081000058/file_contents/202510nenrei-zentai.pdf
202510,7,634,550,1184,https://www.city.urasoe.lg.jp/doc/2026081000058/file_contents/202510nenrei-zentai.pdf
202510,32,624,679,1303,https://www.city.urasoe.lg.jp/doc/2026081000058/file_contents/202510nenrei-zentai.pdf
202510,57,793,883,1676,https://www.city.urasoe.lg.jp/doc/2026081000058/file_contents/202510nenrei-zentai.pdf
202510,82,298,416,714,https://www.city.urasoe.lg.jp/doc/2026081000058/file_contents/202510nenrei-zentai.pdf
202510,8,636,623,1259,https://www.city.urasoe.lg.jp/doc/2026081000058/file_contents/202510nenrei-zentai.pdf
202510,33,656,634,1290,https://www.city.urasoe.lg.jp/doc/2026081000058/file_contents/202510nenrei-zentai.pdf
202510,58,822,827,1649,https://www.city.urasoe.lg.jp/doc/2026081000058/file_contents/202510nenrei-zentai.pdf
202510,83,281,385,666,https://www.city.urasoe.lg.jp/doc/2026081000058/file_contents/202510nenrei-zentai.pdf
202510,9,620,635,1255,https://www.city.urasoe.lg.jp/doc/2026081000058/file_contents/202510nenrei-zentai.pdf
202510,34,661,707,1368,https://www.city.urasoe.lg.jp/doc/2026081000058/file_contents/202510nenrei-zentai.pdf
202510,59,608,649,1257,https://www.city.urasoe.lg.jp/doc/2026081000058/file_contents/202510nenrei-zentai.pdf
202510,84,282,420,702,https://www.city.urasoe.lg.jp/doc/2026081000058/file_contents/202510nenrei-zentai.pdf
202510,10,629,662,1291,https://www.city.urasoe.lg.jp/doc/2026081000058/file_contents/202510nenrei-zentai.pdf
202510,35,654,667,1321,https://www.city.urasoe.lg.jp/doc/2026081000058/file_contents/202510nenrei-zentai.pdf
202510,60,653,730,1383,https://www.city.urasoe.lg.jp/doc/2026081000058/file_contents/202510nenrei-zentai.pdf
202510,85,253,378,631,https://www.city.urasoe.lg.jp/doc/2026081000058/file_contents/202510nenrei-zentai.pdf
202510,11,658,589,1247,https://www.city.urasoe.lg.jp/doc/2026081000058/file_contents/202510nenrei-zentai.pdf
202510,36,672,694,1366,https://www.city.urasoe.lg.jp/doc/2026081000058/file_contents/202510nenrei-zentai.pdf
202510,61,671,721,1392,https://www.city.urasoe.lg.jp/doc/2026081000058/file_contents/202510nenrei-zentai.pdf
202510,86,247,353,600,https://www.city.urasoe.lg.jp/doc/2026081000058/file_contents/202510nenrei-zentai.pdf
202510,12,677,635,1312,https://www.city.urasoe.lg.jp/doc/2026081000058/file_contents/202510nenrei-zentai.pdf
202510,37,667,710,1377,https://www.city.urasoe.lg.jp/doc/2026081000058/file_contents/202510nenrei-zentai.pdf
202510,62,666,777,1443,https://www.city.urasoe.lg.jp/doc/2026081000058/file_contents/202510nenrei-zentai.pdf
202510,87,227,298,525,https://www.city.urasoe.lg.jp/doc/2026081000058/file_contents/202510nenrei-zentai.pdf
202510,13,703,712,1415,https://www.city.urasoe.lg.jp/doc/2026081000058/file_contents/202510nenrei-zentai.pdf
202510,38,705,668,1373,https://www.city.urasoe.lg.jp/doc/2026081000058/file_contents/202510nenrei-zentai.pdf
202510,63,618,686,1304,https://www.city.urasoe.lg.jp/doc/2026081000058/file_contents/202510nenrei-zentai.pdf
202510,88,157,310,467,https://www.city.urasoe.lg.jp/doc/2026081000058/file_contents/202510nenrei-zentai.pdf
202510,14,681,683,1364,https://www.city.urasoe.lg.jp/doc/2026081000058/file_contents/202510nenrei-zentai.pdf
202510,39,720,744,1464,https://www.city.urasoe.lg.jp/doc/2026081000058/file_contents/202510nenrei-zentai.pdf
202510,64,684,702,1386,https://www.city.urasoe.lg.jp/doc/2026081000058/file_contents/202510nenrei-zentai.pdf
202510,89,160,291,451,https://www.city.urasoe.lg.jp/doc/2026081000058/file_contents/202510nenrei-zentai.pdf
202510,15,696,662,1358,https://www.city.urasoe.lg.jp/doc/2026081000058/file_contents/202510nenrei-zentai.pdf
202510,40,729,794,1523,https://www.city.urasoe.lg.jp/doc/2026081000058/file_contents/202510nenrei-zentai.pdf
202510,65,637,674,1311,https://www.city.urasoe.lg.jp/doc/2026081000058/file_contents/202510nenrei-zentai.pdf
202510,90,127,244,371,https://www.city.urasoe.lg.jp/doc/2026081000058/file_contents/202510nenrei-zentai.pdf
202510,16,718,659,1377,https://www.city.urasoe.lg.jp/doc/2026081000058/file_contents/202510nenrei-zentai.pdf
202510,41,758,780,1538,https://www.city.urasoe.lg.jp/doc/2026081000058/file_contents/202510nenrei-zentai.pdf
202510,66,642,633,1275,https://www.city.urasoe.lg.jp/doc/2026081000058/file_contents/202510nenrei-zentai.pdf
202510,91,92,239,331,https://www.city.urasoe.lg.jp/doc/2026081000058/file_contents/202510nenrei-zentai.pdf
202510,17,689,687,1376,https://www.city.urasoe.lg.jp/doc/2026081000058/file_contents/202510nenrei-zentai.pdf
202510,42,753,727,1480,https://www.city.urasoe.lg.jp/doc/2026081000058/file_contents/202510nenrei-zentai.pdf
202510,67,601,668,1269,https://www.city.urasoe.lg.jp/doc/2026081000058/file_contents/202510nenrei-zentai.pdf
202510,92,88,178,266,https://www.city.urasoe.lg.jp/doc/2026081000058/file_contents/202510nenrei-zentai.pdf
202510,18,704,665,1369,https://www.city.urasoe.lg.jp/doc/2026081000058/file_contents/202510nenrei-zentai.pdf
202510,43,712,723,1435,https://www.city.urasoe.lg.jp/doc/2026081000058/file_contents/202510nenrei-zentai.pdf
202510,68,592,613,1205,https://www.city.urasoe.lg.jp/doc/2026081000058/file_contents/202510nenrei-zentai.pdf
202510,93,49,158,207,https://www.city.urasoe.lg.jp/doc/2026081000058/file_contents/202510nenrei-zentai.pdf
202510,19,687,659,1346,https://www.city.urasoe.lg.jp/doc/2026081000058/file_contents/202510nenrei-zentai.pdf
202510,44,713,757,1470,https://www.city.urasoe.lg.jp/doc/2026081000058/file_contents/202510nenrei-zentai.pdf
202510,69,554,606,1160,https://www.city.urasoe.lg.jp/doc/2026081000058/file_contents/202510nenrei-zentai.pdf
202510,94,38,104,142,https://www.city.urasoe.lg.jp/doc/2026081000058/file_contents/202510nenrei-zentai.pdf
202510,20,620,583,1203,https://www.city.urasoe.lg.jp/doc/2026081000058/file_contents/202510nenrei-zentai.pdf
202510,45,701,786,1487,https://www.city.urasoe.lg.jp/doc/2026081000058/file_contents/202510nenrei-zentai.pdf
202510,70,584,661,1245,https://www.city.urasoe.lg.jp/doc/2026081000058/file_contents/202510nenrei-zentai.pdf
202510,95,35,93,128,https://www.city.urasoe.lg.jp/doc/2026081000058/file_contents/202510nenrei-zentai.pdf
202510,21,668,652,1320,https://www.city.urasoe.lg.jp/doc/2026081000058/file_contents/202510nenrei-zentai.pdf
202510,46,782,756,1538,https://www.city.urasoe.lg.jp/doc/2026081000058/file_contents/202510nenrei-zentai.pdf
202510,71,575,689,1264,https://www.city.urasoe.lg.jp/doc/2026081000058/file_contents/202510nenrei-zentai.pdf
202510,96,27,74,101,https://www.city.urasoe.lg.jp/doc/2026081000058/file_contents/202510nenrei-zentai.pdf
202510,22,665,646,1311,https://www.city.urasoe.lg.jp/doc/2026081000058/file_contents/202510nenrei-zentai.pdf
202510,47,792,806,1598,https://www.city.urasoe.lg.jp/doc/2026081000058/file_contents/202510nenrei-zentai.pdf
202510,72,599,650,1249,https://www.city.urasoe.lg.jp/doc/2026081000058/file_contents/202510nenrei-zentai.pdf
202510,97,14,64,78,https://www.city.urasoe.lg.jp/doc/2026081000058/file_contents/202510nenrei-zentai.pdf
202510,23,669,602,1271,https://www.city.urasoe.lg.jp/doc/2026081000058/file_contents/202510nenrei-zentai.pdf
202510,48,777,825,1602,https://www.city.urasoe.lg.jp/doc/2026081000058/file_contents/202510nenrei-zentai.pdf
202510,73,570,724,1294,https://www.city.urasoe.lg.jp/doc/2026081000058/file_contents/202510nenrei-zentai.pdf
202510,98,7,54,61,https://www.city.urasoe.lg.jp/doc/2026081000058/file_contents/202510nenrei-zentai.pdf
202510,24,656,652,1308,https://www.city.urasoe.lg.jp/doc/2026081000058/file_contents/202510nenrei-zentai.pdf
202510,49,824,856,1680,https://www.city.urasoe.lg.jp/doc/2026081000058/file_contents/202510nenrei-zentai.pdf
202510,74,557,713,1270,https://www.city.urasoe.lg.jp/doc/2026081000058/file_contents/202510nenrei-zentai.pdf
202510,99,1,28,29,https://www.city.urasoe.lg.jp/doc/2026081000058/file_contents/202510nenrei-zentai.pdf
202510,100,0,17,17,https://www.city.urasoe.lg.jp/doc/2026081000058/file_contents/202510nenrei-zentai.pdf
202510,101,1,17,18,https://www.city.urasoe.lg.jp/doc/2026081000058/file_contents/202510nenrei-zentai.pdf
202511,0,480,467,947,https://www.city.urasoe.lg.jp/doc/2026081000058/file_contents/202511nenrei-zentai.pdf
202511,25,612,619,1231,https://www.city.urasoe.lg.jp/doc/2026081000058/file_contents/202511nenrei-zentai.pdf
202511,50,888,892,1780,https://www.city.urasoe.lg.jp/doc/2026081000058/file_contents/202511nenrei-zentai.pdf
202511,75,604,671,1275,https://www.city.urasoe.lg.jp/doc/2026081000058/file_contents/202511nenrei-zentai.pdf
202511,1,516,499,1015,https://www.city.urasoe.lg.jp/doc/2026081000058/file_contents/202511nenrei-zentai.pdf
202511,26,674,622,1296,https://www.city.urasoe.lg.jp/doc/2026081000058/file_contents/202511nenrei-zentai.pdf
202511,51,945,977,1922,https://www.city.urasoe.lg.jp/doc/2026081000058/file_contents/202511nenrei-zentai.pdf
202511,76,518,616,1134,https://www.city.urasoe.lg.jp/doc/2026081000058/file_contents/202511nenrei-zentai.pdf
202511,2,510,488,998,https://www.city.urasoe.lg.jp/doc/2026081000058/file_contents/202511nenrei-zentai.pdf
202511,27,669,652,1321,https://www.city.urasoe.lg.jp/doc/2026081000058/file_contents/202511nenrei-zentai.pdf
202511,52,879,967,1846,https://www.city.urasoe.lg.jp/doc/2026081000058/file_contents/202511nenrei-zentai.pdf
202511,77,551,621,1172,https://www.city.urasoe.lg.jp/doc/2026081000058/file_contents/202511nenrei-zentai.pdf
202511,3,585,547,1132,https://www.city.urasoe.lg.jp/doc/2026081000058/file_contents/202511nenrei-zentai.pdf
202511,28,654,679,1333,https://www.city.urasoe.lg.jp/doc/2026081000058/file_contents/202511nenrei-zentai.pdf
202511,53,888,866,1754,https://www.city.urasoe.lg.jp/doc/2026081000058/file_contents/202511nenrei-zentai.pdf
202511,78,476,560,1036,https://www.city.urasoe.lg.jp/doc/2026081000058/file_contents/202511nenrei-zentai.pdf
202511,4,613,541,1154,https://www.city.urasoe.lg.jp/doc/2026081000058/file_contents/202511nenrei-zentai.pdf
202511,29,694,654,1348,https://www.city.urasoe.lg.jp/doc/2026081000058/file_contents/202511nenrei-zentai.pdf
202511,54,834,865,1699,https://www.city.urasoe.lg.jp/doc/2026081000058/file_contents/202511nenrei-zentai.pdf
202511,79,236,280,516,https://www.city.urasoe.lg.jp/doc/2026081000058/file_contents/202511nenrei-zentai.pdf
202511,5,609,579,1188,https://www.city.urasoe.lg.jp/doc/2026081000058/file_contents/202511nenrei-zentai.pdf
202511,30,639,663,1302,https://www.city.urasoe.lg.jp/doc/2026081000058/file_contents/202511nenrei-zentai.pdf
202511,55,766,848,1614,https://www.city.urasoe.lg.jp/doc/2026081000058/file_contents/202511nenrei-zentai.pdf
202511,80,189,276,465,https://www.city.urasoe.lg.jp/doc/2026081000058/file_contents/202511nenrei-zentai.pdf
202511,6,577,550,1127,https://www.city.urasoe.lg.jp/doc/2026081000058/file_contents/202511nenrei-zentai.pdf
202511,31,625,684,1309,https://www.city.urasoe.lg.jp/doc/2026081000058/file_contents/202511nenrei-zentai.pdf
202511,56,810,799,1609,https://www.city.urasoe.lg.jp/doc/2026081000058/file_contents/202511nenrei-zentai.pdf
202511,81,279,395,674,https://www.city.urasoe.lg.jp/doc/2026081000058/file_contents/202511nenrei-zentai.pdf
202511,7,618,554,1172,https://www.city.urasoe.lg.jp/doc/2026081000058/file_contents/202511nenrei-zentai.pdf
202511,32,629,680,1309,https://www.city.urasoe.lg.jp/doc/2026081000058/file_contents/202511nenrei-zentai.pdf
202511,57,811,870,1681,https://www.city.urasoe.lg.jp/doc/2026081000058/file_contents/202511nenrei-zentai.pdf
202511,82,295,415,710,https://www.city.urasoe.lg.jp/doc/2026081000058/file_contents/202511nenrei-zentai.pdf
202511,8,623,620,1243,https://www.city.urasoe.lg.jp/doc/2026081000058/file_contents/202511nenrei-zentai.pdf
202511,33,656,633,1289,https://www.city.urasoe.lg.jp/doc/2026081000058/file_contents/202511nenrei-zentai.pdf
202511,58,814,861,1675,https://www.city.urasoe.lg.jp/doc/2026081000058/file_contents/202511nenrei-zentai.pdf
202511,83,281,379,660,https://www.city.urasoe.lg.jp/doc/2026081000058/file_contents/202511nenrei-zentai.pdf
202511,9,626,638,1264,https://www.city.urasoe.lg.jp/doc/2026081000058/file_contents/202511nenrei-zentai.pdf
202511,34,663,693,1356,https://www.city.urasoe.lg.jp/doc/2026081000058/file_contents/202511nenrei-zentai.pdf
202511,59,606,651,1257,https://www.city.urasoe.lg.jp/doc/2026081000058/file_contents/202511nenrei-zentai.pdf
202511,84,288,428,716,https://www.city.urasoe.lg.jp/doc/2026081000058/file_contents/202511nenrei-zentai.pdf
202511,10,622,657,1279,https://www.city.urasoe.lg.jp/doc/2026081000058/file_contents/202511nenrei-zentai.pdf
202511,35,660,681,1341,https://www.city.urasoe.lg.jp/doc/2026081000058/file_contents/202511nenrei-zentai.pdf
202511,60,659,725,1384,https://www.city.urasoe.lg.jp/doc/2026081000058/file_contents/202511nenrei-zentai.pdf
202511,85,249,383,632,https://www.city.urasoe.lg.jp/doc/2026081000058/file_contents/202511nenrei-zentai.pdf
202511,11,671,601,1272,https://www.city.urasoe.lg.jp/doc/2026081000058/file_contents/202511nenrei-zentai.pdf
202511,36,665,692,1357,https://www.city.urasoe.lg.jp/doc/2026081000058/file_contents/202511nenrei-zentai.pdf
202511,61,678,719,1397,https://www.city.urasoe.lg.jp/doc/2026081000058/file_contents/202511nenrei-zentai.pdf
202511,86,256,353,609,https://www.city.urasoe.lg.jp/doc/2026081000058/file_contents/202511nenrei-zentai.pdf
202511,12,659,614,1273,https://www.city.urasoe.lg.jp/doc/2026081000058/file_contents/202511nenrei-zentai.pdf
202511,37,672,709,1381,https://www.city.urasoe.lg.jp/doc/2026081000058/file_contents/202511nenrei-zentai.pdf
202511,62,655,774,1429,https://www.city.urasoe.lg.jp/doc/2026081000058/file_contents/202511nenrei-zentai.pdf
202511,87,221,289,510,https://www.city.urasoe.lg.jp/doc/2026081000058/file_contents/202511nenrei-zentai.pdf
202511,13,706,714,1420,https://www.city.urasoe.lg.jp/doc/2026081000058/file_contents/202511nenrei-zentai.pdf
202511,38,695,661,1356,https://www.city.urasoe.lg.jp/doc/2026081000058/file_contents/202511nenrei-zentai.pdf
202511,63,619,679,1298,https://www.city.urasoe.lg.jp/doc/2026081000058/file_contents/202511nenrei-zentai.pdf
202511,88,162,312,474,https://www.city.urasoe.lg.jp/doc/2026081000058/file_contents/202511nenrei-zentai.pdf
202511,14,686,689,1375,https://www.city.urasoe.lg.jp/doc/2026081000058/file_contents/202511nenrei-zentai.pdf
202511,39,729,750,1479,https://www.city.urasoe.lg.jp/doc/2026081000058/file_contents/202511nenrei-zentai.pdf
202511,64,680,708,1388,https://www.city.urasoe.lg.jp/doc/2026081000058/file_contents/202511nenrei-zentai.pdf
202511,89,155,294,449,https://www.city.urasoe.lg.jp/doc/2026081000058/file_contents/202511nenrei-zentai.pdf
202511,15,695,664,1359,https://www.city.urasoe.lg.jp/doc/2026081000058/file_contents/202511nenrei-zentai.pdf
202511,40,727,790,1517,https://www.city.urasoe.lg.jp/doc/2026081000058/file_contents/202511nenrei-zentai.pdf
202511,65,655,664,1319,https://www.city.urasoe.lg.jp/doc/2026081000058/file_contents/202511nenrei-zentai.pdf
202511,90,130,247,377,https://www.city.urasoe.lg.jp/doc/2026081000058/file_contents/202511nenrei-zentai.pdf
202511,16,709,659,1368,https://www.city.urasoe.lg.jp/doc/2026081000058/file_contents/202511nenrei-zentai.pdf
202511,41,759,773,1532,https://www.city.urasoe.lg.jp/doc/2026081000058/file_contents/202511nenrei-zentai.pdf
202511,66,627,651,1278,https://www.city.urasoe.lg.jp/doc/2026081000058/file_contents/202511nenrei-zentai.pdf
202511,91,96,244,340,https://www.city.urasoe.lg.jp/doc/2026081000058/file_contents/202511nenrei-zentai.pdf
202511,17,699,686,1385,https://www.city.urasoe.lg.jp/doc/2026081000058/file_contents/202511nenrei-zentai.pdf
202511,42,747,750,1497,https://www.city.urasoe.lg.jp/doc/2026081000058/file_contents/202511nenrei-zentai.pdf
202511,67,621,657,1278,https://www.city.urasoe.lg.jp/doc/2026081000058/file_contents/202511nenrei-zentai.pdf
202511,92,90,178,268,https://www.city.urasoe.lg.jp/doc/2026081000058/file_contents/202511nenrei-zentai.pdf
202511,18,714,670,1384,https://www.city.urasoe.lg.jp/doc/2026081000058/file_contents/202511nenrei-zentai.pdf
202511,43,717,715,1432,https://www.city.urasoe.lg.jp/doc/2026081000058/file_contents/202511nenrei-zentai.pdf
202511,68,577,596,1173,https://www.city.urasoe.lg.jp/doc/2026081000058/file_contents/202511nenrei-zentai.pdf
202511,93,48,156,204,https://www.city.urasoe.lg.jp/doc/2026081000058/file_contents/202511nenrei-zentai.pdf
202511,19,684,654,1338,https://www.city.urasoe.lg.jp/doc/2026081000058/file_contents/202511nenrei-zentai.pdf
202511,44,693,751,1444,https://www.city.urasoe.lg.jp/doc/2026081000058/file_contents/202511nenrei-zentai.pdf
202511,69,549,612,1161,https://www.city.urasoe.lg.jp/doc/2026081000058/file_contents/202511nenrei-zentai.pdf
202511,94,41,106,147,https://www.city.urasoe.lg.jp/doc/2026081000058/file_contents/202511nenrei-zentai.pdf
202511,20,613,589,1202,https://www.city.urasoe.lg.jp/doc/2026081000058/file_contents/202511nenrei-zentai.pdf
202511,45,713,781,1494,https://www.city.urasoe.lg.jp/doc/2026081000058/file_contents/202511nenrei-zentai.pdf
202511,70,573,655,1228,https://www.city.urasoe.lg.jp/doc/2026081000058/file_contents/202511nenrei-zentai.pdf
202511,95,37,92,129,https://www.city.urasoe.lg.jp/doc/2026081000058/file_contents/202511nenrei-zentai.pdf
202511,21,684,654,1338,https://www.city.urasoe.lg.jp/doc/2026081000058/file_contents/202511nenrei-zentai.pdf
202511,46,780,761,1541,https://www.city.urasoe.lg.jp/doc/2026081000058/file_contents/202511nenrei-zentai.pdf
202511,71,578,679,1257,https://www.city.urasoe.lg.jp/doc/2026081000058/file_contents/202511nenrei-zentai.pdf
202511,96,22,78,100,https://www.city.urasoe.lg.jp/doc/2026081000058/file_contents/202511nenrei-zentai.pdf
202511,22,654,643,1297,https://www.city.urasoe.lg.jp/doc/2026081000058/file_contents/202511nenrei-zentai.pdf
202511,47,803,819,1622,https://www.city.urasoe.lg.jp/doc/2026081000058/file_contents/202511nenrei-zentai.pdf
202511,72,583,656,1239,https://www.city.urasoe.lg.jp/doc/2026081000058/file_contents/202511nenrei-zentai.pdf
202511,97,20,60,80,https://www.city.urasoe.lg.jp/doc/2026081000058/file_contents/202511nenrei-zentai.pdf
202511,23,679,602,1281,https://www.city.urasoe.lg.jp/doc/2026081000058/file_contents/202511nenrei-zentai.pdf
202511,48,760,808,1568,https://www.city.urasoe.lg.jp/doc/2026081000058/file_contents/202511nenrei-zentai.pdf
202511,73,575,716,1291,https://www.city.urasoe.lg.jp/doc/2026081000058/file_contents/202511nenrei-zentai.pdf
202511,98,7,55,62,https://www.city.urasoe.lg.jp/doc/2026081000058/file_contents/202511nenrei-zentai.pdf
202511,24,639,654,1293,https://www.city.urasoe.lg.jp/doc/2026081000058/file_contents/202511nenrei-zentai.pdf
202511,49,821,850,1671,https://www.city.urasoe.lg.jp/doc/2026081000058/file_contents/202511nenrei-zentai.pdf
202511,74,562,734,1296,https://www.city.urasoe.lg.jp/doc/2026081000058/file_contents/202511nenrei-zentai.pdf
202511,99,1,30,31,https://www.city.urasoe.lg.jp/doc/2026081000058/file_contents/202511nenrei-zentai.pdf
202511,100,0,19,19,https://www.city.urasoe.lg.jp/doc/2026081000058/file_contents/202511nenrei-zentai.pdf
202511,101,1,13,14,https://www.city.urasoe.lg.jp/doc/2026081000058/file_contents/202511nenrei-zentai.pdf
202512,0,480,467,947,https://www.city.urasoe.lg.jp/doc/2026081000058/file_contents/202512nenrei-zentai.pdf
202512,25,643,632,1275,https://www.city.urasoe.lg.jp/doc/2026081000058/file_contents/202512nenrei-zentai.pdf
202512,50,879,885,1764,https://www.city.urasoe.lg.jp/doc/2026081000058/file_contents/202512nenrei-zentai.pdf
202512,75,604,674,1278,https://www.city.urasoe.lg.jp/doc/2026081000058/file_contents/202512nenrei-zentai.pdf
202512,1,504,497,1001,https://www.city.urasoe.lg.jp/doc/2026081000058/file_contents/202512nenrei-zentai.pdf
202512,26,650,611,1261,https://www.city.urasoe.lg.jp/doc/2026081000058/file_contents/202512nenrei-zentai.pdf
202512,51,933,957,1890,https://www.city.urasoe.lg.jp/doc/2026081000058/file_contents/202512nenrei-zentai.pdf
202512,76,530,625,1155,https://www.city.urasoe.lg.jp/doc/2026081000058/file_contents/202512nenrei-zentai.pdf
202512,2,515,479,994,https://www.city.urasoe.lg.jp/doc/2026081000058/file_contents/202512nenrei-zentai.pdf
202512,27,662,661,1323,https://www.city.urasoe.lg.jp/doc/2026081000058/file_contents/202512nenrei-zentai.pdf
202512,52,882,989,1871,https://www.city.urasoe.lg.jp/doc/2026081000058/file_contents/202512nenrei-zentai.pdf
202512,77,536,607,1143,https://www.city.urasoe.lg.jp/doc/2026081000058/file_contents/202512nenrei-zentai.pdf
202512,3,584,534,1118,https://www.city.urasoe.lg.jp/doc/2026081000058/file_contents/202512nenrei-zentai.pdf
202512,28,659,672,1331,https://www.city.urasoe.lg.jp/doc/2026081000058/file_contents/202512nenrei-zentai.pdf
202512,53,906,863,1769,https://www.city.urasoe.lg.jp/doc/2026081000058/file_contents/202512nenrei-zentai.pdf
202512,78,508,592,1100,https://www.city.urasoe.lg.jp/doc/2026081000058/file_contents/202512nenrei-zentai.pdf
202512,4,611,544,1155,https://www.city.urasoe.lg.jp/doc/2026081000058/file_contents/202512nenrei-zentai.pdf
202512,29,716,659,1375,https://www.city.urasoe.lg.jp/doc/2026081000058/file_contents/202512nenrei-zentai.pdf
202512,54,833,874,1707,https://www.city.urasoe.lg.jp/doc/2026081000058/file_contents/202512nenrei-zentai.pdf
202512,79,243,289,532,https://www.city.urasoe.lg.jp/doc/2026081000058/file_contents/202512nenrei-zentai.pdf
202512,5,608,590,1198,https://www.city.urasoe.lg.jp/doc/2026081000058/file_contents/202512nenrei-zentai.pdf
202512,30,632,671,1303,https://www.city.urasoe.lg.jp/doc/2026081000058/file_contents/202512nenrei-zentai.pdf
202512,55,760,855,1615,https://www.city.urasoe.lg.jp/doc/2026081000058/file_contents/202512nenrei-zentai.pdf
202512,80,184,265,449,https://www.city.urasoe.lg.jp/doc/2026081000058/file_contents/202512nenrei-zentai.pdf
202512,6,589,543,1132,https://www.city.urasoe.lg.jp/doc/2026081000058/file_contents/202512nenrei-zentai.pdf
202512,31,630,658,1288,https://www.city.urasoe.lg.jp/doc/2026081000058/file_contents/202512nenrei-zentai.pdf
202512,56,805,787,1592,https://www.city.urasoe.lg.jp/doc/2026081000058/file_contents/202512nenrei-zentai.pdf
202512,81,281,380,661,https://www.city.urasoe.lg.jp/doc/2026081000058/file_contents/202512nenrei-zentai.pdf
202512,7,608,551,1159,https://www.city.urasoe.lg.jp/doc/2026081000058/file_contents/202512nenrei-zentai.pdf
202512,32,645,696,1341,https://www.city.urasoe.lg.jp/doc/2026081000058/file_contents/202512nenrei-zentai.pdf
202512,57,814,877,1691,https://www.city.urasoe.lg.jp/doc/2026081000058/file_contents/202512nenrei-zentai.pdf
202512,82,296,415,711,https://www.city.urasoe.lg.jp/doc/2026081000058/file_contents/202512nenrei-zentai.pdf
202512,8,623,611,1234,https://www.city.urasoe.lg.jp/doc/2026081000058/file_contents/202512nenrei-zentai.pdf
202512,33,648,633,1281,https://www.city.urasoe.lg.jp/doc/2026081000058/file_contents/202512nenrei-zentai.pdf
202512,58,819,857,1676,https://www.city.urasoe.lg.jp/doc/2026081000058/file_contents/202512nenrei-zentai.pdf
202512,83,274,381,655,https://www.city.urasoe.lg.jp/doc/2026081000058/file_contents/202512nenrei-zentai.pdf
202512,9,611,639,1250,https://www.city.urasoe.lg.jp/doc/2026081000058/file_contents/202512nenrei-zentai.pdf
202512,34,648,682,1330,https://www.city.urasoe.lg.jp/doc/2026081000058/file_contents/202512nenrei-zentai.pdf
202512,59,616,651,1267,https://www.city.urasoe.lg.jp/doc/2026081000058/file_contents/202512nenrei-zentai.pdf
202512,84,286,432,718,https://www.city.urasoe.lg.jp/doc/2026081000058/file_contents/202512nenrei-zentai.pdf
202512,10,625,653,1278,https://www.city.urasoe.lg.jp/doc/2026081000058/file_contents/202512nenrei-zentai.pdf
202512,35,657,689,1346,https://www.city.urasoe.lg.jp/doc/2026081000058/file_contents/202512nenrei-zentai.pdf
202512,60,656,735,1391,https://www.city.urasoe.lg.jp/doc/2026081000058/file_contents/202512nenrei-zentai.pdf
202512,85,255,385,640,https://www.city.urasoe.lg.jp/doc/2026081000058/file_contents/202512nenrei-zentai.pdf
202512,11,660,605,1265,https://www.city.urasoe.lg.jp/doc/2026081000058/file_contents/202512nenrei-zentai.pdf
202512,36,672,675,1347,https://www.city.urasoe.lg.jp/doc/2026081000058/file_contents/202512nenrei-zentai.pdf
202512,61,678,713,1391,https://www.city.urasoe.lg.jp/doc/2026081000058/file_contents/202512nenrei-zentai.pdf
202512,86,253,358,611,https://www.city.urasoe.lg.jp/doc/2026081000058/file_contents/202512nenrei-zentai.pdf
202512,12,672,622,1294,https://www.city.urasoe.lg.jp/doc/2026081000058/file_contents/202512nenrei-zentai.pdf
202512,37,674,717,1391,https://www.city.urasoe.lg.jp/doc/2026081000058/file_contents/202512nenrei-zentai.pdf
202512,62,643,767,1410,https://www.city.urasoe.lg.jp/doc/2026081000058/file_contents/202512nenrei-zentai.pdf
202512,87,223,293,516,https://www.city.urasoe.lg.jp/doc/2026081000058/file_contents/202512nenrei-zentai.pdf
202512,13,695,702,1397,https://www.city.urasoe.lg.jp/doc/2026081000058/file_contents/202512nenrei-zentai.pdf
202512,38,681,668,1349,https://www.city.urasoe.lg.jp/doc/2026081000058/file_contents/202512nenrei-zentai.pdf
202512,63,632,690,1322,https://www.city.urasoe.lg.jp/doc/2026081000058/file_contents/202512nenrei-zentai.pdf
202512,88,169,303,472,https://www.city.urasoe.lg.jp/doc/2026081000058/file_contents/202512nenrei-zentai.pdf
202512,14,702,692,1394,https://www.city.urasoe.lg.jp/doc/2026081000058/file_contents/202512nenrei-zentai.pdf
202512,39,748,732,1480,https://www.city.urasoe.lg.jp/doc/2026081000058/file_contents/202512nenrei-zentai.pdf
202512,64,681,704,1385,https://www.city.urasoe.lg.jp/doc/2026081000058/file_contents/202512nenrei-zentai.pdf
202512,89,148,295,443,https://www.city.urasoe.lg.jp/doc/2026081000058/file_contents/202512nenrei-zentai.pdf
202512,15,680,664,1344,https://www.city.urasoe.lg.jp/doc/2026081000058/file_contents/202512nenrei-zentai.pdf
202512,40,734,794,1528,https://www.city.urasoe.lg.jp/doc/2026081000058/file_contents/202512nenrei-zentai.pdf
202512,65,652,665,1317,https://www.city.urasoe.lg.jp/doc/2026081000058/file_contents/202512nenrei-zentai.pdf
202512,90,127,252,379,https://www.city.urasoe.lg.jp/doc/2026081000058/file_contents/202512nenrei-zentai.pdf
202512,16,721,660,1381,https://www.city.urasoe.lg.jp/doc/2026081000058/file_contents/202512nenrei-zentai.pdf
202512,41,750,781,1531,https://www.city.urasoe.lg.jp/doc/2026081000058/file_contents/202512nenrei-zentai.pdf
202512,66,611,654,1265,https://www.city.urasoe.lg.jp/doc/2026081000058/file_contents/202512nenrei-zentai.pdf
202512,91,98,230,328,https://www.city.urasoe.lg.jp/doc/2026081000058/file_contents/202512nenrei-zentai.pdf
202512,17,689,681,1370,https://www.city.urasoe.lg.jp/doc/2026081000058/file_contents/202512nenrei-zentai.pdf
202512,42,739,758,1497,https://www.city.urasoe.lg.jp/doc/2026081000058/file_contents/202512nenrei-zentai.pdf
202512,67,640,652,1292,https://www.city.urasoe.lg.jp/doc/2026081000058/file_contents/202512nenrei-zentai.pdf
202512,92,90,184,274,https://www.city.urasoe.lg.jp/doc/2026081000058/file_contents/202512nenrei-zentai.pdf
202512,18,720,661,1381,https://www.city.urasoe.lg.jp/doc/2026081000058/file_contents/202512nenrei-zentai.pdf
202512,43,722,712,1434,https://www.city.urasoe.lg.jp/doc/2026081000058/file_contents/202512nenrei-zentai.pdf
202512,68,563,592,1155,https://www.city.urasoe.lg.jp/doc/2026081000058/file_contents/202512nenrei-zentai.pdf
202512,93,51,154,205,https://www.city.urasoe.lg.jp/doc/2026081000058/file_contents/202512nenrei-zentai.pdf
202512,19,682,654,1336,https://www.city.urasoe.lg.jp/doc/2026081000058/file_contents/202512nenrei-zentai.pdf
202512,44,691,754,1445,https://www.city.urasoe.lg.jp/doc/2026081000058/file_contents/202512nenrei-zentai.pdf
202512,69,556,623,1179,https://www.city.urasoe.lg.jp/doc/2026081000058/file_contents/202512nenrei-zentai.pdf
202512,94,42,113,155,https://www.city.urasoe.lg.jp/doc/2026081000058/file_contents/202512nenrei-zentai.pdf
202512,20,631,610,1241,https://www.city.urasoe.lg.jp/doc/2026081000058/file_contents/202512nenrei-zentai.pdf
202512,45,718,772,1490,https://www.city.urasoe.lg.jp/doc/2026081000058/file_contents/202512nenrei-zentai.pdf
202512,70,568,634,1202,https://www.city.urasoe.lg.jp/doc/2026081000058/file_contents/202512nenrei-zentai.pdf
202512,95,37,92,129,https://www.city.urasoe.lg.jp/doc/2026081000058/file_contents/202512nenrei-zentai.pdf
202512,21,674,639,1313,https://www.city.urasoe.lg.jp/doc/2026081000058/file_contents/202512nenrei-zentai.pdf
202512,46,775,771,1546,https://www.city.urasoe.lg.jp/doc/2026081000058/file_contents/202512nenrei-zentai.pdf
202512,71,576,687,1263,https://www.city.urasoe.lg.jp/doc/2026081000058/file_contents/202512nenrei-zentai.pdf
202512,96,21,80,101,https://www.city.urasoe.lg.jp/doc/2026081000058/file_contents/202512nenrei-zentai.pdf
202512,22,654,654,1308,https://www.city.urasoe.lg.jp/doc/2026081000058/file_contents/202512nenrei-zentai.pdf
202512,47,801,811,1612,https://www.city.urasoe.lg.jp/doc/2026081000058/file_contents/202512nenrei-zentai.pdf
202512,72,579,678,1257,https://www.city.urasoe.lg.jp/doc/2026081000058/file_contents/202512nenrei-zentai.pdf
202512,97,21,63,84,https://www.city.urasoe.lg.jp/doc/2026081000058/file_contents/202512nenrei-zentai.pdf
202512,23,685,598,1283,https://www.city.urasoe.lg.jp/doc/2026081000058/file_contents/202512nenrei-zentai.pdf
202512,48,752,799,1551,https://www.city.urasoe.lg.jp/doc/2026081000058/file_contents/202512nenrei-zentai.pdf
202512,73,583,694,1277,https://www.city.urasoe.lg.jp/doc/2026081000058/file_contents/202512nenrei-zentai.pdf
202512,98,8,49,57,https://www.city.urasoe.lg.jp/doc/2026081000058/file_contents/202512nenrei-zentai.pdf
202512,24,632,657,1289,https://www.city.urasoe.lg.jp/doc/2026081000058/file_contents/202512nenrei-zentai.pdf
202512,49,831,850,1681,https://www.city.urasoe.lg.jp/doc/2026081000058/file_contents/202512nenrei-zentai.pdf
202512,74,561,745,1306,https://www.city.urasoe.lg.jp/doc/2026081000058/file_contents/202512nenrei-zentai.pdf
202512,99,1,28,29,https://www.city.urasoe.lg.jp/doc/2026081000058/file_contents/202512nenrei-zentai.pdf
202512,100,0,20,20,https://www.city.urasoe.lg.jp/doc/2026081000058/file_contents/202512nenrei-zentai.pdf
202512,101,1,15,16,https://www.city.urasoe.lg.jp/doc/2026081000058/file_contents/202512nenrei-zentai.pdf
